  0
SECTION
  2
HEADER
  9
$ACADVER
  1
AC1032
  9
$ACADMAINTVER
 90
      174
  9
$DWGCODEPAGE
  3
ANSI_1252
  9
$LASTSAVEDBY
  1
dell_trabajo
  9
$REQUIREDVERSIONS
160
                 0
  9
$INSBASE
 10
0.0
 20
0.0
 30
0.0
  9
$EXTMIN
 10
-2239.469829869107
 20
-4228.489441185897
 30
0.0
  9
$EXTMAX
 10
4280.675683768939
 20
-776.6703932509092
 30
0.0
  9
$LIMMIN
 10
0.0
 20
0.0
  9
$LIMMAX
 10
420.0
 20
297.0
  9
$ORTHOMODE
 70
     0
  9
$REGENMODE
 70
     1
  9
$FILLMODE
 70
     1
  9
$QTEXTMODE
 70
     0
  9
$MIRRTEXT
 70
     0
  9
$LTSCALE
 40
1.0
  9
$ATTMODE
 70
     1
  9
$TEXTSIZE
 40
2.5
  9
$TRACEWID
 40
1.0
  9
$TEXTSTYLE
  7
Standard
  9
$CLAYER
  8
BOTONES
  9
$CELTYPE
  6
ByLayer
  9
$CECOLOR
 62
   256
  9
$CELTSCALE
 40
1.0
  9
$DISPSILH
 70
     0
  9
$DIMSCALE
 40
1.0
  9
$DIMASZ
 40
2.5
  9
$DIMEXO
 40
0.625
  9
$DIMDLI
 40
3.75
  9
$DIMRND
 40
0.0
  9
$DIMDLE
 40
0.0
  9
$DIMEXE
 40
1.25
  9
$DIMTP
 40
0.0
  9
$DIMTM
 40
0.0
  9
$DIMTXT
 40
2.5
  9
$DIMCEN
 40
2.5
  9
$DIMTSZ
 40
0.0
  9
$DIMTOL
 70
     0
  9
$DIMLIM
 70
     0
  9
$DIMTIH
 70
     0
  9
$DIMTOH
 70
     0
  9
$DIMSE1
 70
     0
  9
$DIMSE2
 70
     0
  9
$DIMTAD
 70
     1
  9
$DIMZIN
 70
     8
  9
$DIMBLK
  1

  9
$DIMASO
 70
     1
  9
$DIMSHO
 70
     1
  9
$DIMPOST
  1

  9
$DIMAPOST
  1

  9
$DIMALT
 70
     0
  9
$DIMALTD
 70
     3
  9
$DIMALTF
 40
0.03937007874016
  9
$DIMLFAC
 40
1.0
  9
$DIMTOFL
 70
     1
  9
$DIMTVP
 40
0.0
  9
$DIMTIX
 70
     0
  9
$DIMSOXD
 70
     0
  9
$DIMSAH
 70
     0
  9
$DIMBLK1
  1

  9
$DIMBLK2
  1

  9
$DIMSTYLE
  2
ISO-25
  9
$DIMCLRD
 70
     0
  9
$DIMCLRE
 70
     0
  9
$DIMCLRT
 70
     0
  9
$DIMTFAC
 40
1.0
  9
$DIMGAP
 40
0.625
  9
$DIMJUST
 70
     0
  9
$DIMSD1
 70
     0
  9
$DIMSD2
 70
     0
  9
$DIMTOLJ
 70
     0
  9
$DIMTZIN
 70
     8
  9
$DIMALTZ
 70
     0
  9
$DIMALTTZ
 70
     0
  9
$DIMUPT
 70
     0
  9
$DIMDEC
 70
     2
  9
$DIMTDEC
 70
     2
  9
$DIMALTU
 70
     2
  9
$DIMALTTD
 70
     3
  9
$DIMTXSTY
  7
Standard
  9
$DIMAUNIT
 70
     0
  9
$DIMADEC
 70
     0
  9
$DIMALTRND
 40
0.0
  9
$DIMAZIN
 70
     0
  9
$DIMDSEP
 70
    44
  9
$DIMATFIT
 70
     3
  9
$DIMFRAC
 70
     0
  9
$DIMLDRBLK
  1

  9
$DIMLUNIT
 70
     2
  9
$DIMLWD
 70
    -2
  9
$DIMLWE
 70
    -2
  9
$DIMTMOVE
 70
     0
  9
$DIMFXL
 40
1.0
  9
$DIMFXLON
 70
     0
  9
$DIMJOGANG
 40
1.570796326794896
  9
$DIMTFILL
 70
     0
  9
$DIMTFILLCLR
 70
     0
  9
$DIMARCSYM
 70
     0
  9
$DIMLTYPE
  6

  9
$DIMLTEX1
  6

  9
$DIMLTEX2
  6

  9
$DIMTXTDIRECTION
 70
     0
  9
$LUNITS
 70
     2
  9
$LUPREC
 70
     4
  9
$SKETCHINC
 40
1.0
  9
$FILLETRAD
 40
0.0
  9
$AUNITS
 70
     0
  9
$AUPREC
 70
     0
  9
$MENU
  1
.
  9
$ELEVATION
 40
0.0
  9
$PELEVATION
 40
0.0
  9
$THICKNESS
 40
0.0
  9
$LIMCHECK
 70
     0
  9
$CHAMFERA
 40
0.0
  9
$CHAMFERB
 40
0.0
  9
$CHAMFERC
 40
0.0
  9
$CHAMFERD
 40
0.0
  9
$SKPOLY
 70
     0
  9
$TDCREATE
 40
2460671.343090278
  9
$TDUCREATE
 40
2460671.468090278
  9
$TDUPDATE
 40
2461083.433483796
  9
$TDUUPDATE
 40
2461083.558483796
  9
$TDINDWG
 40
2.0691550926
  9
$TDUSRTIMER
 40
2.0691550926
  9
$USRTIMER
 70
     1
  9
$ANGBASE
 50
0.0
  9
$ANGDIR
 70
     0
  9
$PDMODE
 70
     0
  9
$PDSIZE
 40
0.0
  9
$PLINEWID
 40
0.0
  9
$SPLFRAME
 70
     0
  9
$SPLINETYPE
 70
     6
  9
$SPLINESEGS
 70
     8
  9
$HANDSEED
  5
D01A
  9
$SURFTAB1
 70
     6
  9
$SURFTAB2
 70
     6
  9
$SURFTYPE
 70
     6
  9
$SURFU
 70
     6
  9
$SURFV
 70
     6
  9
$UCSBASE
  2

  9
$UCSNAME
  2

  9
$UCSORG
 10
0.0
 20
0.0
 30
0.0
  9
$UCSXDIR
 10
1.0
 20
0.0
 30
0.0
  9
$UCSYDIR
 10
0.0
 20
1.0
 30
0.0
  9
$UCSORTHOREF
  2

  9
$UCSORTHOVIEW
 70
     0
  9
$UCSORGTOP
 10
0.0
 20
0.0
 30
0.0
  9
$UCSORGBOTTOM
 10
0.0
 20
0.0
 30
0.0
  9
$UCSORGLEFT
 10
0.0
 20
0.0
 30
0.0
  9
$UCSORGRIGHT
 10
0.0
 20
0.0
 30
0.0
  9
$UCSORGFRONT
 10
0.0
 20
0.0
 30
0.0
  9
$UCSORGBACK
 10
0.0
 20
0.0
 30
0.0
  9
$PUCSBASE
  2

  9
$PUCSNAME
  2

  9
$PUCSORG
 10
0.0
 20
0.0
 30
0.0
  9
$PUCSXDIR
 10
1.0
 20
0.0
 30
0.0
  9
$PUCSYDIR
 10
0.0
 20
1.0
 30
0.0
  9
$PUCSORTHOREF
  2

  9
$PUCSORTHOVIEW
 70
     0
  9
$PUCSORGTOP
 10
0.0
 20
0.0
 30
0.0
  9
$PUCSORGBOTTOM
 10
0.0
 20
0.0
 30
0.0
  9
$PUCSORGLEFT
 10
0.0
 20
0.0
 30
0.0
  9
$PUCSORGRIGHT
 10
0.0
 20
0.0
 30
0.0
  9
$PUCSORGFRONT
 10
0.0
 20
0.0
 30
0.0
  9
$PUCSORGBACK
 10
0.0
 20
0.0
 30
0.0
  9
$USERI1
 70
     0
  9
$USERI2
 70
     0
  9
$USERI3
 70
     0
  9
$USERI4
 70
     0
  9
$USERI5
 70
     0
  9
$USERR1
 40
0.0
  9
$USERR2
 40
0.0
  9
$USERR3
 40
0.0
  9
$USERR4
 40
0.0
  9
$USERR5
 40
0.0
  9
$WORLDVIEW
 70
     1
  9
$SHADEDGE
 70
     3
  9
$SHADEDIF
 70
    70
  9
$TILEMODE
 70
     1
  9
$MAXACTVP
 70
    64
  9
$PINSBASE
 10
0.0
 20
0.0
 30
0.0
  9
$PLIMCHECK
 70
     0
  9
$PEXTMIN
 10
332.8749144956122
 20
-2.801650862131396
 30
0.0
  9
$PEXTMAX
 10
752.8749144956131
 20
294.1983491378688
 30
0.0
  9
$PLIMMIN
 10
331.797550088705
 20
-3.427751767272184
  9
$PLIMMAX
 10
753.2116915028463
 20
294.5722482327278
  9
$UNITMODE
 70
     0
  9
$VISRETAIN
 70
     1
  9
$PLINEGEN
 70
     0
  9
$PSLTSCALE
 70
     1
  9
$TREEDEPTH
 70
  3020
  9
$CMLSTYLE
  2
Standard
  9
$CMLJUST
 70
     0
  9
$CMLSCALE
 40
20.0
  9
$PROXYGRAPHICS
 70
     1
  9
$MEASUREMENT
 70
     1
  9
$CELWEIGHT
370
    -1
  9
$ENDCAPS
280
     0
  9
$JOINSTYLE
280
     0
  9
$LWDISPLAY
290
     1
  9
$INSUNITS
 70
     4
  9
$HYPERLINKBASE
  1

  9
$STYLESHEET
  1

  9
$XEDIT
290
     1
  9
$CEPSNTYPE
380
     0
  9
$PSTYLEMODE
290
     1
  9
$FINGERPRINTGUID
  2
{9C035167-98FE-F444-BAA6-E73506F289CB}
  9
$VERSIONGUID
  2
{879E5314-0116-9143-9333-F73F735F46C1}
  9
$EXTNAMES
290
     1
  9
$PSVPSCALE
 40
0.0
  9
$OLESTARTUP
290
     0
  9
$SORTENTS
280
   127
  9
$INDEXCTL
280
     0
  9
$HIDETEXT
280
     1
  9
$XCLIPFRAME
280
     2
  9
$HALOGAP
280
     0
  9
$OBSCOLOR
 70
   257
  9
$OBSLTYPE
280
     0
  9
$INTERSECTIONDISPLAY
280
     0
  9
$INTERSECTIONCOLOR
 70
   257
  9
$DIMASSOC
280
     2
  9
$PROJECTNAME
  1

  9
$CAMERADISPLAY
290
     0
  9
$LENSLENGTH
 40
50.0
  9
$CAMERAHEIGHT
 40
0.0
  9
$STEPSPERSEC
 40
2.0
  9
$STEPSIZE
 40
6.0
  9
$3DDWFPREC
 40
2.0
  9
$PSOLWIDTH
 40
0.25
  9
$PSOLHEIGHT
 40
4.0
  9
$LOFTANG1
 40
1.570796326794896
  9
$LOFTANG2
 40
1.570796326794896
  9
$LOFTMAG1
 40
0.0
  9
$LOFTMAG2
 40
0.0
  9
$LOFTPARAM
 70
     7
  9
$LOFTNORMALS
280
     1
  9
$LATITUDE
 40
37.795
  9
$LONGITUDE
 40
-122.394
  9
$NORTHDIRECTION
 40
0.0
  9
$TIMEZONE
 70
 -8000
  9
$LIGHTGLYPHDISPLAY
280
     1
  9
$TILEMODELIGHTSYNCH
280
     1
  9
$CMATERIAL
347
11
  9
$SOLIDHIST
280
     0
  9
$SHOWHIST
280
     1
  9
$DWFFRAME
280
     2
  9
$DGNFRAME
280
     0
  9
$REALWORLDSCALE
290
     1
  9
$INTERFERECOLOR
 62
     1
  9
$INTERFEREOBJVS
345
33
  9
$INTERFEREVPVS
346
30
  9
$CSHADOW
280
     0
  9
$SHADOWPLANELOCATION
 40
0.0
  0
ENDSEC
  0
SECTION
  2
CLASSES
  0
CLASS
  1
ACDBDICTIONARYWDFLT
  2
AcDbDictionaryWithDefault
  3
ObjectDBX Classes
 90
        0
 91
        1
280
     0
281
     0
  0
CLASS
  1
MATERIAL
  2
AcDbMaterial
  3
ObjectDBX Classes
 90
     1153
 91
        3
280
     0
281
     0
  0
CLASS
  1
VISUALSTYLE
  2
AcDbVisualStyle
  3
ObjectDBX Classes
 90
     4095
 91
       24
280
     0
281
     0
  0
CLASS
  1
SCALE
  2
AcDbScale
  3
ObjectDBX Classes
 90
     1153
 91
       17
280
     0
281
     0
  0
CLASS
  1
TABLESTYLE
  2
AcDbTableStyle
  3
ObjectDBX Classes
 90
     4095
 91
        1
280
     0
281
     0
  0
CLASS
  1
MLEADERSTYLE
  2
AcDbMLeaderStyle
  3
ACDB_MLEADERSTYLE_CLASS
 90
     4095
 91
        1
280
     0
281
     0
  0
CLASS
  1
ACDBSECTIONVIEWSTYLE
  2
AcDbSectionViewStyle
  3
ObjectDBX Classes
 90
     1025
 91
        1
280
     0
281
     0
  0
CLASS
  1
ACDBDETAILVIEWSTYLE
  2
AcDbDetailViewStyle
  3
ObjectDBX Classes
 90
     1025
 91
        1
280
     0
281
     0
  0
CLASS
  1
DICTIONARYVAR
  2
AcDbDictionaryVar
  3
ObjectDBX Classes
 90
        0
 91
        9
280
     0
281
     0
  0
CLASS
  1
RAPIDRTRENDERSETTINGS
  2
AcDbRapidRTRenderSettings
  3
ObjectDBX Classes
 90
     1024
 91
        7
280
     0
281
     0
  0
CLASS
  1
SORTENTSTABLE
  2
AcDbSortentsTable
  3
ObjectDBX Classes
 90
        0
 91
       12
280
     0
281
     0
  0
CLASS
  1
IMAGEDEF
  2
AcDbRasterImageDef
  3
ISM
 90
        0
 91
        2
280
     0
281
     0
  0
CLASS
  1
IMAGEDEF_REACTOR
  2
AcDbRasterImageDefReactor
  3
ISM
 90
        1
 91
        0
280
     0
281
     0
  0
CLASS
  1
IMAGE
  2
AcDbRasterImage
  3
ISM
 90
     2175
 91
        0
280
     0
281
     1
  0
CLASS
  1
RASTERVARIABLES
  2
AcDbRasterVariables
  3
ISM
 90
        0
 91
        1
280
     0
281
     0
  0
CLASS
  1
DIMASSOC
  2
AcDbDimAssoc
  3
"AcDbDimAssoc|Product Desc:     AcDim ARX App For Dimension|Company:          Autodesk, Inc.|WEB Address:      www.autodesk.com"
 90
        0
 91
        0
280
     0
281
     0
  0
CLASS
  1
SOLID_BACKGROUND
  2
AcDbSolidBackground
  3
SCENEOE
 90
     4095
 91
        0
280
     0
281
     0
  0
CLASS
  1
NPOCOLLECTION
  2
AcDbImpNonPersistentObjectsCollection
  3
ObjectDBX Classes
 90
     1153
 91
        0
280
     0
281
     0
  0
CLASS
  1
EXACXREFPANELOBJECT
  2
ExAcXREFPanelObject
  3
EXAC_ESW
 90
     1025
 91
        0
280
     0
281
     0
  0
CLASS
  1
ACAD_TABLE
  2
AcDbTable
  3
ObjectDBX Classes
 90
     1025
 91
        1
280
     0
281
     1
  0
CLASS
  1
TABLECONTENT
  2
AcDbTableContent
  3
ObjectDBX Classes
 90
     1152
 91
        1
280
     0
281
     0
  0
CLASS
  1
TABLEGEOMETRY
  2
AcDbTableGeometry
  3
ObjectDBX Classes
 90
     1152
 91
        1
280
     0
281
     0
  0
CLASS
  1
CELLSTYLEMAP
  2
AcDbCellStyleMap
  3
ObjectDBX Classes
 90
     1152
 91
        2
280
     0
281
     0
  0
ENDSEC
  0
SECTION
  2
TABLES
  0
TABLE
  2
VPORT
  5
8
330
0
100
AcDbSymbolTable
 70
     1
  0
VPORT
  5
57
330
8
100
AcDbSymbolTableRecord
100
AcDbViewportTableRecord
  2
*Active
 70
     0
 10
0.0
 20
0.0
 11
1.0
 21
1.0
 12
-4054.890708299907
 22
-2761.867905232738
 13
0.0
 23
0.0
 14
10.0
 24
10.0
 15
10.0
 25
10.0
 16
0.000000000003638
 26
0.0
 36
16123.25804999596
 17
2721.392349243164
 27
275.6461486816406
 37
0.0
 40
527.2544812965443
 41
2.41087231352718
 42
50.0
 43
0.0
 44
0.0
 50
0.0
 51
0.0
 71
     0
 72
  1000
 73
     1
 74
     3
 75
     0
 76
     0
 77
     0
 78
     0
281
     0
 65
     1
110
0.0
120
0.0
130
0.0
111
1.0
121
0.0
131
0.0
112
0.0
122
1.0
132
0.0
 79
     0
146
0.0
348
2F
 60
     3
 61
     5
292
     1
282
     1
141
0.0
142
0.0
 63
   250
421
  3355443
1001
ACAD_NAV_VCDISPLAY
1070
     3
  0
ENDTAB
  0
TABLE
  2
LTYPE
  5
5
330
0
100
AcDbSymbolTable
 70
     8
  0
LTYPE
  5
5B
330
5
100
AcDbSymbolTableRecord
100
AcDbLinetypeTableRecord
  2
ByBlock
 70
     0
  3

 72
    65
 73
     0
 40
0.0
  0
LTYPE
  5
5C
330
5
100
AcDbSymbolTableRecord
100
AcDbLinetypeTableRecord
  2
ByLayer
 70
     0
  3

 72
    65
 73
     0
 40
0.0
  0
LTYPE
  5
5D
330
5
100
AcDbSymbolTableRecord
100
AcDbLinetypeTableRecord
  2
Continuous
 70
     0
  3
Solid line
 72
    65
 73
     0
 40
0.0
  0
LTYPE
  5
95
330
5
100
AcDbSymbolTableRecord
100
AcDbLinetypeTableRecord
  2
PDF_IMPORT
 70
     0
  3

 72
    65
 73
     2
 40
1.0
 49
0.8
 74
     0
 49
-0.2
 74
     0
  0
LTYPE
  5
ABFD
330
5
100
AcDbSymbolTableRecord
100
AcDbLinetypeTableRecord
  2
JIS_02_1.2
 70
     0
  3
HIDDEN01.25  _ _ _ _ _ _ _ _ _ _ _ _ _ _ _ _ _
 72
    65
 73
     2
 40
2.5
 49
1.25
 74
     0
 49
-1.25
 74
     0
  0
LTYPE
  5
B4DA
330
5
100
AcDbSymbolTableRecord
100
AcDbLinetypeTableRecord
  2
CENTROX2
 70
     0
  3
trazo largo, trazo corto (2x) ________  __  ___
 72
    65
 73
     4
 40
4.0
 49
2.5
 74
     0
 49
-0.5
 74
     0
 49
0.5
 74
     0
 49
-0.5
 74
     0
  0
LTYPE
  5
B4DB
330
5
100
AcDbSymbolTableRecord
100
AcDbLinetypeTableRecord
  2
ACISOTGL
 70
     0
  3
_ _ _ _ _
 72
    65
 73
     2
 40
3.0
 49
2.0
 74
     0
 49
-1.0
 74
     0
  0
LTYPE
  5
BC2C
330
5
100
AcDbSymbolTableRecord
100
AcDbLinetypeTableRecord
  2
PUNTOS2
 70
     0
  3
puntos (.5x) ..................................
 72
    65
 73
     2
 40
3.174999999999999
 49
0.0
 74
     0
 49
-3.174999999999999
 74
     0
  0
LTYPE
  5
BC2D
330
5
100
AcDbSymbolTableRecord
100
AcDbLinetypeTableRecord
  2
JIS_02_0.7
 70
     0
  3
HIDDEN0.75 _ _ _ _ _ _ _ _ _ _ _ _ _ _ _ _ _
 72
    65
 73
     2
 40
1.35
 49
0.75
 74
     0
 49
-0.6
 74
     0
  0
ENDTAB
  0
TABLE
  2
LAYER
  5
2
102
{ACAD_XDICTIONARY
360
92F7
102
}
330
0
100
AcDbSymbolTable
 70
    36
  0
LAYER
  5
54
330
2
100
AcDbSymbolTableRecord
100
AcDbLayerTableRecord
  2
0
 70
     0
 62
     7
  6
Continuous
370
    -3
390
F
347
21
348
0
  0
LAYER
  5
9206
330
2
100
AcDbSymbolTableRecord
100
AcDbLayerTableRecord
  2
Defpoints
 70
     0
 62
     7
  6
Continuous
290
     0
370
    -3
390
F
347
21
348
0
  0
LAYER
  5
9486
102
{ACAD_XDICTIONARY
360
9487
102
}
330
2
100
AcDbSymbolTableRecord
100
AcDbLayerTableRecord
  2
Rotulos
 70
     0
 62
     7
  6
Continuous
370
    40
390
F
347
21
348
0
  0
LAYER
  5
9488
102
{ACAD_XDICTIONARY
360
9489
102
}
330
2
100
AcDbSymbolTableRecord
100
AcDbLayerTableRecord
  2
VWpoint
 70
     0
 62
     3
  6
Continuous
290
     0
370
     5
390
F
347
21
348
0
1001
AcAecLayerStandard
1000

1000

  0
LAYER
  5
980F
330
2
100
AcDbSymbolTableRecord
100
AcDbLayerTableRecord
  2
PDF2_Geometría
 70
     0
 62
     7
  6
Continuous
370
    -3
390
F
347
21
348
0
  0
LAYER
  5
9810
330
2
100
AcDbSymbolTableRecord
100
AcDbLayerTableRecord
  2
PDF2_Imágenes
 70
     0
 62
     7
  6
Continuous
370
    -3
390
F
347
21
348
0
  0
LAYER
  5
9811
330
2
100
AcDbSymbolTableRecord
100
AcDbLayerTableRecord
  2
PDF2_Texto
 70
     0
 62
     7
  6
Continuous
370
    -3
390
F
347
21
348
0
  0
LAYER
  5
A290
330
2
100
AcDbSymbolTableRecord
100
AcDbLayerTableRecord
  2
CV1
 70
     0
 62
    14
  6
Continuous
370
    30
390
F
347
21
348
0
1001
AcAecLayerStandard
1000

1000

1001
AcCmTransparency
1071
        0
  0
LAYER
  5
A299
330
2
100
AcDbSymbolTableRecord
100
AcDbLayerTableRecord
  2
CV2
 70
     0
 62
    80
  6
Continuous
370
    30
390
F
347
21
348
0
1001
AcAecLayerStandard
1000

1000

1001
AcCmTransparency
1071
        0
  0
LAYER
  5
A29B
330
2
100
AcDbSymbolTableRecord
100
AcDbLayerTableRecord
  2
CV3
 70
     0
 62
   160
  6
Continuous
370
    30
390
F
347
21
348
0
1001
AcAecLayerStandard
1000

1000

1001
AcCmTransparency
1071
        0
  0
LAYER
  5
A2A1
330
2
100
AcDbSymbolTableRecord
100
AcDbLayerTableRecord
  2
CV4
 70
     0
 62
   210
  6
Continuous
370
    30
390
F
347
21
348
0
1001
AcAecLayerStandard
1000

1000

1001
AcCmTransparency
1071
        0
  0
LAYER
  5
A2A4
330
2
100
AcDbSymbolTableRecord
100
AcDbLayerTableRecord
  2
CV5
 70
     0
 62
    50
  6
Continuous
370
    30
390
F
347
21
348
0
1001
AcAecLayerStandard
1000

1000

1001
AcCmTransparency
1071
        0
  0
LAYER
  5
A2A9
330
2
100
AcDbSymbolTableRecord
100
AcDbLayerTableRecord
  2
CV6
 70
     0
 62
   130
  6
Continuous
370
    30
390
F
347
21
348
0
1001
AcAecLayerStandard
1000

1000

1001
AcCmTransparency
1071
        0
  0
LAYER
  5
A2B2
330
2
100
AcDbSymbolTableRecord
100
AcDbLayerTableRecord
  2
CV7
 70
     0
 62
    84
  6
Continuous
370
    30
390
F
347
21
348
0
1001
AcAecLayerStandard
1000

1000

1001
AcCmTransparency
1071
        0
  0
LAYER
  5
A38C
330
2
100
AcDbSymbolTableRecord
100
AcDbLayerTableRecord
  2
Cambios
 70
     0
 62
   255
  6
Continuous
370
    -3
390
F
347
21
348
0
1001
AcAecLayerStandard
1000

1000

1001
AcCmTransparency
1071
        0
  0
LAYER
  5
A3DB
330
2
100
AcDbSymbolTableRecord
100
AcDbLayerTableRecord
  2
ASR ASC
 70
     0
 62
    30
  6
Continuous
370
    40
390
F
347
21
348
0
1001
AcAecLayerStandard
1000

1000

1001
AcCmTransparency
1071
        0
  0
LAYER
  5
A47A
330
2
100
AcDbSymbolTableRecord
100
AcDbLayerTableRecord
  2
ASR DESC
 70
     0
 62
   194
  6
Continuous
370
    40
390
F
347
21
348
0
1001
AcAecLayerStandard
1000

1000

1001
AcCmTransparency
1071
        0
  0
LAYER
  5
AC54
330
2
100
AcDbSymbolTableRecord
100
AcDbLayerTableRecord
  2
CABLES FZA
 70
     0
 62
    42
  6
Continuous
370
    -3
390
F
347
21
348
0
1001
AcAecLayerStandard
1000

1000

1001
AcCmTransparency
1071
        0
  0
LAYER
  5
AC8D
330
2
100
AcDbSymbolTableRecord
100
AcDbLayerTableRecord
  2
CABLES SÑL
 70
     0
 62
   200
  6
Continuous
370
    -3
390
F
347
21
348
0
1001
AcAecLayerStandard
1000

1000

1001
AcCmTransparency
1071
        0
  0
LAYER
  5
AFEF
330
2
100
AcDbSymbolTableRecord
100
AcDbLayerTableRecord
  2
CABLES CE
 70
     0
 62
    92
  6
Continuous
370
    -3
390
F
347
21
348
0
1001
AcAecLayerStandard
1000

1000

1001
AcCmTransparency
1071
        0
  0
LAYER
  5
B4DC
102
{ACAD_XDICTIONARY
360
B4DD
102
}
330
2
100
AcDbSymbolTableRecord
100
AcDbLayerTableRecord
  2
EJES
 70
     0
 62
     2
  6
CENTROX2
370
    18
390
F
347
21
348
0
  0
LAYER
  5
B4DE
102
{ACAD_XDICTIONARY
360
B4DF
102
}
330
2
100
AcDbSymbolTableRecord
100
AcDbLayerTableRecord
  2
TEXTO
 70
     0
 62
   250
  6
Continuous
370
    18
390
F
347
21
348
0
  0
LAYER
  5
B4E0
102
{ACAD_XDICTIONARY
360
B4E1
102
}
330
2
100
AcDbSymbolTableRecord
100
AcDbLayerTableRecord
  2
Rotulo-Lineas medias
 70
     0
 62
   250
  6
Continuous
370
    35
390
F
347
21
348
0
  0
LAYER
  5
B4E2
102
{ACAD_XDICTIONARY
360
B4E3
102
}
330
2
100
AcDbSymbolTableRecord
100
AcDbLayerTableRecord
  2
Rótulo-Lineas gruesas
 70
     0
 62
   250
  6
Continuous
370
    70
390
F
347
21
348
0
  0
LAYER
  5
B4E4
330
2
100
AcDbSymbolTableRecord
100
AcDbLayerTableRecord
  2
Viewport
 70
     0
 62
     7
  6
Continuous
370
    -3
390
F
347
21
348
0
1001
AcAecLayerStandard
1000

1000

1001
AcCmTransparency
1071
        0
  0
LAYER
  5
B4E5
330
2
100
AcDbSymbolTableRecord
100
AcDbLayerTableRecord
  2
Trenes Argentinos Celeste
 70
     0
 62
   153
420
  3449806
  6
Continuous
370
     0
390
F
347
21
348
0
1001
AcAecLayerStandard
1000

1000

1001
AcCmTransparency
1071
        0
  0
LAYER
  5
B4E6
330
2
100
AcDbSymbolTableRecord
100
AcDbLayerTableRecord
  2
Trenes Argentinos azu
 70
     0
 62
   144
420
  2256299
  6
Continuous
370
     0
390
F
347
21
348
0
1001
AcAecLayerStandard
1000

1000

1001
AcCmTransparency
1071
        0
  0
LAYER
  5
BC2E
330
2
100
AcDbSymbolTableRecord
100
AcDbLayerTableRecord
  2
Señales
 70
     0
 62
     7
  6
Continuous
370
    -3
390
F
347
21
348
0
1001
AcAecLayerStandard
1000

1000

1001
AcCmTransparency
1071
        0
  0
LAYER
  5
BC2F
330
2
100
AcDbSymbolTableRecord
100
AcDbLayerTableRecord
  2
Bases
 70
     0
 62
     7
  6
Continuous
370
    -3
390
F
347
21
348
0
1001
AcAecLayerStandard
1000

1000

1001
AcCmTransparency
1071
        0
  0
LAYER
  5
BC30
330
2
100
AcDbSymbolTableRecord
100
AcDbLayerTableRecord
  2
Fibra Óptica
 70
     0
 62
   182
  6
PUNTOS2
370
    30
390
F
347
21
348
0
1001
AcAecLayerStandard
1000

1000

1001
AcCmTransparency
1071
        0
  0
LAYER
  5
BC31
330
2
100
AcDbSymbolTableRecord
100
AcDbLayerTableRecord
  2
Canalizaciones
 70
     0
 62
    32
  6
JIS_02_0.7
370
    25
390
F
347
21
348
0
1001
AcAecLayerStandard
1000

1000

1001
AcCmTransparency
1071
        0
  0
LAYER
  5
BEB5
330
2
100
AcDbSymbolTableRecord
100
AcDbLayerTableRecord
  2
ATS+CE
 70
     0
 62
     7
  6
Continuous
370
    -3
390
F
347
21
348
0
1001
AcAecLayerStandard
1000

1000

1001
AcCmTransparency
1071
        0
  0
LAYER
  5
C2A6
330
2
100
AcDbSymbolTableRecord
100
AcDbLayerTableRecord
  2
CV8
 70
     0
 62
    30
  6
Continuous
370
    30
390
F
347
21
348
0
1001
AcAecLayerStandard
1000

1000

1001
AcCmTransparency
1071
        0
  0
LAYER
  5
C2B3
330
2
100
AcDbSymbolTableRecord
100
AcDbLayerTableRecord
  2
CV9
 70
     0
 62
   190
  6
Continuous
370
    30
390
F
347
21
348
0
1001
AcAecLayerStandard
1000

1000

1001
AcCmTransparency
1071
        0
  0
LAYER
  5
C2B5
330
2
100
AcDbSymbolTableRecord
100
AcDbLayerTableRecord
  2
CV10
 70
     0
 62
    10
  6
Continuous
370
    30
390
F
347
21
348
0
1001
AcAecLayerStandard
1000

1000

1001
AcCmTransparency
1071
        0
  0
LAYER
  5
CFC5
330
2
100
AcDbSymbolTableRecord
100
AcDbLayerTableRecord
  2
BOTONES
 70
     0
 62
   214
  6
Continuous
370
    -3
390
F
347
21
348
0
1001
AcAecLayerStandard
1000

1000

1001
AcCmTransparency
1071
        0
  0
ENDTAB
  0
TABLE
  2
STYLE
  5
3
330
0
100
AcDbSymbolTable
 70
    12
  0
STYLE
  5
55
330
3
100
AcDbSymbolTableRecord
100
AcDbTextStyleTableRecord
  2
Standard
 70
     0
 40
0.0
 41
1.0
 50
0.0
 71
     0
 42
2.5
  3
txt
  4

  0
STYLE
  5
948A
330
3
100
AcDbSymbolTableRecord
100
AcDbTextStyleTableRecord
  2
Rotulo
 70
     0
 40
0.0
 41
1.0
 50
0.0
 71
     0
 42
2.5
  3
arial.ttf
  4

1001
ACAD
1000
Arial
1071
       34
  0
STYLE
  5
948B
330
3
100
AcDbSymbolTableRecord
100
AcDbTextStyleTableRecord
  2
4
 70
     0
 40
1.0
 41
1.0
 50
0.0
 71
     0
 42
0.2
  3
ARIALN.TTF
  4

1001
ACAD
1000
Arial Narrow
1071
       34
  0
STYLE
  5
948C
330
3
100
AcDbSymbolTableRecord
100
AcDbTextStyleTableRecord
  2
5
 70
     0
 40
1.0
 41
1.0
 50
0.0
 71
     0
 42
0.2
  3
ARIALN.TTF
  4

1001
ACAD
1000
Arial Narrow
1071
       34
  0
STYLE
  5
948D
330
3
100
AcDbSymbolTableRecord
100
AcDbTextStyleTableRecord
  2
6
 70
     0
 40
1.0
 41
1.0
 50
0.0
 71
     0
 42
0.2
  3
ARIALN.TTF
  4

1001
ACAD
1000
Arial Narrow
1071
       34
  0
STYLE
  5
948E
330
3
100
AcDbSymbolTableRecord
100
AcDbTextStyleTableRecord
  2
10
 70
     0
 40
1.0
 41
1.0
 50
0.0
 71
     0
 42
0.2
  3
ARIALN.TTF
  4

1001
ACAD
1000
Arial Narrow
1071
       34
  0
STYLE
  5
948F
330
3
100
AcDbSymbolTableRecord
100
AcDbTextStyleTableRecord
  2
23
 70
     0
 40
1.0
 41
1.0
 50
0.0
 71
     0
 42
0.2
  3
ARIALN.TTF
  4

1001
ACAD
1000
Arial Narrow
1071
       34
  0
STYLE
  5
9812
330
3
100
AcDbSymbolTableRecord
100
AcDbTextStyleTableRecord
  2
PDF Arial
 70
     0
 40
0.0
 41
1.0
 50
0.0
 71
     0
 42
2.5
  3
arial.ttf
  4

1001
ACAD
1000
Arial
1071
       34
  0
STYLE
  5
ABFC
330
3
100
AcDbSymbolTableRecord
100
AcDbTextStyleTableRecord
  2

 70
     1
 40
0.0
 41
1.0
 50
0.0
 71
     0
 42
2.5
  3
ltypeshp.shx
  4

  0
STYLE
  5
B4E7
330
3
100
AcDbSymbolTableRecord
100
AcDbTextStyleTableRecord
  2
ROMAND
 70
     0
 40
0.0
 41
1.0
 50
0.0
 71
     0
 42
1.8
  3
romand
  4

  0
STYLE
  5
B4E8
330
3
100
AcDbSymbolTableRecord
100
AcDbTextStyleTableRecord
  2
ROMANS
 70
     0
 40
2.0
 41
1.0
 50
15.0
 71
     0
 42
2.0
  3

  4

1001
ACAD
1000
RomanS_IV25
1071
        2
  0
STYLE
  5
B4E9
330
3
100
AcDbSymbolTableRecord
100
AcDbTextStyleTableRecord
  2
ISOCPEUR
 70
     0
 40
0.0
 41
1.0
 50
0.0
 71
     0
 42
3.0
  3
isocpeur.ttf
  4

1001
ACAD
1000
ISOCPEUR
1071
       34
  0
ENDTAB
  0
TABLE
  2
VIEW
  5
6
330
0
100
AcDbSymbolTable
 70
     3
  0
ENDTAB
  0
TABLE
  2
UCS
  5
7
330
0
100
AcDbSymbolTable
 70
     0
  0
ENDTAB
  0
TABLE
  2
APPID
  5
9
330
0
100
AcDbSymbolTable
 70
    16
  0
APPID
  5
56
330
9
100
AcDbSymbolTableRecord
100
AcDbRegAppTableRecord
  2
ACAD
 70
     0
  0
APPID
  5
5E
330
9
100
AcDbSymbolTableRecord
100
AcDbRegAppTableRecord
  2
AcadAnnotative
 70
     0
  0
APPID
  5
7D
330
9
100
AcDbSymbolTableRecord
100
AcDbRegAppTableRecord
  2
ACAD_NAV_VCDISPLAY
 70
     0
  0
APPID
  5
9235
330
9
100
AcDbSymbolTableRecord
100
AcDbRegAppTableRecord
  2
ACAD_EXEMPT_FROM_CAD_STANDARDS
 70
     0
  0
APPID
  5
923E
330
9
100
AcDbSymbolTableRecord
100
AcDbRegAppTableRecord
  2
ACAD_DSTYLE_DIMRADIAL_EXTENSION
 70
     0
  0
APPID
  5
938B
330
9
100
AcDbSymbolTableRecord
100
AcDbRegAppTableRecord
  2
ACAD_PSEXT
 70
     0
  0
APPID
  5
9491
330
9
100
AcDbSymbolTableRecord
100
AcDbRegAppTableRecord
  2
AcAecLayerStandard
 70
     0
  0
APPID
  5
9814
330
9
100
AcDbSymbolTableRecord
100
AcDbRegAppTableRecord
  2
ACAD_DSTYLE_DIMJAG
 70
     0
  0
APPID
  5
9815
330
9
100
AcDbSymbolTableRecord
100
AcDbRegAppTableRecord
  2
ACAD_DSTYLE_DIMTALN
 70
     0
  0
APPID
  5
A291
330
9
100
AcDbSymbolTableRecord
100
AcDbRegAppTableRecord
  2
AcCmTransparency
 70
     0
  0
APPID
  5
A3F7
330
9
100
AcDbSymbolTableRecord
100
AcDbRegAppTableRecord
  2
GradientColor1ACI
 70
     0
  0
APPID
  5
A3F8
330
9
100
AcDbSymbolTableRecord
100
AcDbRegAppTableRecord
  2
GradientColor2ACI
 70
     0
  0
APPID
  5
B4EC
330
9
100
AcDbSymbolTableRecord
100
AcDbRegAppTableRecord
  2
AcDbDynamicBlockGUID
 70
     0
  0
APPID
  5
B4ED
330
9
100
AcDbSymbolTableRecord
100
AcDbRegAppTableRecord
  2
ACAD_DSTYLE_DIMJOGGED_JOGANGLE_SYMBOL
 70
     0
  0
APPID
  5
B4EE
330
9
100
AcDbSymbolTableRecord
100
AcDbRegAppTableRecord
  2
ACAD_DSTYLE_DIMBREAK
 70
     0
  0
APPID
  5
C368
330
9
100
AcDbSymbolTableRecord
100
AcDbRegAppTableRecord
  2
AcadAnnoMonitorAlertIconDisabled
 70
     0
  0
ENDTAB
  0
TABLE
  2
DIMSTYLE
  5
A
330
0
100
AcDbSymbolTable
 70
     6
100
AcDbDimStyleTable
 71
     1
340
58
  0
DIMSTYLE
105
58
330
A
100
AcDbSymbolTableRecord
100
AcDbDimStyleTableRecord
  2
ISO-25
 70
     0
 41
2.5
 42
0.625
 43
3.75
 44
1.25
 50
90.0
 73
     0
 74
     0
 77
     1
 78
     8
140
2.5
141
2.5
143
0.03937007874016
147
0.625
171
     3
172
     1
271
     2
272
     2
274
     3
278
    44
283
     0
284
     8
340
55
  0
DIMSTYLE
105
9490
330
A
100
AcDbSymbolTableRecord
100
AcDbDimStyleTableRecord
  2
Standard
 70
     0
340
55
  0
DIMSTYLE
105
9813
330
A
100
AcDbSymbolTableRecord
100
AcDbDimStyleTableRecord
  2
Anotativo
 70
     0
 40
0.0
 41
2.5
 42
0.625
 43
3.75
 44
1.25
 73
     0
 74
     0
 77
     1
 78
     8
140
2.5
141
2.5
143
0.03937007874016
147
0.625
171
     3
172
     1
271
     2
272
     2
274
     3
278
    44
283
     0
284
     8
340
55
1001
AcadAnnotative
1000
AnnotativeData
1002
{
1070
     1
1070
     1
1002
}
1001
ACAD_DSTYLE_DIMJAG
1070
   388
1040
1.5
1001
ACAD_DSTYLE_DIMTALN
1070
   392
1070
     0
  0
DIMSTYLE
105
B4EA
330
A
100
AcDbSymbolTableRecord
100
AcDbDimStyleTableRecord
  2
1EN1
 70
     0
 41
2.0
 42
1.5
 43
5.0
 44
0.75
 46
1.25
 49
0.5
 50
90.0
 73
     0
 74
     0
 77
     1
 78
     8
 79
     2
 90
        1
140
2.0
141
0.0
145
1.5
146
0.7
147
0.5
176
   256
177
   256
178
     3
179
     2
271
     3
272
     3
278
    44
283
     0
289
     0
340
B4E8
1001
ACAD_DSTYLE_DIMJOGGED_JOGANGLE_SYMBOL
1070
   384
1040
1.570796326794896
1001
ACAD_DSTYLE_DIMBREAK
1070
   391
1040
3.0
1001
AcadAnnotative
1000
AnnotativeData
1002
{
1070
     1
1070
     1
1002
}
1001
ACAD_DSTYLE_DIMJAG
1070
   388
1040
1.5
1001
ACAD_DSTYLE_DIMTALN
1070
   392
1070
     0
  0
DIMSTYLE
105
B4EB
330
A
100
AcDbSymbolTableRecord
100
AcDbDimStyleTableRecord
  2
ISOCPEUR
 70
     0
 41
2.0
 42
1.5
 43
5.0
 44
0.75
 46
1.25
 49
0.5
 50
90.0
 73
     0
 74
     0
 77
     1
 78
     8
 79
     2
 90
        1
140
2.0
141
0.0
145
1.5
146
0.7
147
0.5
176
   256
177
   256
178
     3
179
     2
271
     3
272
     3
278
    44
283
     0
289
     0
340
B4E9
345
5C
346
5C
347
5C
371
    -1
372
    -1
1001
ACAD_DSTYLE_DIMBREAK
1070
   391
1040
3.0
1001
AcadAnnotative
1000
AnnotativeData
1002
{
1070
     1
1070
     1
1002
}
1001
ACAD_DSTYLE_DIMJAG
1070
   388
1040
1.5
1001
ACAD_DSTYLE_DIMTALN
1070
   392
1070
     0
  0
ENDTAB
  0
TABLE
  2
BLOCK_RECORD
  5
1
330
0
100
AcDbSymbolTable
 70
    19
  0
BLOCK_RECORD
  5
70
102
{ACAD_XDICTIONARY
360
8D
102
}
330
1
100
AcDbSymbolTableRecord
100
AcDbBlockTableRecord
  2
*Model_Space
340
73
 70
     0
280
     1
281
     0
  0
BLOCK_RECORD
  5
B98F
330
1
100
AcDbSymbolTableRecord
100
AcDbBlockTableRecord
  2
*Paper_Space
340
B9BB
 70
     0
280
     1
281
     0
  0
BLOCK_RECORD
  5
AD3D
330
1
100
AcDbSymbolTableRecord
100
AcDbBlockTableRecord
  2
*T0
340
0
102
{BLKREFS
331
AD3C
102
}
 70
     0
280
     1
281
     0
  0
BLOCK_RECORD
  5
AF55
102
{ACAD_XDICTIONARY
360
AF57
102
}
330
1
100
AcDbSymbolTableRecord
100
AcDbBlockTableRecord
  2
A$C81f426b4
340
0
 70
     4
280
     1
281
     0
  0
BLOCK_RECORD
  5
B06B
102
{ACAD_XDICTIONARY
360
B06F
102
}
330
1
100
AcDbSymbolTableRecord
100
AcDbBlockTableRecord
  2
A$C746512cf
340
0
 70
     4
280
     1
281
     0
  0
BLOCK_RECORD
  5
BD7E
330
1
100
AcDbSymbolTableRecord
100
AcDbBlockTableRecord
  2
*Paper_Space3
340
BDAA
 70
     0
280
     1
281
     0
  0
BLOCK_RECORD
  5
B41C
102
{ACAD_XDICTIONARY
360
B41D
102
}
330
1
100
AcDbSymbolTableRecord
100
AcDbBlockTableRecord
  2
a3
340
0
310
2800000020000000200000000100080000000000000400000000000000000000000000000000000000000000000080000080000000808000800000008000800080800000C0C0C000C0DCC000F0CAA6000020400000206000002080000020A0000020C0000020E00000400000004020000040400000406000004080000040A0
310
000040C0000040E00000600000006020000060400000606000006080000060A0000060C0000060E00000800000008020000080400000806000008080000080A0000080C0000080E00000A0000000A0200000A0400000A0600000A0800000A0A00000A0C00000A0E00000C0000000C0200000C0400000C0600000C0800000C0
310
A00000C0C00000C0E00000E0000000E0200000E0400000E0600000E0800000E0A00000E0C00000E0E00040000000400020004000400040006000400080004000A0004000C0004000E00040200000402020004020400040206000402080004020A0004020C0004020E000404000004040200040404000404060004040800040
310
40A0004040C0004040E00040600000406020004060400040606000406080004060A0004060C0004060E00040800000408020004080400040806000408080004080A0004080C0004080E00040A0000040A0200040A0400040A0600040A0800040A0A00040A0C00040A0E00040C0000040C0200040C0400040C0600040C08000
310
40C0A00040C0C00040C0E00040E0000040E0200040E0400040E0600040E0800040E0A00040E0C00040E0E00080000000800020008000400080006000800080008000A0008000C0008000E00080200000802020008020400080206000802080008020A0008020C0008020E00080400000804020008040400080406000804080
310
008040A0008040C0008040E00080600000806020008060400080606000806080008060A0008060C0008060E00080800000808020008080400080806000808080008080A0008080C0008080E00080A0000080A0200080A0400080A0600080A0800080A0A00080A0C00080A0E00080C0000080C0200080C0400080C0600080C0
310
800080C0A00080C0C00080C0E00080E0000080E0200080E0400080E0600080E0800080E0A00080E0C00080E0E000C0000000C0002000C0004000C0006000C0008000C000A000C000C000C000E000C0200000C0202000C0204000C0206000C0208000C020A000C020C000C020E000C0400000C0402000C0404000C0406000C0
310
408000C040A000C040C000C040E000C0600000C0602000C0604000C0606000C0608000C060A000C060C000C060E000C0800000C0802000C0804000C0806000C0808000C080A000C080C000C080E000C0A00000C0A02000C0A04000C0A06000C0A08000C0A0A000C0A0C000C0A0E000C0C00000C0C02000C0C04000C0C06000
310
C0C08000C0C0A000F0FBFF00A4A0A000808080000000FF0000FF000000FFFF00FF000000FF00FF00FFFF0000FFFFFF0052525252525252525252525252525252525252525252525252525252525252525252525252525252525252525252525252525252525252525252525252525252525252525252525252525252525252
310
5252525252525252525252525252525252525252525252525252525252525252525252525252525252525252525252525252525252525252525252525252525252525252525252525252525252525252525252525252525252525252525252525252525252525252525252525252525252525D5D6C6C6C6C6C6C6C6C6C6C6C
310
6C6C6C5D6C6C6C6C6C6C6C6C6C6C6C6C5D52525D526C525252525252525252525252525252525252525252525252526C5D52525D526C525252525252525252525252525252525252525252525252526C5D52525D526C525252525252525252525252525252525252525252525252526C5D52525D526C525252525252525252
310
525252525252525252525252525252526C5D52525D526C525252525252525252525252525252525252525252525252526C5D52525D526C525252525252525252525252525252525252525252525252526C5D52525D526C525252525252525252525252525252525252525252525252526C5D52525D526C5252525252525252
310
52525252525252525252525252525252526C5D52525D526C525252525252525252525252525252525252525252525252526C5D52525D526C525252525252525252525252525252525252525252525252526C5D52525D526C525252525252525252525252525252525252525252525252526C5D52525D526C52525252525252
310
5252525252525252525252525252525252526C5D52525D526C525252525252525252525252525252525252525252525252526C5D52525D526C525252525252525252525252525252525252525252525252526C5D52525D526C525252525252525252525252525252525252525252525252526C5D52525D526C525252525252
310
525252525252525252525252525252525252526C5D52525D526C525252525252525252525252525252525252525252525252526C5D52525D526C525252525252525252525252525252525252525252525252526C5D52525D5D6C6C6C6C6C6C6C6C6C6C6C6C6C6C5D6C6C6C6C6C6C6C6C6C6C6C6C5D52525252525252525252
310
52525252525252525252525252525252525252525252525252525252525252525252525252525252525252525252525252525252525252525252525252525252525252525252525252525252525252525252525252525252525252525252525252525252525252525252525252525252525252525252525252525252525252
310
5252525252525252525252525252525252525252525252525252525252525252525252525252525252525252525252525252525252525252
102
{BLKREFS
331
B510
331
B654
331
BD8E
331
B99F
102
}
 70
     0
280
     1
281
     0
1001
AcDbDynamicBlockGUID
1000
{D7FEEC7E-2B6A-4E86-8378-EE5E1CE3580A}
  0
BLOCK_RECORD
  5
B491
102
{ACAD_XDICTIONARY
360
B492
102
}
330
1
100
AcDbSymbolTableRecord
100
AcDbBlockTableRecord
  2
Logo institucional
340
0
102
{BLKREFS
331
B4D6
102
}
 70
     4
280
     1
281
     0
1001
AcDbDynamicBlockGUID
1000
{69A650ED-938E-49E1-B8EA-5C7202B75586}
  0
BLOCK_RECORD
  5
B49C
102
{ACAD_XDICTIONARY
360
B49D
102
}
330
1
100
AcDbSymbolTableRecord
100
AcDbBlockTableRecord
  2
Rotulo SOFSE2
340
0
102
{BLKREFS
331
B511
331
B655
331
BD8F
331
B9A0
102
}
 70
     4
280
     1
281
     0
1001
AcDbDynamicBlockGUID
1000
{39D18594-95A3-7246-9EBF-CA2167B1668B}
  0
BLOCK_RECORD
  5
B653
102
{ACAD_XDICTIONARY
360
B66C
102
}
330
1
100
AcDbSymbolTableRecord
100
AcDbBlockTableRecord
  2
A$C1f8019c8
340
0
 70
     4
280
     1
281
     0
  0
BLOCK_RECORD
  5
CC90
330
1
100
AcDbSymbolTableRecord
100
AcDbBlockTableRecord
  2
*Paper_Space8
340
CC9B
 70
     0
280
     1
281
     0
  0
BLOCK_RECORD
  5
C138
102
{ACAD_XDICTIONARY
360
C169
102
}
330
1
100
AcDbSymbolTableRecord
100
AcDbBlockTableRecord
  2
A$C1bef3e62
340
0
 70
     4
280
     1
281
     0
  0
BLOCK_RECORD
  5
CE2F
330
1
100
AcDbSymbolTableRecord
100
AcDbBlockTableRecord
  2
*Paper_Space10
340
CE3A
 70
     0
280
     1
281
     0
  0
BLOCK_RECORD
  5
CE68
330
1
100
AcDbSymbolTableRecord
100
AcDbBlockTableRecord
  2
*Paper_Space11
340
CE73
 70
     0
280
     1
281
     0
  0
BLOCK_RECORD
  5
6C
330
1
100
AcDbSymbolTableRecord
100
AcDbBlockTableRecord
  2
*Paper_Space12
340
6F
 70
     0
280
     1
281
     0
  0
BLOCK_RECORD
  5
CFD1
330
1
100
AcDbSymbolTableRecord
100
AcDbBlockTableRecord
  2
identificador
340
0
310
28000000280000002800000001002000000000000019000001000000010000000000000000000000302821FF302821FF302821FF302821FF302821FF302821FF302821FF302821FF302821FF302821FF302821FF302821FF302821FF302821FF302821FF302821FF302821FF302821FF302821FF302821FF302821FF302821
310
FF302821FF302821FF302821FF302821FF302821FF302821FF302821FF302821FF302821FF302821FF302821FF302821FF302821FF302821FF302821FF302821FF302821FF302821FF302821FF302821FF302821FF302821FF302821FF302821FF302821FF302821FF302821FF302821FF302821FF302821FF302821FF3028
310
21FF302821FF302821FF302821FF302821FF302821FF302821FF302821FF302821FF302821FF302821FF302821FF302821FF302821FF302821FF302821FF302821FF302821FF302821FF302821FF302821FF302821FF302821FF302821FF302821FF302821FF302821FF302821FF302821FF302821FF302821FF302821FF30
310
2821FF302821FF302821FF302821FF302821FF302821FF302821FF302821FF302821FF302821FF302821FF7F007FFF7F007FFF7F007FFF7F007FFF7F007FFF7F007FFF7F007FFF7F007FFF7F007FFF7F007FFF302821FF302821FF302821FF302821FF302821FF302821FF302821FF302821FF302821FF302821FF302821FF
310
302821FF302821FF302821FF302821FF302821FF302821FF302821FF302821FF302821FF302821FF302821FF302821FF302821FF302821FF302821FF302821FF7F007FFF7F007FFF7F007FFF302821FF302821FF302821FF302821FF302821FF302821FF302821FF302821FF302821FF302821FF7F007FFF7F007FFF302821
310
FF302821FF302821FF302821FF302821FF302821FF302821FF302821FF302821FF302821FF302821FF302821FF302821FF302821FF302821FF302821FF302821FF302821FF302821FF302821FF302821FF302821FF302821FF7F007FFF7F007FFF302821FF302821FF302821FF302821FF302821FF302821FF302821FF3028
310
21FF302821FF302821FF302821FF302821FF302821FF302821FF302821FF7F007FFF7F007FFF302821FF302821FF302821FF302821FF302821FF302821FF302821FF302821FF302821FF302821FF302821FF302821FF302821FF302821FF302821FF302821FF302821FF302821FF302821FF7F007FFF7F007FFF302821FF30
310
2821FF302821FF302821FF302821FF302821FF302821FF302821FF302821FF302821FF302821FF302821FF302821FF302821FF302821FF302821FF302821FF302821FF302821FF7F007FFF302821FF302821FF302821FF302821FF302821FF302821FF302821FF302821FF302821FF302821FF302821FF302821FF302821FF
310
302821FF302821FF302821FF302821FF7F007FFF302821FF302821FF302821FF302821FF302821FF302821FF302821FF302821FF302821FF302821FF302821FF302821FF302821FF302821FF302821FF302821FF302821FF302821FF302821FF302821FF302821FF302821FF7F007FFF302821FF302821FF302821FF302821
310
FF302821FF302821FF302821FF302821FF302821FF302821FF302821FF302821FF302821FF302821FF302821FF7F007FFF302821FF302821FF302821FF302821FF302821FF302821FF302821FF302821FF302821FF302821FF302821FF302821FF302821FF302821FF302821FF302821FF302821FF302821FF302821FF3028
310
21FF302821FF302821FF302821FF302821FF7F007FFF302821FF302821FF302821FF302821FF302821FF302821FF302821FF302821FF302821FF302821FF302821FF302821FF302821FF302821FF7F007FFF302821FF302821FF302821FF302821FF302821FF302821FF302821FF302821FF302821FF302821FF302821FF30
310
2821FF302821FF302821FF302821FF302821FF302821FF302821FF302821FF302821FF302821FF302821FF302821FF302821FF302821FF7F007FFF302821FF302821FF302821FF302821FF302821FF302821FF302821FF302821FF302821FF302821FF302821FF302821FF7F007FFF302821FF302821FF302821FF302821FF
310
302821FF302821FF302821FF302821FF302821FF302821FF302821FF302821FF302821FF302821FF302821FF302821FF302821FF302821FF302821FF302821FF302821FF302821FF302821FF302821FF302821FF302821FF7F007FFF302821FF302821FF302821FF302821FF302821FF302821FF302821FF302821FF302821
310
FF302821FF302821FF7F007FFF302821FF302821FF302821FF302821FF302821FF302821FF302821FF302821FF302821FF302821FF302821FF302821FF302821FF302821FF302821FF302821FF302821FF302821FF302821FF302821FF302821FF302821FF302821FF302821FF302821FF302821FF302821FF302821FF7F00
310
7FFF302821FF302821FF302821FF302821FF302821FF302821FF302821FF302821FF302821FF7F007FFF302821FF302821FF302821FF302821FF302821FF302821FF302821FF302821FF302821FF302821FF302821FF302821FF302821FF302821FF302821FF302821FF302821FF302821FF302821FF302821FF302821FF30
310
2821FF302821FF302821FF302821FF302821FF302821FF302821FF302821FF302821FF7F007FFF302821FF302821FF302821FF302821FF302821FF302821FF302821FF302821FF7F007FFF302821FF302821FF302821FF302821FF302821FF302821FF302821FF302821FF302821FF302821FF302821FF302821FF302821FF
310
302821FF302821FF302821FF302821FF302821FF302821FF302821FF302821FF302821FF302821FF302821FF302821FF302821FF302821FF302821FF302821FF302821FF7F007FFF302821FF302821FF302821FF302821FF302821FF302821FF302821FF7F007FFF302821FF302821FF302821FF302821FF302821FF302821
310
FF302821FF302821FF302821FF302821FF302821FF302821FF302821FF302821FF302821FF302821FF302821FF302821FF302821FF302821FF302821FF302821FF302821FF302821FF302821FF302821FF302821FF302821FF302821FF302821FF302821FF302821FF7F007FFF302821FF302821FF302821FF302821FF3028
310
21FF302821FF7F007FFF302821FF302821FF302821FF302821FF302821FF302821FF302821FF302821FF302821FF302821FF302821FF302821FF302821FF302821FF302821FF302821FF302821FF302821FF302821FF302821FF302821FF302821FF302821FF302821FF302821FF302821FF302821FF302821FF302821FF30
310
2821FF302821FF302821FF7F007FFF302821FF302821FF302821FF302821FF302821FF7F007FFF302821FF302821FF302821FF302821FF302821FF302821FF302821FF302821FF302821FF302821FF302821FF302821FF302821FF302821FF302821FF302821FF302821FF302821FF302821FF302821FF302821FF302821FF
310
302821FF302821FF302821FF302821FF302821FF302821FF302821FF302821FF302821FF302821FF302821FF302821FF7F007FFF302821FF302821FF302821FF302821FF7F007FFF302821FF302821FF302821FF302821FF302821FF302821FF302821FF302821FF302821FF302821FF302821FF302821FF302821FF302821
310
FF302821FF302821FF302821FF302821FF302821FF302821FF302821FF302821FF302821FF302821FF302821FF302821FF302821FF302821FF302821FF302821FF302821FF302821FF302821FF302821FF7F007FFF302821FF302821FF302821FF302821FF7F007FFF302821FF302821FF302821FF302821FF302821FF3028
310
21FF302821FF302821FF302821FF302821FF302821FF302821FF302821FF302821FF302821FF302821FF302821FF302821FF302821FF302821FF302821FF302821FF302821FF302821FF302821FF302821FF302821FF302821FF302821FF302821FF302821FF302821FF302821FF302821FF7F007FFF302821FF302821FF30
310
2821FF302821FF7F007FFF302821FF302821FF302821FF302821FF302821FF302821FF302821FF302821FF302821FF302821FF302821FF302821FF302821FF302821FF302821FF302821FF302821FF302821FF302821FF302821FF302821FF302821FF302821FF302821FF302821FF302821FF302821FF302821FF302821FF
310
302821FF302821FF302821FF302821FF302821FF7F007FFF302821FF302821FF302821FF302821FF7F007FFF302821FF302821FF302821FF302821FF302821FF302821FF302821FF302821FF302821FF302821FF302821FF302821FF302821FF302821FF302821FF302821FF302821FF7F007FFF7F007FFF7F007FFF7F007F
310
FF7F007FFF302821FF302821FF302821FF302821FF302821FF302821FF302821FF302821FF302821FF302821FF302821FF302821FF7F007FFF302821FF302821FF302821FF302821FF7F007FFF302821FF302821FF302821FF302821FF302821FF302821FF302821FF302821FF302821FF302821FF302821FF302821FF3028
310
21FF302821FF302821FF302821FF302821FF7F007FFF7F007FFF302821FF7F007FFF7F007FFF302821FF302821FF302821FF302821FF302821FF302821FF302821FF302821FF302821FF302821FF302821FF302821FF7F007FFF302821FF302821FF302821FF302821FF7F007FFF302821FF302821FF302821FF302821FF30
310
2821FF302821FF302821FF302821FF302821FF302821FF302821FF302821FF302821FF302821FF302821FF302821FF302821FF7F007FFF7F007FFF302821FF7F007FFF7F007FFF302821FF302821FF302821FF302821FF302821FF302821FF302821FF302821FF302821FF302821FF302821FF302821FF7F007FFF302821FF
310
302821FF302821FF302821FF7F007FFF302821FF302821FF302821FF302821FF302821FF302821FF302821FF302821FF302821FF302821FF302821FF302821FF302821FF302821FF302821FF302821FF302821FF7F007FFF7F007FFF7F007FFF302821FF7F007FFF302821FF302821FF302821FF302821FF302821FF302821
310
FF302821FF302821FF302821FF302821FF302821FF302821FF7F007FFF302821FF302821FF302821FF302821FF7F007FFF302821FF302821FF302821FF302821FF302821FF302821FF302821FF302821FF302821FF302821FF302821FF302821FF302821FF302821FF302821FF302821FF302821FF302821FF302821FF3028
310
21FF302821FF302821FF302821FF302821FF302821FF302821FF302821FF302821FF302821FF302821FF302821FF302821FF302821FF302821FF7F007FFF302821FF302821FF302821FF302821FF7F007FFF302821FF302821FF302821FF302821FF302821FF302821FF302821FF302821FF302821FF302821FF302821FF30
310
2821FF302821FF302821FF302821FF302821FF302821FF302821FF302821FF302821FF302821FF302821FF302821FF302821FF302821FF302821FF302821FF302821FF302821FF302821FF302821FF302821FF302821FF302821FF7F007FFF302821FF302821FF302821FF302821FF302821FF7F007FFF302821FF302821FF
310
302821FF302821FF302821FF302821FF302821FF302821FF302821FF302821FF302821FF302821FF302821FF302821FF302821FF302821FF302821FF302821FF302821FF302821FF302821FF302821FF302821FF302821FF302821FF302821FF302821FF302821FF302821FF302821FF302821FF302821FF7F007FFF302821
310
FF302821FF302821FF302821FF302821FF302821FF7F007FFF302821FF302821FF302821FF302821FF302821FF302821FF302821FF302821FF302821FF302821FF302821FF302821FF302821FF302821FF302821FF302821FF302821FF302821FF302821FF302821FF302821FF302821FF302821FF302821FF302821FF3028
310
21FF302821FF302821FF302821FF302821FF302821FF302821FF7F007FFF302821FF302821FF302821FF302821FF302821FF302821FF302821FF7F007FFF302821FF302821FF302821FF302821FF302821FF302821FF302821FF302821FF302821FF302821FF302821FF302821FF302821FF302821FF302821FF302821FF30
310
2821FF302821FF302821FF302821FF302821FF302821FF302821FF302821FF302821FF302821FF302821FF302821FF302821FF302821FF7F007FFF302821FF302821FF302821FF302821FF302821FF302821FF302821FF302821FF7F007FFF302821FF302821FF302821FF302821FF302821FF302821FF302821FF302821FF
310
302821FF302821FF302821FF302821FF302821FF302821FF302821FF302821FF302821FF302821FF302821FF302821FF302821FF302821FF302821FF302821FF302821FF302821FF302821FF302821FF302821FF302821FF7F007FFF302821FF302821FF302821FF302821FF302821FF302821FF302821FF302821FF302821
310
FF7F007FFF302821FF302821FF302821FF302821FF302821FF302821FF302821FF302821FF302821FF302821FF302821FF302821FF302821FF302821FF302821FF302821FF302821FF302821FF302821FF302821FF302821FF302821FF302821FF302821FF302821FF302821FF302821FF302821FF7F007FFF302821FF3028
310
21FF302821FF302821FF302821FF302821FF302821FF302821FF302821FF302821FF302821FF7F007FFF302821FF302821FF302821FF302821FF302821FF302821FF302821FF302821FF302821FF302821FF302821FF302821FF302821FF302821FF302821FF302821FF302821FF302821FF302821FF302821FF302821FF30
310
2821FF302821FF302821FF302821FF302821FF7F007FFF302821FF302821FF302821FF302821FF302821FF302821FF302821FF302821FF302821FF302821FF302821FF302821FF302821FF7F007FFF302821FF302821FF302821FF302821FF302821FF302821FF302821FF302821FF302821FF302821FF302821FF302821FF
310
302821FF302821FF302821FF302821FF302821FF302821FF302821FF302821FF302821FF302821FF302821FF302821FF302821FF7F007FFF302821FF302821FF302821FF302821FF302821FF302821FF302821FF302821FF302821FF302821FF302821FF302821FF302821FF7F007FFF302821FF302821FF302821FF302821
310
FF302821FF302821FF302821FF302821FF302821FF302821FF302821FF302821FF302821FF302821FF302821FF302821FF302821FF302821FF302821FF302821FF302821FF302821FF302821FF302821FF7F007FFF302821FF302821FF302821FF302821FF302821FF302821FF302821FF302821FF302821FF302821FF3028
310
21FF302821FF302821FF302821FF302821FF7F007FFF302821FF302821FF302821FF302821FF302821FF302821FF302821FF302821FF302821FF302821FF302821FF302821FF302821FF302821FF302821FF302821FF302821FF302821FF302821FF302821FF302821FF302821FF7F007FFF302821FF302821FF302821FF30
310
2821FF302821FF302821FF302821FF302821FF302821FF302821FF302821FF302821FF302821FF302821FF302821FF302821FF302821FF7F007FFF7F007FFF302821FF302821FF302821FF302821FF302821FF302821FF302821FF302821FF302821FF302821FF302821FF302821FF302821FF302821FF302821FF302821FF
310
302821FF302821FF302821FF7F007FFF302821FF302821FF302821FF302821FF302821FF302821FF302821FF302821FF302821FF302821FF302821FF302821FF302821FF302821FF302821FF302821FF302821FF302821FF302821FF302821FF7F007FFF7F007FFF302821FF302821FF302821FF302821FF302821FF302821
310
FF302821FF302821FF302821FF302821FF302821FF302821FF302821FF302821FF302821FF7F007FFF7F007FFF302821FF302821FF302821FF302821FF302821FF302821FF302821FF302821FF302821FF302821FF302821FF302821FF302821FF302821FF302821FF302821FF302821FF302821FF302821FF302821FF3028
310
21FF302821FF302821FF7F007FFF7F007FFF7F007FFF302821FF302821FF302821FF302821FF302821FF302821FF302821FF302821FF302821FF302821FF7F007FFF7F007FFF302821FF302821FF302821FF302821FF302821FF302821FF302821FF302821FF302821FF302821FF302821FF302821FF302821FF302821FF30
310
2821FF302821FF302821FF302821FF302821FF302821FF302821FF302821FF302821FF302821FF302821FF302821FF302821FF302821FF7F007FFF7F007FFF7F007FFF7F007FFF7F007FFF7F007FFF7F007FFF7F007FFF7F007FFF7F007FFF302821FF302821FF302821FF302821FF302821FF302821FF302821FF302821FF
310
302821FF302821FF302821FF302821FF302821FF302821FF302821FF302821FF302821FF302821FF302821FF302821FF302821FF302821FF302821FF302821FF302821FF302821FF302821FF302821FF302821FF302821FF302821FF302821FF302821FF302821FF302821FF302821FF302821FF302821FF302821FF302821
310
FF302821FF302821FF302821FF302821FF302821FF302821FF302821FF302821FF302821FF302821FF302821FF302821FF302821FF302821FF302821FF302821FF302821FF302821FF302821FF302821FF302821FF302821FF302821FF302821FF302821FF302821FF302821FF302821FF302821FF302821FF302821FF3028
310
21FF302821FF302821FF302821FF302821FF302821FF302821FF302821FF302821FF302821FF302821FF302821FF302821FF302821FF302821FF302821FF302821FF302821FF302821FF302821FF302821FF302821FF302821FF
102
{BLKREFS
331
CFD6
331
CFE2
331
CFEE
331
CFFA
331
D006
102
}
 70
     4
280
     1
281
     0
  0
ENDTAB
  0
ENDSEC
  0
SECTION
  2
BLOCKS
  0
BLOCK
  5
71
330
70
100
AcDbEntity
  8
0
100
AcDbBlockBegin
  2
*Model_Space
 70
     2
 10
0.0
 20
0.0
 30
0.0
  3
*Model_Space
  1

  0
ENDBLK
  5
72
330
70
100
AcDbEntity
  8
0
100
AcDbBlockEnd
  0
BLOCK
  5
B990
330
B98F
100
AcDbEntity
 67
     1
  8
0
100
AcDbBlockBegin
  2
*Paper_Space
 70
     0
 10
0.0
 20
0.0
 30
0.0
  3
*Paper_Space
  1

  0
ENDBLK
  5
B9BA
330
B98F
100
AcDbEntity
 67
     1
  8
0
100
AcDbBlockEnd
  0
BLOCK
  5
AD49
330
AD3D
100
AcDbEntity
  8
0
100
AcDbBlockBegin
  2
*T0
 70
     1
 10
0.0
 20
0.0
 30
0.0
  3
*T0
  1

  0
MTEXT
  5
AD4B
330
AD3D
100
AcDbEntity
  8
PDF2_Texto
 62
     0
440
 16777216
100
AcDbMText
 10
318.8134407529497
 20
-14.62767207375054
 30
0.0
 40
12.6110442602791
 41
631.3213593757605
 46
0.0
 71
     5
 72
     5
  1
PLAN DE CABLES
 73
     1
 44
1.0
  0
MTEXT
  5
AD4C
330
AD3D
100
AcDbEntity
  8
PDF2_Texto
 62
     0
440
 16777216
100
AcDbMText
 10
79.70336018823764
 20
-41.78117551120613
 30
0.0
 40
9.458283195209327
 41
153.1011982463355
 46
0.0
 71
     5
 72
     5
  1
Descripción
 73
     1
 44
1.0
  0
MTEXT
  5
AD4D
330
AD3D
100
AcDbEntity
  8
PDF2_Texto
 62
     0
440
 16777216
100
AcDbMText
 10
239.1100805647129
 20
-41.78117551120613
 30
0.0
 40
9.458283195209327
 41
153.1011982463355
 46
0.0
 71
     5
 72
     5
  1
Equipo
 73
     1
 44
1.0
  0
MTEXT
  5
AD4E
330
AD3D
100
AcDbEntity
  8
PDF2_Texto
 62
     0
440
 16777216
100
AcDbMText
 10
398.5168009411877
 20
-41.78117551120613
 30
0.0
 40
9.458283195209327
 41
153.1011982463355
 46
0.0
 71
     5
 72
     5
  1
Cable
 73
     1
 44
1.0
  0
MTEXT
  5
AD4F
330
AD3D
100
AcDbEntity
  8
PDF2_Texto
 62
     0
440
 16777216
100
AcDbMText
 10
557.9235213176635
 20
-41.78117551120613
 30
0.0
 40
9.458283195209327
 41
153.1011982463355
 46
0.0
 71
     5
 72
     5
  1
Distancia [m]
 73
     1
 44
1.0
  0
MTEXT
  5
AD50
330
AD3D
100
AcDbEntity
  8
PDF2_Texto
 62
     0
440
 16777216
100
AcDbMText
 10
79.70336018823764
 20
-57.45976793998034
 30
0.0
 40
9.458283195209327
 41
153.1011982463355
 46
0.0
 71
     2
 72
     5
  1
11A
 73
     1
 44
1.0
  0
MTEXT
  5
AD51
330
AD3D
100
AcDbEntity
  8
PDF2_Texto
 62
     0
440
 16777216
100
AcDbMText
 10
239.1100805647129
 20
-57.45976793998034
 30
0.0
 40
9.458283195209327
 41
153.1011982463355
 46
0.0
 71
     2
 72
     5
  1
MdC
 73
     1
 44
1.0
  0
MTEXT
  5
AD52
330
AD3D
100
AcDbEntity
  8
PDF2_Texto
 62
     0
440
 16777216
100
AcDbMText
 10
398.5168009411877
 20
-57.45976793998034
 30
0.0
 40
9.458283195209327
 41
153.1011982463355
 46
0.0
 71
     2
 72
     5
  1
3x10 {\C256;+ 7x1,5}
 73
     1
 44
1.0
  0
MTEXT
  5
AD53
330
AD3D
100
AcDbEntity
  8
PDF2_Texto
 62
     0
440
 16777216
100
AcDbMText
 10
634.474120440831
 20
-57.45976793998034
 30
0.0
 40
9.458283195209327
 41
153.1011982463355
 46
0.0
 71
     3
 72
     5
  1
400
 73
     1
 44
1.0
  0
MTEXT
  5
AD96
330
AD3D
100
AcDbEntity
  8
PDF2_Texto
 62
     0
440
 16777216
100
AcDbMText
 10
79.70336018823764
 20
-82.51143066738904
 30
0.0
 40
9.458283195209327
 41
153.1011982463355
 46
0.0
 71
     2
 72
     5
  1
11B
 73
     1
 44
1.0
  0
MTEXT
  5
ADAB
330
AD3D
100
AcDbEntity
  8
PDF2_Texto
 62
     0
440
 16777216
100
AcDbMText
 10
239.1100805647129
 20
-82.51143066738904
 30
0.0
 40
9.458283195209327
 41
153.1011982463355
 46
0.0
 71
     2
 72
     5
  1
MdC
 73
     1
 44
1.0
  0
MTEXT
  5
ADC0
330
AD3D
100
AcDbEntity
  8
PDF2_Texto
 62
     0
440
 16777216
100
AcDbMText
 10
398.5168009411877
 20
-82.51143066738904
 30
0.0
 40
9.458283195209327
 41
153.1011982463355
 46
0.0
 71
     2
 72
     5
  1
3x10{\C256; + 7x1,5}
 73
     1
 44
1.0
  0
MTEXT
  5
ADD5
330
AD3D
100
AcDbEntity
  8
PDF2_Texto
 62
     0
440
 16777216
100
AcDbMText
 10
634.474120440831
 20
-82.51143066738904
 30
0.0
 40
9.458283195209327
 41
153.1011982463355
 46
0.0
 71
     3
 72
     5
  1
450
 73
     1
 44
1.0
  0
MTEXT
  5
ADFE
330
AD3D
100
AcDbEntity
  8
PDF2_Texto
 62
     0
440
 16777216
100
AcDbMText
 10
79.70336018823764
 20
-107.5630933947977
 30
0.0
 40
9.458283195209327
 41
153.1011982463355
 46
0.0
 71
     2
 72
     5
  1
12A
 73
     1
 44
1.0
  0
MTEXT
  5
AE13
330
AD3D
100
AcDbEntity
  8
PDF2_Texto
 62
     0
440
 16777216
100
AcDbMText
 10
239.1100805647129
 20
-107.5630933947977
 30
0.0
 40
9.458283195209327
 41
153.1011982463355
 46
0.0
 71
     2
 72
     5
  1
MdC
 73
     1
 44
1.0
  0
MTEXT
  5
AE3C
330
AD3D
100
AcDbEntity
  8
PDF2_Texto
 62
     0
440
 16777216
100
AcDbMText
 10
398.5168009411877
 20
-107.5630933947977
 30
0.0
 40
9.458283195209327
 41
153.1011982463355
 46
0.0
 71
     2
 72
     5
  1
3x10{\C256; + 7x1,5}
 73
     1
 44
1.0
  0
MTEXT
  5
AE47
330
AD3D
100
AcDbEntity
  8
PDF2_Texto
 62
     0
440
 16777216
100
AcDbMText
 10
634.474120440831
 20
-107.5630933947977
 30
0.0
 40
9.458283195209327
 41
153.1011982463355
 46
0.0
 71
     3
 72
     5
  1
450
 73
     1
 44
1.0
  0
MTEXT
  5
AE52
330
AD3D
100
AcDbEntity
  8
PDF2_Texto
 62
     0
440
 16777216
100
AcDbMText
 10
79.70336018823764
 20
-132.6147561222065
 30
0.0
 40
9.458283195209327
 41
153.1011982463355
 46
0.0
 71
     2
 72
     5
  1
12B
 73
     1
 44
1.0
  0
MTEXT
  5
AE5D
330
AD3D
100
AcDbEntity
  8
PDF2_Texto
 62
     0
440
 16777216
100
AcDbMText
 10
239.1100805647129
 20
-132.6147561222065
 30
0.0
 40
9.458283195209327
 41
153.1011982463355
 46
0.0
 71
     2
 72
     5
  1
MdC
 73
     1
 44
1.0
  0
MTEXT
  5
AE68
330
AD3D
100
AcDbEntity
  8
PDF2_Texto
 62
     0
440
 16777216
100
AcDbMText
 10
398.5168009411877
 20
-132.6147561222065
 30
0.0
 40
9.458283195209327
 41
153.1011982463355
 46
0.0
 71
     2
 72
     5
  1
3x10{\C256; + 7x1,5}
 73
     1
 44
1.0
  0
MTEXT
  5
AE7D
330
AD3D
100
AcDbEntity
  8
PDF2_Texto
 62
     0
440
 16777216
100
AcDbMText
 10
634.474120440831
 20
-132.6147561222065
 30
0.0
 40
9.458283195209327
 41
153.1011982463355
 46
0.0
 71
     3
 72
     5
  1
500
 73
     1
 44
1.0
  0
MTEXT
  5
AE88
330
AD3D
100
AcDbEntity
  8
PDF2_Texto
 62
     0
440
 16777216
100
AcDbMText
 10
79.70336018823764
 20
-157.6664188496152
 30
0.0
 40
9.458283195209327
 41
153.1011982463355
 46
0.0
 71
     2
 72
     5
  1
13A
 73
     1
 44
1.0
  0
MTEXT
  5
AE93
330
AD3D
100
AcDbEntity
  8
PDF2_Texto
 62
     0
440
 16777216
100
AcDbMText
 10
239.1100805647129
 20
-157.6664188496152
 30
0.0
 40
9.458283195209327
 41
153.1011982463355
 46
0.0
 71
     2
 72
     5
  1
MdC
 73
     1
 44
1.0
  0
MTEXT
  5
AE9E
330
AD3D
100
AcDbEntity
  8
PDF2_Texto
 62
     0
440
 16777216
100
AcDbMText
 10
398.5168009411877
 20
-157.6664188496152
 30
0.0
 40
9.458283195209327
 41
153.1011982463355
 46
0.0
 71
     2
 72
     5
  1
3x10{\C256; + 7x1,5}
 73
     1
 44
1.0
  0
MTEXT
  5
AEA9
330
AD3D
100
AcDbEntity
  8
PDF2_Texto
 62
     0
440
 16777216
100
AcDbMText
 10
634.474120440831
 20
-157.6664188496152
 30
0.0
 40
9.458283195209327
 41
153.1011982463355
 46
0.0
 71
     3
 72
     5
  1
500
 73
     1
 44
1.0
  0
MTEXT
  5
AEAA
330
AD3D
100
AcDbEntity
  8
PDF2_Texto
 62
     0
440
 16777216
100
AcDbMText
 10
79.70336018823764
 20
-182.7180815770239
 30
0.0
 40
9.458283195209327
 41
153.1011982463355
 46
0.0
 71
     2
 72
     5
  1
13B
 73
     1
 44
1.0
  0
MTEXT
  5
AEAB
330
AD3D
100
AcDbEntity
  8
PDF2_Texto
 62
     0
440
 16777216
100
AcDbMText
 10
239.1100805647129
 20
-182.7180815770239
 30
0.0
 40
9.458283195209327
 41
153.1011982463355
 46
0.0
 71
     2
 72
     5
  1
MdC
 73
     1
 44
1.0
  0
MTEXT
  5
AEAC
330
AD3D
100
AcDbEntity
  8
PDF2_Texto
 62
     0
440
 16777216
100
AcDbMText
 10
398.5168009411877
 20
-182.7180815770239
 30
0.0
 40
9.458283195209327
 41
153.1011982463355
 46
0.0
 71
     2
 72
     5
  1
3x10{\C256; + 7x1,5}
 73
     1
 44
1.0
  0
MTEXT
  5
AEAD
330
AD3D
100
AcDbEntity
  8
PDF2_Texto
 62
     0
440
 16777216
100
AcDbMText
 10
634.474120440831
 20
-182.7180815770239
 30
0.0
 40
9.458283195209327
 41
153.1011982463355
 46
0.0
 71
     3
 72
     5
  1
600
 73
     1
 44
1.0
  0
MTEXT
  5
AEAE
330
AD3D
100
AcDbEntity
  8
PDF2_Texto
 62
     0
440
 16777216
100
AcDbMText
 10
79.70336018823764
 20
-207.7697443044326
 30
0.0
 40
9.458283195209327
 41
153.1011982463355
 46
0.0
 71
     2
 72
     5
  1
A1A
 73
     1
 44
1.0
  0
MTEXT
  5
AEB6
330
AD3D
100
AcDbEntity
  8
PDF2_Texto
 62
     0
440
 16777216
100
AcDbMText
 10
239.1100805647129
 20
-207.7697443044326
 30
0.0
 40
9.458283195209327
 41
153.1011982463355
 46
0.0
 71
     2
 72
     5
  1
SEÑAL
 73
     1
 44
1.0
  0
MTEXT
  5
AEB7
330
AD3D
100
AcDbEntity
  8
PDF2_Texto
 62
     0
440
 16777216
100
AcDbMText
 10
398.5168009411877
 20
-207.7697443044326
 30
0.0
 40
9.458283195209327
 41
153.1011982463355
 46
0.0
 71
     2
 72
     5
  1
7x1,5 + C
 73
     1
 44
1.0
  0
MTEXT
  5
AEB8
330
AD3D
100
AcDbEntity
  8
PDF2_Texto
 62
     0
440
 16777216
100
AcDbMText
 10
634.474120440831
 20
-207.7697443044326
 30
0.0
 40
9.458283195209327
 41
153.1011982463355
 46
0.0
 71
     3
 72
     5
  1
900
 73
     1
 44
1.0
  0
MTEXT
  5
AEB9
330
AD3D
100
AcDbEntity
  8
PDF2_Texto
 62
     0
440
 16777216
100
AcDbMText
 10
79.70336018823764
 20
-232.8214070318413
 30
0.0
 40
9.458283195209327
 41
153.1011982463355
 46
0.0
 71
     2
 72
     5
  1
1A
 73
     1
 44
1.0
  0
MTEXT
  5
AEBA
330
AD3D
100
AcDbEntity
  8
PDF2_Texto
 62
     0
440
 16777216
100
AcDbMText
 10
239.1100805647129
 20
-232.8214070318413
 30
0.0
 40
9.458283195209327
 41
153.1011982463355
 46
0.0
 71
     2
 72
     5
  1
SEÑAL
 73
     1
 44
1.0
  0
MTEXT
  5
AEBB
330
AD3D
100
AcDbEntity
  8
PDF2_Texto
 62
     0
440
 16777216
100
AcDbMText
 10
398.5168009411877
 20
-232.8214070318413
 30
0.0
 40
9.458283195209327
 41
153.1011982463355
 46
0.0
 71
     2
 72
     5
  1
7x1,5 + C
 73
     1
 44
1.0
  0
MTEXT
  5
AEBC
330
AD3D
100
AcDbEntity
  8
PDF2_Texto
 62
     0
440
 16777216
100
AcDbMText
 10
634.474120440831
 20
-232.8214070318413
 30
0.0
 40
9.458283195209327
 41
153.1011982463355
 46
0.0
 71
     3
 72
     5
  1
300
 73
     1
 44
1.0
  0
MTEXT
  5
AEBD
330
AD3D
100
AcDbEntity
  8
PDF2_Texto
 62
     0
440
 16777216
100
AcDbMText
 10
79.70336018823764
 20
-257.87306975925
 30
0.0
 40
9.458283195209327
 41
153.1011982463355
 46
0.0
 71
     2
 72
     5
  1
5ABF
 73
     1
 44
1.0
  0
MTEXT
  5
AEBE
330
AD3D
100
AcDbEntity
  8
PDF2_Texto
 62
     0
440
 16777216
100
AcDbMText
 10
239.1100805647129
 20
-257.87306975925
 30
0.0
 40
9.458283195209327
 41
153.1011982463355
 46
0.0
 71
     2
 72
     5
  1
SEÑAL
 73
     1
 44
1.0
  0
MTEXT
  5
AEBF
330
AD3D
100
AcDbEntity
  8
PDF2_Texto
 62
     0
440
 16777216
100
AcDbMText
 10
398.5168009411877
 20
-257.87306975925
 30
0.0
 40
9.458283195209327
 41
153.1011982463355
 46
0.0
 71
     2
 72
     5
  1
2x7x1,5 + C
 73
     1
 44
1.0
  0
MTEXT
  5
AEC0
330
AD3D
100
AcDbEntity
  8
PDF2_Texto
 62
     0
440
 16777216
100
AcDbMText
 10
634.474120440831
 20
-257.87306975925
 30
0.0
 40
9.458283195209327
 41
153.1011982463355
 46
0.0
 71
     3
 72
     5
  1
350
 73
     1
 44
1.0
  0
MTEXT
  5
AEC1
330
AD3D
100
AcDbEntity
  8
PDF2_Texto
 62
     0
440
 16777216
100
AcDbMText
 10
79.70336018823764
 20
-282.9247324866587
 30
0.0
 40
9.458283195209327
 41
153.1011982463355
 46
0.0
 71
     2
 72
     5
  1
3AB/3AF
 73
     1
 44
1.0
  0
MTEXT
  5
AEC2
330
AD3D
100
AcDbEntity
  8
PDF2_Texto
 62
     0
440
 16777216
100
AcDbMText
 10
239.1100805647129
 20
-282.9247324866587
 30
0.0
 40
9.458283195209327
 41
153.1011982463355
 46
0.0
 71
     2
 72
     5
  1
SEÑAL
 73
     1
 44
1.0
  0
MTEXT
  5
AEC3
330
AD3D
100
AcDbEntity
  8
PDF2_Texto
 62
     0
440
 16777216
100
AcDbMText
 10
398.5168009411877
 20
-282.9247324866587
 30
0.0
 40
9.458283195209327
 41
153.1011982463355
 46
0.0
 71
     2
 72
     5
  1
2x7x1,5 + C
 73
     1
 44
1.0
  0
MTEXT
  5
AEC4
330
AD3D
100
AcDbEntity
  8
PDF2_Texto
 62
     0
440
 16777216
100
AcDbMText
 10
634.474120440831
 20
-282.9247324866587
 30
0.0
 40
9.458283195209327
 41
153.1011982463355
 46
0.0
 71
     3
 72
     5
  1
450
 73
     1
 44
1.0
  0
MTEXT
  5
AEC5
330
AD3D
100
AcDbEntity
  8
PDF2_Texto
 62
     0
440
 16777216
100
AcDbMText
 10
79.70336018823764
 20
-307.9763952140674
 30
0.0
 40
9.458283195209327
 41
153.1011982463355
 46
0.0
 71
     2
 72
     5
  1
2DE/2DG
 73
     1
 44
1.0
  0
MTEXT
  5
AEC6
330
AD3D
100
AcDbEntity
  8
PDF2_Texto
 62
     0
440
 16777216
100
AcDbMText
 10
239.1100805647129
 20
-307.9763952140674
 30
0.0
 40
9.458283195209327
 41
153.1011982463355
 46
0.0
 71
     2
 72
     5
  1
SEÑAL
 73
     1
 44
1.0
  0
MTEXT
  5
AEC7
330
AD3D
100
AcDbEntity
  8
PDF2_Texto
 62
     0
440
 16777216
100
AcDbMText
 10
398.5168009411877
 20
-307.9763952140674
 30
0.0
 40
9.458283195209327
 41
153.1011982463355
 46
0.0
 71
     2
 72
     5
  1
2x7x1,5 + C
 73
     1
 44
1.0
  0
MTEXT
  5
AEC8
330
AD3D
100
AcDbEntity
  8
PDF2_Texto
 62
     0
440
 16777216
100
AcDbMText
 10
634.474120440831
 20
-307.9763952140674
 30
0.0
 40
9.458283195209327
 41
153.1011982463355
 46
0.0
 71
     3
 72
     5
  1
500
 73
     1
 44
1.0
  0
MTEXT
  5
AEC9
330
AD3D
100
AcDbEntity
  8
PDF2_Texto
 62
     0
440
 16777216
100
AcDbMText
 10
79.70336018823764
 20
-333.0280579414762
 30
0.0
 40
9.458283195209327
 41
153.1011982463355
 46
0.0
 71
     2
 72
     5
  1
6DGE
 73
     1
 44
1.0
  0
MTEXT
  5
AEE8
330
AD3D
100
AcDbEntity
  8
PDF2_Texto
 62
     0
440
 16777216
100
AcDbMText
 10
239.1100805647129
 20
-333.0280579414762
 30
0.0
 40
9.458283195209327
 41
153.1011982463355
 46
0.0
 71
     2
 72
     5
  1
SEÑAL
 73
     1
 44
1.0
  0
MTEXT
  5
AEF3
330
AD3D
100
AcDbEntity
  8
PDF2_Texto
 62
     0
440
 16777216
100
AcDbMText
 10
398.5168009411877
 20
-333.0280579414762
 30
0.0
 40
9.458283195209327
 41
153.1011982463355
 46
0.0
 71
     2
 72
     5
  1
2x7x1,5 + C
 73
     1
 44
1.0
  0
MTEXT
  5
AEFE
330
AD3D
100
AcDbEntity
  8
PDF2_Texto
 62
     0
440
 16777216
100
AcDbMText
 10
634.474120440831
 20
-333.0280579414762
 30
0.0
 40
9.458283195209327
 41
153.1011982463355
 46
0.0
 71
     3
 72
     5
  1
600
 73
     1
 44
1.0
  0
MTEXT
  5
AF13
330
AD3D
100
AcDbEntity
  8
PDF2_Texto
 62
     0
440
 16777216
100
AcDbMText
 10
79.70336018823764
 20
-358.0797206688849
 30
0.0
 40
9.458283195209327
 41
153.1011982463355
 46
0.0
 71
     2
 72
     5
  1
4D
 73
     1
 44
1.0
  0
MTEXT
  5
AF63
330
AD3D
100
AcDbEntity
  8
PDF2_Texto
 62
     0
440
 16777216
100
AcDbMText
 10
239.1100805647129
 20
-358.0797206688849
 30
0.0
 40
9.458283195209327
 41
153.1011982463355
 46
0.0
 71
     2
 72
     5
  1
SEÑAL
 73
     1
 44
1.0
  0
MTEXT
  5
AF64
330
AD3D
100
AcDbEntity
  8
PDF2_Texto
 62
     0
440
 16777216
100
AcDbMText
 10
398.5168009411877
 20
-358.0797206688849
 30
0.0
 40
9.458283195209327
 41
153.1011982463355
 46
0.0
 71
     2
 72
     5
  1
7x1,5 + C
 73
     1
 44
1.0
  0
MTEXT
  5
AF65
330
AD3D
100
AcDbEntity
  8
PDF2_Texto
 62
     0
440
 16777216
100
AcDbMText
 10
634.474120440831
 20
-358.0797206688849
 30
0.0
 40
9.458283195209327
 41
153.1011982463355
 46
0.0
 71
     3
 72
     5
  1
1200
 73
     1
 44
1.0
  0
MTEXT
  5
AF66
330
AD3D
100
AcDbEntity
  8
PDF2_Texto
 62
     0
440
 16777216
100
AcDbMText
 10
79.70336018823764
 20
-383.1313833962936
 30
0.0
 40
9.458283195209327
 41
153.1011982463355
 46
0.0
 71
     2
 72
     5
  1
A4D
 73
     1
 44
1.0
  0
MTEXT
  5
AF67
330
AD3D
100
AcDbEntity
  8
PDF2_Texto
 62
     0
440
 16777216
100
AcDbMText
 10
239.1100805647129
 20
-383.1313833962936
 30
0.0
 40
9.458283195209327
 41
153.1011982463355
 46
0.0
 71
     2
 72
     5
  1
SEÑAL
 73
     1
 44
1.0
  0
MTEXT
  5
AF68
330
AD3D
100
AcDbEntity
  8
PDF2_Texto
 62
     0
440
 16777216
100
AcDbMText
 10
398.5168009411877
 20
-383.1313833962936
 30
0.0
 40
9.458283195209327
 41
153.1011982463355
 46
0.0
 71
     2
 72
     5
  1
7x1,5 + C
 73
     1
 44
1.0
  0
MTEXT
  5
AFB4
330
AD3D
100
AcDbEntity
  8
PDF2_Texto
 62
     0
440
 16777216
100
AcDbMText
 10
634.474120440831
 20
-383.1313833962936
 30
0.0
 40
9.458283195209327
 41
153.1011982463355
 46
0.0
 71
     3
 72
     5
  1
1900
 73
     1
 44
1.0
  0
MTEXT
  5
AFB5
330
AD3D
100
AcDbEntity
  8
PDF2_Texto
 62
     0
440
 16777216
100
AcDbMText
 10
79.70336018823764
 20
-408.1830461237022
 30
0.0
 40
9.458283195209327
 41
153.1011982463355
 46
0.0
 71
     2
 72
     5
  1
JUNTA ENLACE
 73
     1
 44
1.0
  0
MTEXT
  5
AFB6
330
AD3D
100
AcDbEntity
  8
PDF2_Texto
 62
     0
440
 16777216
100
AcDbMText
 10
239.1100805647129
 20
-408.1830461237022
 30
0.0
 40
9.458283195209327
 41
153.1011982463355
 46
0.0
 71
     2
 72
     5
  1
CV
 73
     1
 44
1.0
  0
MTEXT
  5
AFB7
330
AD3D
100
AcDbEntity
  8
PDF2_Texto
 62
     0
440
 16777216
100
AcDbMText
 10
398.5168009411877
 20
-408.1830461237022
 30
0.0
 40
9.458283195209327
 41
153.1011982463355
 46
0.0
 71
     2
 72
     5
  1
3x10
 73
     1
 44
1.0
  0
MTEXT
  5
AFB8
330
AD3D
100
AcDbEntity
  8
PDF2_Texto
 62
     0
440
 16777216
100
AcDbMText
 10
634.474120440831
 20
-408.1830461237022
 30
0.0
 40
9.458283195209327
 41
153.1011982463355
 46
0.0
 71
     3
 72
     5
  1
600
 73
     1
 44
1.0
  0
MTEXT
  5
AFB9
330
AD3D
100
AcDbEntity
  8
PDF2_Texto
 62
     0
440
 16777216
100
AcDbMText
 10
79.70336018823764
 20
-433.2347088511109
 30
0.0
 40
9.458283195209327
 41
153.1011982463355
 46
0.0
 71
     2
 72
     5
  1
JUNTA CARGIL
 73
     1
 44
1.0
  0
MTEXT
  5
AFBA
330
AD3D
100
AcDbEntity
  8
PDF2_Texto
 62
     0
440
 16777216
100
AcDbMText
 10
239.1100805647129
 20
-433.2347088511109
 30
0.0
 40
9.458283195209327
 41
153.1011982463355
 46
0.0
 71
     2
 72
     5
  1
CV
 73
     1
 44
1.0
  0
MTEXT
  5
AFBB
330
AD3D
100
AcDbEntity
  8
PDF2_Texto
 62
     0
440
 16777216
100
AcDbMText
 10
398.5168009411877
 20
-433.2347088511109
 30
0.0
 40
9.458283195209327
 41
153.1011982463355
 46
0.0
 71
     2
 72
     5
  1
3x10
 73
     1
 44
1.0
  0
MTEXT
  5
AFBC
330
AD3D
100
AcDbEntity
  8
PDF2_Texto
 62
     0
440
 16777216
100
AcDbMText
 10
634.474120440831
 20
-433.2347088511109
 30
0.0
 40
9.458283195209327
 41
153.1011982463355
 46
0.0
 71
     3
 72
     5
  1
350
 73
     1
 44
1.0
  0
MTEXT
  5
AFC9
330
AD3D
100
AcDbEntity
  8
PDF2_Texto
 62
     0
440
 16777216
100
AcDbMText
 10
79.70336018823764
 20
-458.2863715785197
 30
0.0
 40
9.458283195209327
 41
153.1011982463355
 46
0.0
 71
     2
 72
     5
  1
CONTADOR 1
 73
     1
 44
1.0
  0
MTEXT
  5
AFCA
330
AD3D
100
AcDbEntity
  8
PDF2_Texto
 62
     0
440
 16777216
100
AcDbMText
 10
239.1100805647129
 20
-458.2863715785197
 30
0.0
 40
9.458283195209327
 41
153.1011982463355
 46
0.0
 71
     2
 72
     5
  1
CE
 73
     1
 44
1.0
  0
MTEXT
  5
AFCB
330
AD3D
100
AcDbEntity
  8
PDF2_Texto
 62
     0
440
 16777216
100
AcDbMText
 10
398.5168009411877
 20
-458.2863715785197
 30
0.0
 40
9.458283195209327
 41
153.1011982463355
 46
0.0
 71
     2
 72
     5
  1
CUADRETE
 73
     1
 44
1.0
  0
MTEXT
  5
AFCC
330
AD3D
100
AcDbEntity
  8
PDF2_Texto
 62
     0
440
 16777216
100
AcDbMText
 10
634.474120440831
 20
-458.2863715785197
 30
0.0
 40
9.458283195209327
 41
153.1011982463355
 46
0.0
 71
     3
 72
     5
  1
350
 73
     1
 44
1.0
  0
MTEXT
  5
AFCD
330
AD3D
100
AcDbEntity
  8
PDF2_Texto
 62
     0
440
 16777216
100
AcDbMText
 10
79.70336018823764
 20
-483.3380343059284
 30
0.0
 40
9.458283195209327
 41
153.1011982463355
 46
0.0
 71
     2
 72
     5
  1
CONTADOR 2
 73
     1
 44
1.0
  0
MTEXT
  5
AFCE
330
AD3D
100
AcDbEntity
  8
PDF2_Texto
 62
     0
440
 16777216
100
AcDbMText
 10
239.1100805647129
 20
-483.3380343059284
 30
0.0
 40
9.458283195209327
 41
153.1011982463355
 46
0.0
 71
     2
 72
     5
  1
CE
 73
     1
 44
1.0
  0
MTEXT
  5
AFCF
330
AD3D
100
AcDbEntity
  8
PDF2_Texto
 62
     0
440
 16777216
100
AcDbMText
 10
398.5168009411877
 20
-483.3380343059284
 30
0.0
 40
9.458283195209327
 41
153.1011982463355
 46
0.0
 71
     2
 72
     5
  1
CUADRETE
 73
     1
 44
1.0
  0
MTEXT
  5
AFD0
330
AD3D
100
AcDbEntity
  8
PDF2_Texto
 62
     0
440
 16777216
100
AcDbMText
 10
634.474120440831
 20
-483.3380343059284
 30
0.0
 40
9.458283195209327
 41
153.1011982463355
 46
0.0
 71
     3
 72
     5
  1
500
 73
     1
 44
1.0
  0
MTEXT
  5
AFD1
330
AD3D
100
AcDbEntity
  8
PDF2_Texto
 62
     0
440
 16777216
100
AcDbMText
 10
79.70336018823764
 20
-508.3896970333371
 30
0.0
 40
9.458283195209327
 41
153.1011982463355
 46
0.0
 71
     2
 72
     5
  1
CONTADOR 3
 73
     1
 44
1.0
  0
MTEXT
  5
AFD2
330
AD3D
100
AcDbEntity
  8
PDF2_Texto
 62
     0
440
 16777216
100
AcDbMText
 10
239.1100805647129
 20
-508.3896970333371
 30
0.0
 40
9.458283195209327
 41
153.1011982463355
 46
0.0
 71
     2
 72
     5
  1
CE
 73
     1
 44
1.0
  0
MTEXT
  5
AFD3
330
AD3D
100
AcDbEntity
  8
PDF2_Texto
 62
     0
440
 16777216
100
AcDbMText
 10
398.5168009411877
 20
-508.3896970333371
 30
0.0
 40
9.458283195209327
 41
153.1011982463355
 46
0.0
 71
     2
 72
     5
  1
CUADRETE
 73
     1
 44
1.0
  0
MTEXT
  5
AFD4
330
AD3D
100
AcDbEntity
  8
PDF2_Texto
 62
     0
440
 16777216
100
AcDbMText
 10
634.474120440831
 20
-508.3896970333371
 30
0.0
 40
9.458283195209327
 41
153.1011982463355
 46
0.0
 71
     3
 72
     5
  1
600
 73
     1
 44
1.0
  0
LINE
  5
AD3E
330
AD3D
100
AcDbEntity
  8
PDF2_Texto
  6
ByBlock
 62
     0
440
 16777216
370
    -2
100
AcDbLine
 10
0.0
 20
0.0
 30
0.0
 11
637.626881505901
 21
0.0
 31
0.0
  0
LINE
  5
AD3F
330
AD3D
100
AcDbEntity
  8
PDF2_Texto
  6
ByBlock
 62
     0
440
 16777216
370
    -2
100
AcDbLine
 10
0.0
 20
-29.255344147502
 30
0.0
 11
637.626881505901
 21
-29.255344147502
 31
0.0
  0
LINE
  5
AD40
330
AD3D
100
AcDbEntity
  8
PDF2_Texto
  6
ByBlock
 62
     0
440
 16777216
370
    -2
100
AcDbLine
 10
0.0
 20
-54.30700687491071
 30
0.0
 11
637.626881505901
 21
-54.30700687491071
 31
0.0
  0
LINE
  5
AD41
330
AD3D
100
AcDbEntity
  8
PDF2_Texto
  6
ByBlock
 62
     0
440
 16777216
370
    -2
100
AcDbLine
 10
0.0
 20
-79.35866960231942
 30
0.0
 11
637.626881505901
 21
-79.35866960231942
 31
0.0
  0
LINE
  5
AD42
330
AD3D
100
AcDbEntity
  8
PDF2_Texto
  6
ByBlock
 62
     0
440
 16777216
370
    -2
100
AcDbLine
 10
0.0
 20
-104.4103323297281
 30
0.0
 11
637.626881505901
 21
-104.4103323297281
 31
0.0
  0
LINE
  5
AD43
330
AD3D
100
AcDbEntity
  8
PDF2_Texto
  6
ByBlock
 62
     0
440
 16777216
370
    -2
100
AcDbLine
 10
0.0
 20
-129.4619950571368
 30
0.0
 11
637.626881505901
 21
-129.4619950571368
 31
0.0
  0
LINE
  5
AD44
330
AD3D
100
AcDbEntity
  8
PDF2_Texto
  6
ByBlock
 62
     0
440
 16777216
370
    -2
100
AcDbLine
 10
0.0
 20
-154.5136577845455
 30
0.0
 11
637.626881505901
 21
-154.5136577845455
 31
0.0
  0
LINE
  5
AD45
330
AD3D
100
AcDbEntity
  8
PDF2_Texto
  6
ByBlock
 62
     0
440
 16777216
370
    -2
100
AcDbLine
 10
0.0
 20
-179.5653205119542
 30
0.0
 11
637.626881505901
 21
-179.5653205119542
 31
0.0
  0
LINE
  5
AD46
330
AD3D
100
AcDbEntity
  8
PDF2_Texto
  6
ByBlock
 62
     0
440
 16777216
370
    -2
100
AcDbLine
 10
0.0
 20
-204.616983239363
 30
0.0
 11
637.626881505901
 21
-204.616983239363
 31
0.0
  0
LINE
  5
AD47
330
AD3D
100
AcDbEntity
  8
PDF2_Texto
  6
ByBlock
 62
     0
440
 16777216
370
    -2
100
AcDbLine
 10
0.0
 20
-229.6686459667717
 30
0.0
 11
637.626881505901
 21
-229.6686459667717
 31
0.0
  0
LINE
  5
AD48
330
AD3D
100
AcDbEntity
  8
PDF2_Texto
  6
ByBlock
 62
     0
440
 16777216
370
    -2
100
AcDbLine
 10
0.0
 20
-254.7203086941804
 30
0.0
 11
637.626881505901
 21
-254.7203086941804
 31
0.0
  0
LINE
  5
AD89
330
AD3D
100
AcDbEntity
  8
PDF2_Texto
  6
ByBlock
 62
     0
440
 16777216
370
    -2
100
AcDbLine
 10
0.0
 20
-279.7719714215891
 30
0.0
 11
637.626881505901
 21
-279.7719714215891
 31
0.0
  0
LINE
  5
AD8A
330
AD3D
100
AcDbEntity
  8
PDF2_Texto
  6
ByBlock
 62
     0
440
 16777216
370
    -2
100
AcDbLine
 10
0.0
 20
-304.8236341489978
 30
0.0
 11
637.626881505901
 21
-304.8236341489978
 31
0.0
  0
LINE
  5
AD8B
330
AD3D
100
AcDbEntity
  8
PDF2_Texto
  6
ByBlock
 62
     0
440
 16777216
370
    -2
100
AcDbLine
 10
0.0
 20
-329.8752968764065
 30
0.0
 11
637.626881505901
 21
-329.8752968764065
 31
0.0
  0
LINE
  5
AD8C
330
AD3D
100
AcDbEntity
  8
PDF2_Texto
  6
ByBlock
 62
     0
440
 16777216
370
    -2
100
AcDbLine
 10
0.0
 20
-354.9269596038152
 30
0.0
 11
637.626881505901
 21
-354.9269596038152
 31
0.0
  0
LINE
  5
AD8D
330
AD3D
100
AcDbEntity
  8
PDF2_Texto
  6
ByBlock
 62
     0
440
 16777216
370
    -2
100
AcDbLine
 10
0.0
 20
-379.9786223312239
 30
0.0
 11
637.626881505901
 21
-379.9786223312239
 31
0.0
  0
LINE
  5
AD8E
330
AD3D
100
AcDbEntity
  8
PDF2_Texto
  6
ByBlock
 62
     0
440
 16777216
370
    -2
100
AcDbLine
 10
0.0
 20
-405.0302850586326
 30
0.0
 11
637.626881505901
 21
-405.0302850586326
 31
0.0
  0
LINE
  5
AEAF
330
AD3D
100
AcDbEntity
  8
PDF2_Texto
  6
ByBlock
 62
     0
440
 16777216
370
    -2
100
AcDbLine
 10
0.0
 20
-430.0819477860414
 30
0.0
 11
637.626881505901
 21
-430.0819477860414
 31
0.0
  0
LINE
  5
AEB0
330
AD3D
100
AcDbEntity
  8
PDF2_Texto
  6
ByBlock
 62
     0
440
 16777216
370
    -2
100
AcDbLine
 10
0.0
 20
-455.1336105134501
 30
0.0
 11
637.626881505901
 21
-455.1336105134501
 31
0.0
  0
LINE
  5
AEB1
330
AD3D
100
AcDbEntity
  8
PDF2_Texto
  6
ByBlock
 62
     0
440
 16777216
370
    -2
100
AcDbLine
 10
0.0
 20
-480.1852732408588
 30
0.0
 11
637.626881505901
 21
-480.1852732408588
 31
0.0
  0
LINE
  5
AEB2
330
AD3D
100
AcDbEntity
  8
PDF2_Texto
  6
ByBlock
 62
     0
440
 16777216
370
    -2
100
AcDbLine
 10
0.0
 20
-505.2369359682675
 30
0.0
 11
637.626881505901
 21
-505.2369359682675
 31
0.0
  0
LINE
  5
AEB3
330
AD3D
100
AcDbEntity
  8
PDF2_Texto
  6
ByBlock
 62
     0
440
 16777216
370
    -2
100
AcDbLine
 10
0.0
 20
-530.2885986956762
 30
0.0
 11
637.626881505901
 21
-530.2885986956762
 31
0.0
  0
LINE
  5
AEB4
330
AD3D
100
AcDbEntity
  8
PDF2_Texto
  6
ByBlock
 62
     0
440
 16777216
370
    -2
100
AcDbLine
 10
0.0
 20
0.0
 30
0.0
 11
0.0
 21
-530.2885986956762
 31
0.0
  0
LINE
  5
AEB5
330
AD3D
100
AcDbEntity
  8
PDF2_Texto
  6
ByBlock
 62
     0
440
 16777216
370
    -2
100
AcDbLine
 10
159.4067203764752
 20
-29.255344147502
 30
0.0
 11
159.4067203764752
 21
-530.2885986956762
 31
0.0
  0
LINE
  5
AF61
330
AD3D
100
AcDbEntity
  8
PDF2_Texto
  6
ByBlock
 62
     0
440
 16777216
370
    -2
100
AcDbLine
 10
318.8134407529505
 20
-29.255344147502
 30
0.0
 11
318.8134407529505
 21
-530.2885986956762
 31
0.0
  0
LINE
  5
AF62
330
AD3D
100
AcDbEntity
  8
PDF2_Texto
  6
ByBlock
 62
     0
440
 16777216
370
    -2
100
AcDbLine
 10
478.2201611294258
 20
-29.255344147502
 30
0.0
 11
478.2201611294258
 21
-530.2885986956762
 31
0.0
  0
LINE
  5
AFB1
330
AD3D
100
AcDbEntity
  8
PDF2_Texto
  6
ByBlock
 62
     0
440
 16777216
370
    -2
100
AcDbLine
 10
637.626881505901
 20
0.0
 30
0.0
 11
637.626881505901
 21
-530.2885986956762
 31
0.0
  0
LINE
  5
AFB2
330
AD3D
100
AcDbEntity
  8
Defpoints
 62
     8
440
 16777216
 60
     1
370
     0
100
AcDbLine
 10
0.0
 20
0.0
 30
0.0
 11
0.0
 21
0.0
 31
0.0
  0
ENDBLK
  5
AD4A
330
AD3D
100
AcDbEntity
  8
0
100
AcDbBlockEnd
  0
BLOCK
  5
AF59
330
AF55
100
AcDbEntity
  8
0
100
AcDbBlockBegin
  2
A$C81f426b4
 70
     0
 10
0.0
 20
0.0
 30
0.0
  3
A$C81f426b4
  1

  0
MTEXT
  5
AF56
330
AF55
100
AcDbEntity
  8
CABLES FZA
100
AcDbMText
 10
0.0
 20
5.999499999999898
 30
0.0
 40
5.9995
 41
233.0420339775953
 46
0.0
 71
     1
 72
     5
  1
\pxql,t1;^I450 metros (3x10)
 73
     1
 44
1.0
101
Embedded Object
 70
     1
 10
1.0
 20
0.0
 30
0.0
 11
0.0
 21
5.999499999999898
 31
0.0
 40
233.0420339775953
 41
0.0
 42
97.9918333333333
 43
5.999500000000001
 71
     2
 72
     1
 44
233.0420339775953
 45
12.5
 73
     0
 74
     0
 46
0.0
  0
ENDBLK
  5
AF5A
330
AF55
100
AcDbEntity
  8
0
100
AcDbBlockEnd
  0
BLOCK
  5
B071
330
B06B
100
AcDbEntity
  8
0
100
AcDbBlockBegin
  2
A$C746512cf
 70
     0
 10
0.0
 20
0.0
 30
0.0
  3
A$C746512cf
  1

  0
VIEWPORT
  5
B06C
102
{ACAD_XDICTIONARY
360
B06D
102
}
330
B06B
100
AcDbEntity
  8
Defpoints
100
AcDbViewport
 10
63.81975321362597
 20
15.62811079931428
 30
0.0
 40
127.639506427252
 41
31.25622159862857
 69
     0
 12
549.4092572675064
 22
-416.5660788903618
 13
0.0
 23
0.0
 14
10.0
 24
10.0
 15
10.0
 25
10.0
 16
0.0000000000006821
 26
0.0
 36
2563.723448164022
 17
1457.41830750732
 27
-1245.625517002882
 37
0.0000000000002853
 42
50.0
 43
0.0
 44
0.0
 45
92.06150987184459
 50
0.0
 51
0.0
 72
  1000
 90
   819296
  1

281
     0
 71
     1
 74
     0
110
0.0
120
0.0
130
0.0
111
1.0
121
0.0
131
0.0
112
0.0
122
1.0
132
0.0
 79
     0
146
0.0
170
     0
 61
     5
348
2F
292
     1
282
     1
141
0.0
142
0.0
 63
   250
421
  3355443
  0
ENDBLK
  5
B072
330
B06B
100
AcDbEntity
  8
0
100
AcDbBlockEnd
  0
BLOCK
  5
BD7F
330
BD7E
100
AcDbEntity
 67
     1
  8
0
100
AcDbBlockBegin
  2
*Paper_Space3
 70
     0
 10
0.0
 20
0.0
 30
0.0
  3
*Paper_Space3
  1

  0
VIEWPORT
  5
BD80
102
{ACAD_XDICTIONARY
360
BD81
102
}
330
BD7E
100
AcDbEntity
 67
     1
  8
0
100
AcDbViewport
 10
629.1293960642508
 20
162.0670511397235
 30
0.0
 40
549.5139075542144
 41
216.2629696146646
 68
     0
 69
     0
 12
629.1293960642508
 22
162.0670511397235
 13
0.0
 23
0.0
 14
10.0
 24
10.0
 15
10.0
 25
10.0
 16
0.0
 26
0.0
 36
1.0
 17
0.0
 27
0.0
 37
0.0
 42
50.0
 43
0.0
 44
0.0
 45
216.2629696146646
 50
0.0
 51
0.0
 72
  1000
331
A290
331
A299
331
A29B
331
A2A1
331
A2A4
331
A2A9
331
A2B2
331
A38C
331
A3DB
331
A47A
 90
   819232
  1

281
     0
 71
     1
 74
     0
110
0.0
120
0.0
130
0.0
111
1.0
121
0.0
131
0.0
112
0.0
122
1.0
132
0.0
 79
     0
146
0.0
170
     0
 61
     5
348
2F
292
     1
282
     1
141
0.0
142
0.0
 63
   250
421
  3355443
  0
VIEWPORT
  5
BD83
102
{ACAD_XDICTIONARY
360
BD84
102
}
330
BD7E
100
AcDbEntity
 67
     1
  8
Defpoints
100
AcDbViewport
 10
548.9911455180809
 20
187.7204696797781
 30
0.0
 40
380.5714358210123
 41
165.2282509913255
 68
     0
 69
     0
 12
21.76613952698244
 22
1.456861706234501
 13
0.0
 23
0.0
 14
10.0
 24
10.0
 15
10.0
 25
10.0
 16
0.0000000000006821
 26
0.0
 36
2274.76821651462
 17
1483.297486031478
 27
-1246.38417612752
 37
0.0000000000002784
 42
50.0
 43
0.0
 44
0.0
 45
763.9001946929562
 50
0.0
 51
0.0
 72
  1000
331
AC54
331
AC8D
331
AFEF
331
BC2E
331
BEB5
331
A290
331
A299
331
A29B
331
A2A1
331
A2A4
331
A2A9
331
A2B2
331
A3DB
331
A47A
 90
   819296
  1

281
     0
 71
     1
 74
     0
110
0.0
120
0.0
130
0.0
111
1.0
121
0.0
131
0.0
112
0.0
122
1.0
132
0.0
 79
     0
146
0.0
170
     0
 61
     5
348
2F
292
     1
282
     1
141
0.0
142
0.0
 63
   250
421
  3355443
  0
MTEXT
  5
BD86
102
{ACAD_XDICTIONARY
360
BD87
102
}
330
BD7E
100
AcDbEntity
 67
     1
  8
0
100
AcDbMText
 10
622.0046207957757
 20
13.81438153208978
 30
0.0
 40
2.5
 41
80.0
 46
0.0
 71
     1
 72
     5
  1
\pxqc;        
 73
     1
 44
1.0
101
Embedded Object
 70
     1
 10
1.0
 20
0.0
 30
0.0
 11
622.0046207957757
 21
13.81438153208978
 31
0.0
 40
80.0
 41
0.0
 42
20.0
 43
2.5
 71
     2
 72
     1
 44
80.0
 45
12.5
 73
     0
 74
     0
 46
0.0
  0
VIEWPORT
  5
BD88
102
{ACAD_XDICTIONARY
360
BD89
102
}
330
BD7E
100
AcDbEntity
 67
     1
  8
Defpoints
100
AcDbViewport
 10
414.9199434576543
 20
60.01605340804303
 30
0.0
 40
112.4290317001591
 41
90.18058155214477
 68
     0
 69
     0
 12
303.0563458628341
 22
0.0
 13
0.0
 23
0.0
 14
10.0
 24
10.0
 15
10.0
 25
10.0
 16
0.0000000000000568
 26
0.0
 36
435.5448667471093
 17
-398.3988224580016
 27
-811.600561782612
 37
0.0000000000006638
 42
50.0
 43
0.0
 44
0.0
 45
222.0348698135767
 50
0.0
 51
0.0
 72
  1000
 90
   835680
  1

281
     0
 71
     1
 74
     0
110
0.0
120
0.0
130
0.0
111
1.0
121
0.0
131
0.0
112
0.0
122
1.0
132
0.0
 79
     0
146
0.0
170
     0
 61
     5
348
2F
292
     1
282
     1
141
0.0
142
0.0
 63
   250
421
  3355443
  0
VIEWPORT
  5
BD8B
102
{ACAD_XDICTIONARY
360
BD8C
102
}
330
BD7E
100
AcDbEntity
 67
     1
  8
Defpoints
100
AcDbViewport
 10
675.2778579854086
 20
72.62946184711584
 30
0.0
 40
135.1941130204082
 41
30.11442722877625
 68
     0
 69
     0
 12
-542.8246283630126
 22
-478.1097078351385
 13
0.0
 23
0.0
 14
10.0
 24
10.0
 15
10.0
 25
10.0
 16
0.0000000000006821
 26
0.0
 36
2563.723448164022
 17
1457.41830750732
 27
-1245.625517002882
 37
0.0000000000002853
 42
50.0
 43
0.0
 44
0.0
 45
89.75979588300919
 50
0.0
 51
0.0
 72
  1000
331
9811
 90
   819296
  1

281
     0
 71
     1
 74
     0
110
0.0
120
0.0
130
0.0
111
1.0
121
0.0
131
0.0
112
0.0
122
1.0
132
0.0
 79
     0
146
0.0
170
     0
 61
     5
348
2F
292
     1
282
     1
141
0.0
142
0.0
 63
   250
421
  3355443
  0
INSERT
  5
BD8E
330
BD7E
100
AcDbEntity
 67
     1
  8
Viewport
100
AcDbBlockReference
  2
a3
 10
332.8749144956132
 20
-2.801650862131168
 30
0.0
  0
INSERT
  5
BD8F
330
BD7E
100
AcDbEntity
 67
     1
  8
Viewport
100
AcDbBlockReference
 66
     1
  2
Rotulo SOFSE2
 10
742.8749144956132
 20
7.198349137868717
 30
0.0
 41
0.9632292826152969
 42
0.9632292826152969
 43
0.9632292826152969
  0
ATTRIB
  5
BD90
330
BD8F
100
AcDbEntity
 67
     1
  8
TEXTO
100
AcDbText
 10
577.8135365534494
 20
18.99790784990597
 30
0.0
 40
2.408073206538242
  1
SUBGERENCIA DE SEÑALAMIENTO
 41
1.1
  7
ISOCPEUR
 72
     1
 11
604.1698977990104
 21
20.20194445317509
 31
0.0
100
AcDbAttribute
280
     0
  2
AREA
 70
     0
 74
     2
280
     1
  0
ATTRIB
  5
BD91
330
BD8F
100
AcDbEntity
 67
     1
  8
TEXTO
100
AcDbText
 10
644.9048641608113
 20
51.0252814968646
 30
0.0
 40
2.889687847845891
  1
Esquemático de canalizaciones y fundaciones
 41
1.1
  7
ISOCPEUR
 72
     1
 11
688.4524600278489
 21
52.47012542078755
 31
0.0
100
AcDbAttribute
280
     0
  2
ELEMENTO/CONJUNTO
 70
     0
 74
     2
280
     1
  0
ATTRIB
  5
BD92
330
BD8F
100
AcDbEntity
 67
     1
  8
TEXTO
100
AcDbText
 10
688.4524600278489
 20
43.31944723594225
 30
0.0
 40
2.889687847845891
  1

 41
1.1
  7
ISOCPEUR
 72
     1
 11
688.4524600278489
 21
44.76429115986519
 31
0.0
100
AcDbAttribute
280
     0
  2
PARTE/GRUPO
 70
     0
 74
     2
280
     1
  0
ATTRIB
  5
BD93
330
BD8F
100
AcDbEntity
 67
     1
  8
TEXTO
100
AcDbText
 10
688.4524600278489
 20
35.61361297501984
 30
0.0
 40
2.889687847845891
  1

 41
1.1
  7
ISOCPEUR
 72
     1
 11
688.4524600278489
 21
37.05845689894278
 31
0.0
100
AcDbAttribute
280
     0
  2
TEMA/CLASIFICACION
 70
     0
 74
     2
280
     1
  0
ATTRIB
  5
BD94
330
BD8F
100
AcDbEntity
 67
     1
  8
TEXTO
100
AcDbText
 10
634.9932348427
 20
30.1713675282432
 30
0.0
 40
1.733812708707534
  1
RELEVO:
 41
1.1
  7
ISOCPEUR
 11
634.9932348427
 21
31.03827388259697
 31
0.0
100
AcDbAttribute
280
     0
  2
PROY./REL.
 70
     0
 74
     2
280
     1
  0
ATTRIB
  5
BD95
330
BD8F
100
AcDbEntity
 67
     1
  8
TEXTO
100
AcDbText
 10
650.4049033645446
 20
30.1713675282432
 30
0.0
 40
1.733812708707534
  1

 41
1.1
  7
ISOCPEUR
 11
650.4049033645446
 21
31.03827388259697
 31
0.0
100
AcDbAttribute
280
     0
  2
PROYECTO/RELEVO
 70
     0
 74
     2
280
     1
  0
ATTRIB
  5
BD96
330
BD8F
100
AcDbEntity
 67
     1
  8
TEXTO
100
AcDbText
 10
695.6766796474637
 20
30.1713675282432
 30
0.0
 40
1.733812708707534
  1

 41
1.1
  7
ISOCPEUR
 72
     1
 11
695.6766796474637
 21
31.03827388259697
 31
0.0
100
AcDbAttribute
280
     0
  2
FECHA_PROY_REL
 70
     0
 74
     2
280
     1
  0
ATTRIB
  5
BD97
330
BD8F
100
AcDbEntity
 67
     1
  8
TEXTO
100
AcDbText
 10
650.4049033645446
 20
25.83683575647468
 30
0.0
 40
1.733812708707534
  1

 41
1.1
  7
ISOCPEUR
 11
650.4049033645446
 21
26.70374211082844
 31
0.0
100
AcDbAttribute
280
     0
  2
DIBUJO
 70
     0
 74
     2
280
     1
  0
ATTRIB
  5
BD98
330
BD8F
100
AcDbEntity
 67
     1
  8
TEXTO
100
AcDbText
 10
695.6766796474637
 20
25.83683575647468
 30
0.0
 40
1.733812708707534
  1

 41
1.1
  7
ISOCPEUR
 72
     1
 11
695.6766796474637
 21
26.70374211082844
 31
0.0
100
AcDbAttribute
280
     0
  2
FECHA_DIB
 70
     0
 74
     2
280
     1
  0
ATTRIB
  5
BD99
330
BD8F
100
AcDbEntity
 67
     1
  8
TEXTO
100
AcDbText
 10
650.4049033645446
 20
21.50230398470576
 30
0.0
 40
1.733812708707534
  1

 41
1.1
  7
ISOCPEUR
 11
650.4049033645446
 21
22.36921033905952
 31
0.0
100
AcDbAttribute
280
     0
  2
REVISO
 70
     0
 74
     2
280
     1
  0
ATTRIB
  5
BD9A
330
BD8F
100
AcDbEntity
 67
     1
  8
TEXTO
100
AcDbText
 10
695.6766796474637
 20
21.50230398470576
 30
0.0
 40
1.733812708707534
  1

 41
1.1
  7
ISOCPEUR
 72
     1
 11
695.6766796474637
 21
22.36921033905952
 31
0.0
100
AcDbAttribute
280
     0
  2
FECHA_REV
 70
     0
 74
     2
280
     1
  0
ATTRIB
  5
BD9B
330
BD8F
100
AcDbEntity
 67
     1
  8
TEXTO
100
AcDbText
 10
650.4049033645446
 20
17.16777221293683
 30
0.0
 40
1.733812708707534
  1

 41
1.1
  7
ISOCPEUR
 11
650.4049033645446
 21
18.0346785672906
 31
0.0
100
AcDbAttribute
280
     0
  2
APROBO
 70
     0
 74
     2
280
     1
  0
ATTRIB
  5
BD9C
330
BD8F
100
AcDbEntity
 67
     1
  8
TEXTO
100
AcDbText
 10
695.6766796474637
 20
17.16777221293683
 30
0.0
 40
1.733812708707534
  1

 41
1.1
  7
ISOCPEUR
 72
     1
 11
695.6766796474637
 21
18.0346785672906
 31
0.0
100
AcDbAttribute
280
     0
  2
FECHA_APROBO
 70
     0
 74
     2
280
     1
  0
ATTRIB
  5
BD9D
330
BD8F
100
AcDbEntity
 67
     1
  8
TEXTO
100
AcDbText
 10
705.3089724736167
 20
26.07764307712827
 30
0.0
 40
2.889687847845891
  1

 41
1.1
  7
ISOCPEUR
 11
705.3089724736167
 21
27.52248700105122
 31
0.0
100
AcDbAttribute
280
     0
  2
T.CC.P.GG.0000
 70
     0
 74
     2
280
     1
  0
ATTRIB
  5
BD9E
330
BD8F
100
AcDbEntity
 67
     1
  8
TEXTO
100
AcDbText
 10
737.6132745393272
 20
25.83683575647456
 30
0.0
 40
2.408073206538242
  1
3
 41
1.1
  7
ISOCPEUR
 72
     1
 11
738.5403827238445
 21
27.04087235974367
 31
0.0
100
AcDbAttribute
280
     0
  2
R
 70
     0
 74
     2
280
     1
  0
ATTRIB
  5
BD9F
330
BD8F
100
AcDbEntity
 67
     1
  8
TEXTO
100
AcDbText
 10
705.3089724736167
 20
17.40857953359042
 30
0.0
 40
2.889687847845891
  1

 41
1.1
  7
ISOCPEUR
 11
705.3089724736167
 21
18.85342345751337
 31
0.0
100
AcDbAttribute
280
     0
  2
T.CC.P.GG.0000
 70
     0
 74
     2
280
     1
  0
ATTRIB
  5
BDA0
330
BD8F
100
AcDbEntity
 67
     1
  8
TEXTO
100
AcDbText
 10
705.3089724736167
 20
8.739515990052979
 30
0.0
 40
2.889687847845891
  1

 41
1.1
  7
ISOCPEUR
 11
705.3089724736167
 21
10.18435991397592
 31
0.0
100
AcDbAttribute
280
     0
  2
NUM00000000000N
 70
     0
 74
     2
280
     1
  0
ATTRIB
  5
BDA1
330
BD8F
100
AcDbEntity
 67
     1
  8
TEXTO
100
AcDbText
 10
656.7853341325884
 20
9.2211306313605
 30
0.0
 40
1.733812708707534
  1
N/A
 41
1.1
  7
ISOCPEUR
 72
     1
 11
659.0739669080824
 21
10.08803698571427
 31
0.0
100
AcDbAttribute
280
     0
  2
ESCALA
 70
     0
 74
     2
280
     1
  0
ATTRIB
  5
BDA2
330
BD8F
100
AcDbEntity
 67
     1
  8
TEXTO
100
AcDbText
 10
676.8127973767255
 20
9.2211306313605
 30
0.0
 40
1.733812708707534
  1
A3
 41
1.1
  7
ISOCPEUR
 72
     1
 11
678.3385525603883
 21
10.08803698571427
 31
0.0
100
AcDbAttribute
280
     0
  2
FORMATO
 70
     0
 74
     2
280
     1
  0
ATTRIB
  5
BDA3
330
BD8F
100
AcDbEntity
 67
     1
  8
TEXTO
100
AcDbText
 10
692.601088548073
 20
9.2211306313605
 30
0.0
 40
1.733812708707534
  1
5
 41
1.1
  7
ISOCPEUR
 72
     1
 11
693.2686064409254
 21
10.08803698571427
 31
0.0
100
AcDbAttribute
280
     0
  2
HN°
 70
     0
 74
     2
280
     1
  0
ATTRIB
  5
BDA4
330
BD8F
100
AcDbEntity
 67
     1
  8
TEXTO
100
AcDbText
 10
697.4172349611494
 20
9.2211306313605
 30
0.0
 40
1.733812708707534
  1
5
 41
1.1
  7
ISOCPEUR
 72
     1
 11
698.0847528540018
 21
10.08803698571427
 31
0.0
100
AcDbAttribute
280
     0
  2
HT
 70
     0
 74
     2
280
     1
  0
SEQEND
  5
BDA5
330
BD8F
100
AcDbEntity
 67
     1
  8
Viewport
  0
VIEWPORT
  5
BDA6
102
{ACAD_XDICTIONARY
360
BDA7
102
}
330
BD7E
100
AcDbEntity
 67
     1
  8
Defpoints
100
AcDbViewport
 10
529.030694688133
 20
51.24015031337907
 30
0.0
 40
86.47378805605814
 41
72.62877536281685
 68
     0
 69
     0
 12
-536.76090966543
 22
-723.3140943042453
 13
0.0
 23
0.0
 14
10.0
 24
10.0
 15
10.0
 25
10.0
 16
0.0000000000006821
 26
0.0
 36
2563.723448164022
 17
1457.41830750732
 27
-1245.625517002882
 37
0.0000000000002853
 42
50.0
 43
0.0
 44
0.0
 45
257.1538099737316
 50
0.0
 51
0.0
 72
  1000
331
9811
 90
   819296
  1

281
     0
 71
     1
 74
     0
110
0.0
120
0.0
130
0.0
111
1.0
121
0.0
131
0.0
112
0.0
122
1.0
132
0.0
 79
     0
146
0.0
170
     0
 61
     5
348
2F
292
     1
282
     1
141
0.0
142
0.0
 63
   250
421
  3355443
  0
ENDBLK
  5
BDA9
330
BD7E
100
AcDbEntity
 67
     1
  8
0
100
AcDbBlockEnd
  0
BLOCK
  5
B41F
330
B41C
100
AcDbEntity
  8
0
100
AcDbBlockBegin
  2
a3
 70
     0
 10
0.0
 20
0.0
 30
0.0
  3
a3
  1

  0
LINE
  5
B420
330
B41C
100
AcDbEntity
  8
Rótulo-Lineas gruesas
100
AcDbLine
 10
419.9999999999991
 20
297.0
 30
0.0
 11
-0.0000000000009095
 21
297.0
 31
0.0
  0
LINE
  5
B421
330
B41C
100
AcDbEntity
  8
Rótulo-Lineas gruesas
100
AcDbLine
 10
420.0
 20
-0.0000000000002274
 30
0.0
 11
0.0
 21
0.0
 31
0.0
  0
LINE
  5
B422
330
B41C
100
AcDbEntity
  8
Rótulo-Lineas gruesas
100
AcDbLine
 10
410.0
 20
286.9999999999996
 30
0.0
 11
25.0
 21
287.0
 31
0.0
  0
LINE
  5
B423
330
B41C
100
AcDbEntity
  8
Rótulo-Lineas gruesas
100
AcDbLine
 10
410.0
 20
9.999999999999772
 30
0.0
 11
25.0
 21
10.00000000000023
 31
0.0
  0
LINE
  5
B424
330
B41C
100
AcDbEntity
  8
Rótulo-Lineas gruesas
100
AcDbLine
 10
0.0
 20
0.0
 30
0.0
 11
-0.0000000000009095
 21
297.0
 31
0.0
  0
LINE
  5
B425
330
B41C
100
AcDbEntity
  8
Rótulo-Lineas gruesas
100
AcDbLine
 10
25.0
 20
10.00000000000023
 30
0.0
 11
25.0
 21
287.0
 31
0.0
  0
LINE
  5
B426
330
B41C
100
AcDbEntity
  8
Rótulo-Lineas gruesas
100
AcDbLine
 10
419.9999999999995
 20
-0.0000000000001137
 30
0.0
 11
419.9999999999991
 21
297.0
 31
0.0
  0
LINE
  5
B427
330
B41C
100
AcDbEntity
  8
Rótulo-Lineas gruesas
100
AcDbLine
 10
409.9999999999995
 20
9.999999999999886
 30
0.0
 11
409.9999999999995
 21
286.9999999999996
 31
0.0
  0
LINE
  5
B428
330
B41C
100
AcDbEntity
  8
Rotulo-Lineas medias
100
AcDbLine
 10
235.0
 20
4.999999999999886
 30
0.0
 11
235.0
 21
0.0
 31
0.0
  0
LINE
  5
B429
330
B41C
100
AcDbEntity
  8
Rotulo-Lineas medias
100
AcDbLine
 10
4.999999999999545
 20
148.5
 30
0.0
 11
-0.0000000000004547
 21
148.5
 31
0.0
  0
LINE
  5
B42A
330
B41C
100
AcDbEntity
  8
Rotulo-Lineas medias
100
AcDbLine
 10
415.0
 20
292.0
 30
0.0
 11
20.0
 21
292.0
 31
0.0
  0
LINE
  5
B42B
330
B41C
100
AcDbEntity
  8
Rotulo-Lineas medias
100
AcDbLine
 10
20.0
 20
5.000000000000234
 30
0.0
 11
20.0
 21
292.0
 31
0.0
  0
LINE
  5
B42C
330
B41C
100
AcDbEntity
  8
Rotulo-Lineas medias
100
AcDbLine
 10
25.0
 20
48.50000000000012
 30
0.0
 11
20.0
 21
48.50000000000012
 31
0.0
  0
LINE
  5
B42D
330
B41C
100
AcDbEntity
  8
Rotulo-Lineas medias
100
AcDbLine
 10
67.49999999999818
 20
291.9999999999998
 30
0.0
 11
67.5
 21
286.9999999999998
 31
0.0
  0
LINE
  5
B42E
330
B41C
100
AcDbEntity
  8
Rotulo-Lineas medias
100
AcDbLine
 10
25.0
 20
248.5000000000001
 30
0.0
 11
20.0
 21
248.5000000000001
 31
0.0
  0
LINE
  5
B42F
330
B41C
100
AcDbEntity
  8
Rotulo-Lineas medias
100
AcDbLine
 10
9.999999999998181
 20
287.0
 30
0.0
 11
14.99999999999818
 21
287.0
 31
0.0
  0
LINE
  5
B430
330
B41C
100
AcDbEntity
  8
Rotulo-Lineas medias
100
AcDbLine
 10
9.999999999998181
 20
267.0
 30
0.0
 11
14.99999999999818
 21
267.0
 31
0.0
  0
LINE
  5
B431
330
B41C
100
AcDbEntity
  8
Rotulo-Lineas medias
100
AcDbLine
 10
9.999999999998181
 20
277.0
 30
0.0
 11
14.99999999999818
 21
277.0
 31
0.0
  0
LINE
  5
B432
330
B41C
100
AcDbEntity
  8
Rotulo-Lineas medias
100
AcDbLine
 10
9.999999999998181
 20
257.0
 30
0.0
 11
14.99999999999818
 21
257.0
 31
0.0
  0
LINE
  5
B433
330
B41C
100
AcDbEntity
  8
Rotulo-Lineas medias
100
AcDbLine
 10
9.999999999998181
 20
247.0
 30
0.0
 11
14.99999999999818
 21
247.0
 31
0.0
  0
LINE
  5
B434
330
B41C
100
AcDbEntity
  8
Rotulo-Lineas medias
100
AcDbLine
 10
12.49999999999818
 20
282.0
 30
0.0
 11
14.99999999999818
 21
282.0
 31
0.0
  0
LINE
  5
B435
330
B41C
100
AcDbEntity
  8
Rotulo-Lineas medias
100
AcDbLine
 10
12.49999999999818
 20
262.0
 30
0.0
 11
14.99999999999818
 21
262.0
 31
0.0
  0
LINE
  5
B436
330
B41C
100
AcDbEntity
  8
Rotulo-Lineas medias
100
AcDbLine
 10
12.49999999999818
 20
272.0
 30
0.0
 11
14.99999999999818
 21
272.0
 31
0.0
  0
LINE
  5
B437
330
B41C
100
AcDbEntity
  8
Rotulo-Lineas medias
100
AcDbLine
 10
12.49999999999818
 20
252.0
 30
0.0
 11
14.99999999999818
 21
252.0
 31
0.0
  0
LINE
  5
B438
330
B41C
100
AcDbEntity
  8
Rotulo-Lineas medias
100
AcDbLine
 10
12.49999999999818
 20
242.0
 30
0.0
 11
14.99999999999818
 21
242.0
 31
0.0
  0
LINE
  5
B439
330
B41C
100
AcDbEntity
  8
Rotulo-Lineas medias
100
AcDbLine
 10
25.0
 20
198.5000000000001
 30
0.0
 11
20.0
 21
198.5000000000001
 31
0.0
  0
LINE
  5
B43A
330
B41C
100
AcDbEntity
  8
Rotulo-Lineas medias
100
AcDbLine
 10
14.99999999999818
 20
237.0
 30
0.0
 11
9.999999999998181
 21
237.0
 31
0.0
  0
LINE
  5
B43B
330
B41C
100
AcDbEntity
  8
Rotulo-Lineas medias
100
AcDbLine
 10
25.0
 20
98.50000000000012
 30
0.0
 11
20.0
 21
98.50000000000012
 31
0.0
  0
MTEXT
  5
B43C
102
{ACAD_XDICTIONARY
360
B43D
102
}
330
B41C
100
AcDbEntity
  8
TEXTO
100
AcDbMText
 10
22.5
 20
267.7500000000001
 30
0.0
 40
3.5
 41
5.0
 46
0.0
 71
     5
 72
     5
  1
\pxqc;A
  7
ROMAND
 73
     1
 44
1.0
101
Embedded Object
 70
     5
 10
1.0
 20
0.0
 30
0.0
 11
22.5
 21
267.7500000000001
 31
0.0
 40
5.0
 41
0.0
 42
2.666666666666666
 43
3.5
 71
     2
 72
     1
 44
5.0
 45
8.5
 73
     0
 74
     0
 46
38.49999999999989
  0
MTEXT
  5
B43E
102
{ACAD_XDICTIONARY
360
B43F
102
}
330
B41C
100
AcDbEntity
  8
TEXTO
100
AcDbMText
 10
22.5
 20
223.5000000000001
 30
0.0
 40
3.5
 41
5.0
 46
0.0
 71
     5
 72
     5
  1
\pxqc;B
  7
ROMAND
 73
     1
 44
1.0
101
Embedded Object
 70
     5
 10
1.0
 20
0.0
 30
0.0
 11
22.5
 21
223.5000000000001
 31
0.0
 40
5.0
 41
0.0
 42
2.166666666666666
 43
3.5
 71
     2
 72
     1
 44
5.0
 45
8.5
 73
     0
 74
     0
 46
50.0
  0
MTEXT
  5
B440
102
{ACAD_XDICTIONARY
360
B441
102
}
330
B41C
100
AcDbEntity
  8
TEXTO
100
AcDbMText
 10
22.5
 20
173.5000000000001
 30
0.0
 40
3.5
 41
5.0
 46
0.0
 71
     5
 72
     5
  1
\pxqc;C
  7
ROMAND
 73
     1
 44
1.0
101
Embedded Object
 70
     5
 10
1.0
 20
0.0
 30
0.0
 11
22.5
 21
173.5000000000001
 31
0.0
 40
5.0
 41
0.0
 42
2.5
 43
3.5
 71
     2
 72
     1
 44
5.0
 45
8.5
 73
     0
 74
     0
 46
50.0
  0
MTEXT
  5
B442
102
{ACAD_XDICTIONARY
360
B443
102
}
330
B41C
100
AcDbEntity
  8
TEXTO
100
AcDbMText
 10
22.5
 20
123.5000000000001
 30
0.0
 40
3.5
 41
5.0
 46
0.0
 71
     5
 72
     5
  1
\pxqc;D
  7
ROMAND
 73
     1
 44
1.0
101
Embedded Object
 70
     5
 10
1.0
 20
0.0
 30
0.0
 11
22.5
 21
123.5000000000001
 31
0.0
 40
5.0
 41
0.0
 42
2.333333333333333
 43
3.5
 71
     2
 72
     1
 44
5.0
 45
8.5
 73
     0
 74
     0
 46
50.0
  0
MTEXT
  5
B444
102
{ACAD_XDICTIONARY
360
B445
102
}
330
B41C
100
AcDbEntity
  8
TEXTO
100
AcDbMText
 10
22.5
 20
73.50000000000012
 30
0.0
 40
3.5
 41
5.0
 46
0.0
 71
     5
 72
     5
  1
\pxqc;E
  7
ROMAND
 73
     1
 44
1.0
101
Embedded Object
 70
     5
 10
1.0
 20
0.0
 30
0.0
 11
22.5
 21
73.50000000000012
 31
0.0
 40
5.0
 41
0.0
 42
2.0
 43
3.5
 71
     2
 72
     1
 44
5.0
 45
8.5
 73
     0
 74
     0
 46
50.0
  0
MTEXT
  5
B446
102
{ACAD_XDICTIONARY
360
B447
102
}
330
B41C
100
AcDbEntity
  8
TEXTO
100
AcDbMText
 10
46.25
 20
289.4999999999998
 30
0.0
 40
3.5
 41
42.49999999999817
 46
0.0
 71
     5
 72
     5
  1
\pxqc;1
  7
ROMAND
 73
     1
 44
1.0
101
Embedded Object
 70
     5
 10
1.0
 20
0.0
 30
0.0
 11
46.25
 21
289.4999999999998
 31
0.0
 40
42.49999999999817
 41
0.0
 42
0.833333333333333
 43
3.5
 71
     2
 72
     1
 44
42.49999999999817
 45
8.5
 73
     0
 74
     0
 46
5.0
  0
LINE
  5
B448
330
B41C
100
AcDbEntity
  8
Rotulo-Lineas medias
100
AcDbLine
 10
117.4999999999982
 20
291.9999999999998
 30
0.0
 11
117.5
 21
286.9999999999998
 31
0.0
  0
MTEXT
  5
B449
102
{ACAD_XDICTIONARY
360
B44A
102
}
330
B41C
100
AcDbEntity
  8
TEXTO
100
AcDbMText
 10
92.5
 20
289.4999999999998
 30
0.0
 40
3.5
 41
49.99999999999977
 46
0.0
 71
     5
 72
     5
  1
\pxqc;2
  7
ROMAND
 73
     1
 44
1.0
101
Embedded Object
 70
     5
 10
1.0
 20
0.0
 30
0.0
 11
92.5
 21
289.4999999999998
 31
0.0
 40
49.99999999999977
 41
0.0
 42
2.333333333333333
 43
3.5
 71
     2
 72
     1
 44
49.99999999999977
 45
8.5
 73
     0
 74
     0
 46
5.0
  0
LINE
  5
B44B
330
B41C
100
AcDbEntity
  8
Rotulo-Lineas medias
100
AcDbLine
 10
167.4999999999982
 20
291.9999999999998
 30
0.0
 11
167.5
 21
286.9999999999998
 31
0.0
  0
MTEXT
  5
B44C
102
{ACAD_XDICTIONARY
360
B44D
102
}
330
B41C
100
AcDbEntity
  8
TEXTO
100
AcDbMText
 10
142.5
 20
289.4999999999998
 30
0.0
 40
3.5
 41
49.99999999999977
 46
0.0
 71
     5
 72
     5
  1
\pxqc;3
  7
ROMAND
 73
     1
 44
1.0
101
Embedded Object
 70
     5
 10
1.0
 20
0.0
 30
0.0
 11
142.5
 21
289.4999999999998
 31
0.0
 40
49.99999999999977
 41
0.0
 42
2.333333333333333
 43
3.5
 71
     2
 72
     1
 44
49.99999999999977
 45
8.5
 73
     0
 74
     0
 46
5.0
  0
LINE
  5
B44E
330
B41C
100
AcDbEntity
  8
Rotulo-Lineas medias
100
AcDbLine
 10
217.4999999999982
 20
291.9999999999998
 30
0.0
 11
217.5
 21
281.9999999999998
 31
0.0
  0
MTEXT
  5
B44F
102
{ACAD_XDICTIONARY
360
B450
102
}
330
B41C
100
AcDbEntity
  8
TEXTO
100
AcDbMText
 10
192.5
 20
289.4999999999998
 30
0.0
 40
3.5
 41
49.99999999999977
 46
0.0
 71
     5
 72
     5
  1
\pxqc;4
  7
ROMAND
 73
     1
 44
1.0
101
Embedded Object
 70
     5
 10
1.0
 20
0.0
 30
0.0
 11
192.5
 21
289.4999999999998
 31
0.0
 40
49.99999999999977
 41
0.0
 42
2.499999999999999
 43
3.5
 71
     2
 72
     1
 44
49.99999999999977
 45
8.5
 73
     0
 74
     0
 46
5.0
  0
LINE
  5
B451
330
B41C
100
AcDbEntity
  8
Rotulo-Lineas medias
100
AcDbLine
 10
267.4999999999982
 20
291.9999999999998
 30
0.0
 11
267.5
 21
286.9999999999998
 31
0.0
  0
MTEXT
  5
B452
102
{ACAD_XDICTIONARY
360
B453
102
}
330
B41C
100
AcDbEntity
  8
TEXTO
100
AcDbMText
 10
242.5
 20
289.4999999999998
 30
0.0
 40
3.5
 41
49.99999999999977
 46
0.0
 71
     5
 72
     5
  1
\pxqc;5
  7
ROMAND
 73
     1
 44
1.0
101
Embedded Object
 70
     5
 10
1.0
 20
0.0
 30
0.0
 11
242.5
 21
289.4999999999998
 31
0.0
 40
49.99999999999977
 41
0.0
 42
2.333333333333333
 43
3.5
 71
     2
 72
     1
 44
49.99999999999977
 45
8.5
 73
     0
 74
     0
 46
5.0
  0
LINE
  5
B454
330
B41C
100
AcDbEntity
  8
Rotulo-Lineas medias
100
AcDbLine
 10
317.4999999999982
 20
291.9999999999998
 30
0.0
 11
317.5
 21
286.9999999999998
 31
0.0
  0
MTEXT
  5
B455
102
{ACAD_XDICTIONARY
360
B456
102
}
330
B41C
100
AcDbEntity
  8
TEXTO
100
AcDbMText
 10
292.5
 20
289.4999999999998
 30
0.0
 40
3.5
 41
49.99999999999977
 46
0.0
 71
     5
 72
     5
  1
\pxqc;6
  7
ROMAND
 73
     1
 44
1.0
101
Embedded Object
 70
     5
 10
1.0
 20
0.0
 30
0.0
 11
292.5
 21
289.4999999999998
 31
0.0
 40
49.99999999999977
 41
0.0
 42
2.166666666666666
 43
3.5
 71
     2
 72
     1
 44
49.99999999999977
 45
8.5
 73
     0
 74
     0
 46
5.0
  0
LINE
  5
B457
330
B41C
100
AcDbEntity
  8
Rotulo-Lineas medias
100
AcDbLine
 10
367.4999999999982
 20
291.9999999999998
 30
0.0
 11
367.5
 21
286.9999999999998
 31
0.0
  0
MTEXT
  5
B458
102
{ACAD_XDICTIONARY
360
B459
102
}
330
B41C
100
AcDbEntity
  8
TEXTO
100
AcDbMText
 10
342.5
 20
289.4999999999998
 30
0.0
 40
3.5
 41
49.99999999999977
 46
0.0
 71
     5
 72
     5
  1
\pxqc;7
  7
ROMAND
 73
     1
 44
1.0
101
Embedded Object
 70
     5
 10
1.0
 20
0.0
 30
0.0
 11
342.5
 21
289.4999999999998
 31
0.0
 40
49.99999999999977
 41
0.0
 42
2.333333333333333
 43
3.5
 71
     2
 72
     1
 44
49.99999999999977
 45
8.5
 73
     0
 74
     0
 46
5.0
  0
LINE
  5
B45A
330
B41C
100
AcDbEntity
  8
Rotulo-Lineas medias
100
AcDbLine
 10
30.0
 20
148.5000000000001
 30
0.0
 11
20.0
 21
148.5000000000001
 31
0.0
  0
LINE
  5
B45B
330
B41C
100
AcDbEntity
  8
Rotulo-Lineas medias
100
AcDbLine
 10
217.5
 20
15.0
 30
0.0
 11
217.5
 21
10.0
 31
0.0
  0
LINE
  5
B45C
330
B41C
100
AcDbEntity
  8
Rotulo-Lineas medias
100
AcDbLine
 10
235.0
 20
291.9999999999996
 30
0.0
 11
235.0
 21
296.9999999999994
 31
0.0
  0
LINE
  5
B45D
330
B41C
100
AcDbEntity
  8
Rotulo-Lineas medias
100
AcDbLine
 10
130.0
 20
292.0000000000001
 30
0.0
 11
130.0
 21
297.0
 31
0.0
  0
LINE
  5
B45E
330
B41C
100
AcDbEntity
  8
Rotulo-Lineas medias
100
AcDbLine
 10
130.0000000000014
 20
5.000000000001136
 30
0.0
 11
130.0000000000014
 21
0.0000000000012506
 31
0.0
  0
MTEXT
  5
B45F
102
{ACAD_XDICTIONARY
360
B460
102
}
330
B41C
100
AcDbEntity
  8
TEXTO
100
AcDbMText
 10
22.5
 20
29.25000000000018
 30
0.0
 40
3.5
 41
5.0
 46
0.0
 71
     5
 72
     5
  1
\pxqc;F
  7
ROMAND
 73
     1
 44
1.0
101
Embedded Object
 70
     5
 10
1.0
 20
0.0
 30
0.0
 11
22.5
 21
29.25000000000018
 31
0.0
 40
5.0
 41
0.0
 42
2.0
 43
3.5
 71
     2
 72
     1
 44
5.0
 45
8.5
 73
     0
 74
     0
 46
38.49999999999989
  0
MTEXT
  5
B461
102
{ACAD_XDICTIONARY
360
B462
102
}
330
B41C
100
AcDbEntity
  8
TEXTO
100
AcDbMText
 10
388.7500000000004
 20
289.4999999999998
 30
0.0
 40
3.5
 41
42.49999999999817
 46
0.0
 71
     5
 72
     5
  1
\pxqc;8
  7
ROMAND
 73
     1
 44
1.0
101
Embedded Object
 70
     5
 10
1.0
 20
0.0
 30
0.0
 11
388.7500000000004
 21
289.4999999999998
 31
0.0
 40
42.49999999999817
 41
0.0
 42
2.333333333333333
 43
3.5
 71
     2
 72
     1
 44
42.49999999999817
 45
8.5
 73
     0
 74
     0
 46
5.0
  0
LINE
  5
B463
330
B41C
100
AcDbEntity
  8
Rotulo-Lineas medias
100
AcDbLine
 10
415.0
 20
5.000000000000234
 30
0.0
 11
415.0
 21
292.0
 31
0.0
  0
LINE
  5
B464
330
B41C
100
AcDbEntity
  8
Rotulo-Lineas medias
100
AcDbLine
 10
410.0
 20
48.50000000000012
 30
0.0
 11
415.0
 21
48.50000000000012
 31
0.0
  0
LINE
  5
B465
330
B41C
100
AcDbEntity
  8
Rotulo-Lineas medias
100
AcDbLine
 10
410.0
 20
248.5000000000001
 30
0.0
 11
415.0
 21
248.5000000000001
 31
0.0
  0
LINE
  5
B466
330
B41C
100
AcDbEntity
  8
Rotulo-Lineas medias
100
AcDbLine
 10
410.0
 20
198.5000000000001
 30
0.0
 11
415.0
 21
198.5000000000001
 31
0.0
  0
LINE
  5
B467
330
B41C
100
AcDbEntity
  8
Rotulo-Lineas medias
100
AcDbLine
 10
410.0
 20
98.50000000000012
 30
0.0
 11
415.0
 21
98.50000000000012
 31
0.0
  0
MTEXT
  5
B468
102
{ACAD_XDICTIONARY
360
B469
102
}
330
B41C
100
AcDbEntity
  8
TEXTO
100
AcDbMText
 10
412.5
 20
267.7500000000001
 30
0.0
 40
3.5
 41
5.0
 46
0.0
 71
     5
 72
     5
  1
\pxqc;A
  7
ROMAND
 73
     1
 44
1.0
101
Embedded Object
 70
     5
 10
1.0
 20
0.0
 30
0.0
 11
412.5
 21
267.7500000000001
 31
0.0
 40
5.0
 41
0.0
 42
2.666666666666666
 43
3.5
 71
     2
 72
     1
 44
5.0
 45
8.5
 73
     0
 74
     0
 46
38.49999999999989
  0
MTEXT
  5
B46A
102
{ACAD_XDICTIONARY
360
B46B
102
}
330
B41C
100
AcDbEntity
  8
TEXTO
100
AcDbMText
 10
412.5
 20
223.5000000000001
 30
0.0
 40
3.5
 41
5.0
 46
0.0
 71
     5
 72
     5
  1
\pxqc;B
  7
ROMAND
 73
     1
 44
1.0
101
Embedded Object
 70
     5
 10
1.0
 20
0.0
 30
0.0
 11
412.5
 21
223.5000000000001
 31
0.0
 40
5.0
 41
0.0
 42
2.166666666666666
 43
3.5
 71
     2
 72
     1
 44
5.0
 45
8.5
 73
     0
 74
     0
 46
50.0
  0
MTEXT
  5
B46C
102
{ACAD_XDICTIONARY
360
B46D
102
}
330
B41C
100
AcDbEntity
  8
TEXTO
100
AcDbMText
 10
412.5
 20
173.5000000000001
 30
0.0
 40
3.5
 41
5.0
 46
0.0
 71
     5
 72
     5
  1
\pxqc;C
  7
ROMAND
 73
     1
 44
1.0
101
Embedded Object
 70
     5
 10
1.0
 20
0.0
 30
0.0
 11
412.5
 21
173.5000000000001
 31
0.0
 40
5.0
 41
0.0
 42
2.5
 43
3.5
 71
     2
 72
     1
 44
5.0
 45
8.5
 73
     0
 74
     0
 46
50.0
  0
MTEXT
  5
B46E
102
{ACAD_XDICTIONARY
360
B46F
102
}
330
B41C
100
AcDbEntity
  8
TEXTO
100
AcDbMText
 10
412.5
 20
123.5000000000001
 30
0.0
 40
3.5
 41
5.0
 46
0.0
 71
     5
 72
     5
  1
\pxqc;D
  7
ROMAND
 73
     1
 44
1.0
101
Embedded Object
 70
     5
 10
1.0
 20
0.0
 30
0.0
 11
412.5
 21
123.5000000000001
 31
0.0
 40
5.0
 41
0.0
 42
2.333333333333333
 43
3.5
 71
     2
 72
     1
 44
5.0
 45
8.5
 73
     0
 74
     0
 46
50.0
  0
MTEXT
  5
B470
102
{ACAD_XDICTIONARY
360
B471
102
}
330
B41C
100
AcDbEntity
  8
TEXTO
100
AcDbMText
 10
412.5
 20
73.50000000000012
 30
0.0
 40
3.5
 41
5.0
 46
0.0
 71
     5
 72
     5
  1
\pxqc;E
  7
ROMAND
 73
     1
 44
1.0
101
Embedded Object
 70
     5
 10
1.0
 20
0.0
 30
0.0
 11
412.5
 21
73.50000000000012
 31
0.0
 40
5.0
 41
0.0
 42
2.0
 43
3.5
 71
     2
 72
     1
 44
5.0
 45
8.5
 73
     0
 74
     0
 46
50.0
  0
LINE
  5
B472
330
B41C
100
AcDbEntity
  8
Rotulo-Lineas medias
100
AcDbLine
 10
405.0
 20
148.5000000000001
 30
0.0
 11
415.0
 21
148.5
 31
0.0
  0
MTEXT
  5
B473
102
{ACAD_XDICTIONARY
360
B474
102
}
330
B41C
100
AcDbEntity
  8
TEXTO
100
AcDbMText
 10
412.5
 20
29.25000000000018
 30
0.0
 40
3.5
 41
5.0
 46
0.0
 71
     5
 72
     5
  1
\pxqc;F
  7
ROMAND
 73
     1
 44
1.0
101
Embedded Object
 70
     5
 10
1.0
 20
0.0
 30
0.0
 11
412.5
 21
29.25000000000018
 31
0.0
 40
5.0
 41
0.0
 42
2.0
 43
3.5
 71
     2
 72
     1
 44
5.0
 45
8.5
 73
     0
 74
     0
 46
38.49999999999989
  0
LINE
  5
B475
330
B41C
100
AcDbEntity
  8
Rotulo-Lineas medias
100
AcDbLine
 10
415.0
 20
5.000000000000227
 30
0.0
 11
20.0
 21
5.000000000000227
 31
0.0
  0
LINE
  5
B476
330
B41C
100
AcDbEntity
  8
Rotulo-Lineas medias
100
AcDbLine
 10
67.49999999999818
 20
5.000000000000454
 30
0.0
 11
67.5
 21
10.00000000000045
 31
0.0
  0
MTEXT
  5
B477
102
{ACAD_XDICTIONARY
360
B478
102
}
330
B41C
100
AcDbEntity
  8
TEXTO
100
AcDbMText
 10
46.25
 20
7.500000000000454
 30
0.0
 40
3.5
 41
42.49999999999817
 46
0.0
 71
     5
 72
     5
  1
\pxqc;1
  7
ROMAND
 73
     1
 44
1.0
101
Embedded Object
 70
     5
 10
1.0
 20
0.0
 30
0.0
 11
46.25
 21
7.500000000000454
 31
0.0
 40
42.49999999999817
 41
0.0
 42
0.833333333333333
 43
3.5
 71
     2
 72
     1
 44
42.49999999999817
 45
8.5
 73
     0
 74
     0
 46
5.0
  0
LINE
  5
B479
330
B41C
100
AcDbEntity
  8
Rotulo-Lineas medias
100
AcDbLine
 10
117.4999999999982
 20
5.000000000000454
 30
0.0
 11
117.5
 21
10.00000000000045
 31
0.0
  0
MTEXT
  5
B47A
102
{ACAD_XDICTIONARY
360
B47B
102
}
330
B41C
100
AcDbEntity
  8
TEXTO
100
AcDbMText
 10
92.5
 20
7.500000000000454
 30
0.0
 40
3.5
 41
49.99999999999977
 46
0.0
 71
     5
 72
     5
  1
\pxqc;2
  7
ROMAND
 73
     1
 44
1.0
101
Embedded Object
 70
     5
 10
1.0
 20
0.0
 30
0.0
 11
92.5
 21
7.500000000000454
 31
0.0
 40
49.99999999999977
 41
0.0
 42
2.333333333333333
 43
3.5
 71
     2
 72
     1
 44
49.99999999999977
 45
8.5
 73
     0
 74
     0
 46
5.0
  0
LINE
  5
B47C
330
B41C
100
AcDbEntity
  8
Rotulo-Lineas medias
100
AcDbLine
 10
167.4999999999982
 20
5.000000000000454
 30
0.0
 11
167.5
 21
10.00000000000045
 31
0.0
  0
MTEXT
  5
B47D
102
{ACAD_XDICTIONARY
360
B47E
102
}
330
B41C
100
AcDbEntity
  8
TEXTO
100
AcDbMText
 10
142.5
 20
7.500000000000454
 30
0.0
 40
3.5
 41
49.99999999999977
 46
0.0
 71
     5
 72
     5
  1
\pxqc;3
  7
ROMAND
 73
     1
 44
1.0
101
Embedded Object
 70
     5
 10
1.0
 20
0.0
 30
0.0
 11
142.5
 21
7.500000000000454
 31
0.0
 40
49.99999999999977
 41
0.0
 42
2.333333333333333
 43
3.5
 71
     2
 72
     1
 44
49.99999999999977
 45
8.5
 73
     0
 74
     0
 46
5.0
  0
LINE
  5
B47F
330
B41C
100
AcDbEntity
  8
Rotulo-Lineas medias
100
AcDbLine
 10
217.4999999999982
 20
5.000000000000454
 30
0.0
 11
217.5
 21
15.00000000000045
 31
0.0
  0
MTEXT
  5
B480
102
{ACAD_XDICTIONARY
360
B481
102
}
330
B41C
100
AcDbEntity
  8
TEXTO
100
AcDbMText
 10
192.5
 20
7.500000000000454
 30
0.0
 40
3.5
 41
49.99999999999977
 46
0.0
 71
     5
 72
     5
  1
\pxqc;4
  7
ROMAND
 73
     1
 44
1.0
101
Embedded Object
 70
     5
 10
1.0
 20
0.0
 30
0.0
 11
192.5
 21
7.500000000000454
 31
0.0
 40
49.99999999999977
 41
0.0
 42
2.499999999999999
 43
3.5
 71
     2
 72
     1
 44
49.99999999999977
 45
8.5
 73
     0
 74
     0
 46
5.0
  0
LINE
  5
B482
330
B41C
100
AcDbEntity
  8
Rotulo-Lineas medias
100
AcDbLine
 10
267.4999999999982
 20
5.000000000000454
 30
0.0
 11
267.5
 21
10.00000000000045
 31
0.0
  0
MTEXT
  5
B483
102
{ACAD_XDICTIONARY
360
B484
102
}
330
B41C
100
AcDbEntity
  8
TEXTO
100
AcDbMText
 10
242.5
 20
7.500000000000454
 30
0.0
 40
3.5
 41
49.99999999999977
 46
0.0
 71
     5
 72
     5
  1
\pxqc;5
  7
ROMAND
 73
     1
 44
1.0
101
Embedded Object
 70
     5
 10
1.0
 20
0.0
 30
0.0
 11
242.5
 21
7.500000000000454
 31
0.0
 40
49.99999999999977
 41
0.0
 42
2.333333333333333
 43
3.5
 71
     2
 72
     1
 44
49.99999999999977
 45
8.5
 73
     0
 74
     0
 46
5.0
  0
LINE
  5
B485
330
B41C
100
AcDbEntity
  8
Rotulo-Lineas medias
100
AcDbLine
 10
317.4999999999982
 20
5.000000000000454
 30
0.0
 11
317.5
 21
10.00000000000045
 31
0.0
  0
MTEXT
  5
B486
102
{ACAD_XDICTIONARY
360
B487
102
}
330
B41C
100
AcDbEntity
  8
TEXTO
100
AcDbMText
 10
292.5
 20
7.500000000000454
 30
0.0
 40
3.5
 41
49.99999999999977
 46
0.0
 71
     5
 72
     5
  1
\pxqc;6
  7
ROMAND
 73
     1
 44
1.0
101
Embedded Object
 70
     5
 10
1.0
 20
0.0
 30
0.0
 11
292.5
 21
7.500000000000454
 31
0.0
 40
49.99999999999977
 41
0.0
 42
2.166666666666666
 43
3.5
 71
     2
 72
     1
 44
49.99999999999977
 45
8.5
 73
     0
 74
     0
 46
5.0
  0
LINE
  5
B488
330
B41C
100
AcDbEntity
  8
Rotulo-Lineas medias
100
AcDbLine
 10
367.4999999999982
 20
5.000000000000454
 30
0.0
 11
367.5
 21
10.00000000000045
 31
0.0
  0
MTEXT
  5
B489
102
{ACAD_XDICTIONARY
360
B48A
102
}
330
B41C
100
AcDbEntity
  8
TEXTO
100
AcDbMText
 10
342.5
 20
7.500000000000454
 30
0.0
 40
3.5
 41
49.99999999999977
 46
0.0
 71
     5
 72
     5
  1
\pxqc;7
  7
ROMAND
 73
     1
 44
1.0
101
Embedded Object
 70
     5
 10
1.0
 20
0.0
 30
0.0
 11
342.5
 21
7.500000000000454
 31
0.0
 40
49.99999999999977
 41
0.0
 42
2.333333333333333
 43
3.5
 71
     2
 72
     1
 44
49.99999999999977
 45
8.5
 73
     0
 74
     0
 46
5.0
  0
MTEXT
  5
B48B
102
{ACAD_XDICTIONARY
360
B48C
102
}
330
B41C
100
AcDbEntity
  8
TEXTO
100
AcDbMText
 10
388.7500000000004
 20
7.500000000000454
 30
0.0
 40
3.5
 41
42.49999999999817
 46
0.0
 71
     5
 72
     5
  1
\pxqc;8
  7
ROMAND
 73
     1
 44
1.0
101
Embedded Object
 70
     5
 10
1.0
 20
0.0
 30
0.0
 11
388.7500000000004
 21
7.500000000000454
 31
0.0
 40
42.49999999999817
 41
0.0
 42
2.333333333333333
 43
3.5
 71
     2
 72
     1
 44
42.49999999999817
 45
8.5
 73
     0
 74
     0
 46
5.0
  0
LWPOLYLINE
  5
B48D
330
B41C
100
AcDbEntity
  8
Rotulo-Lineas medias
100
AcDbPolyline
 90
        4
 70
     1
 43
0.0
 10
18.5
 20
10.00000000000022
 10
18.5
 20
148.5000008031011
 10
6.5
 20
148.5000008031011
 10
6.5
 20
10.00000000000021
  0
MTEXT
  5
B48E
102
{ACAD_XDICTIONARY
360
B48F
102
}
330
B41C
100
AcDbEntity
  8
TEXTO
100
AcDbMText
 10
12.5
 20
12.00000080310144
 30
0.0
 40
2.0
 41
135.1932560142745
 46
0.0
 71
     4
 72
     5
  1
\pxsm1.25;{\W1.1;\T0.97;\LIMPORTANTE\l: EL PROVEEDOR DEBERA SUMINISTRAR UNA MUESTRA, LA CUAL DEBE SER APROBADA POR LA SUBGERENCIA DE DESARROLLO Y NORMAS TECNICAS ANTES DE LA ENTREGA DEL PRIMER LOTE}
  7
ISOCPEUR
 11
0.0000000000000001
 21
1.0
 31
0.0
 73
     1
 44
1.0
101
Embedded Object
 70
     4
 10
0.0000000000000001
 20
1.0
 30
0.0
 11
12.5
 21
12.00000080310144
 31
0.0
 40
135.1932560142745
 41
0.0
 42
134.96
 43
6.833333333333332
 71
     2
 72
     1
 44
135.1932560142745
 45
9.0
 73
     0
 74
     0
 46
0.0
  0
ENDBLK
  5
B490
330
B41C
100
AcDbEntity
  8
0
100
AcDbBlockEnd
  0
BLOCK
  5
B494
330
B491
100
AcDbEntity
  8
0
100
AcDbBlockBegin
  2
Logo institucional
 70
     0
 10
0.0
 20
0.0
 30
0.0
  3
Logo institucional
  1

  0
MTEXT
  5
B495
102
{ACAD_XDICTIONARY
360
B496
102
}
330
B491
100
AcDbEntity
  8
Trenes Argentinos azu
100
AcDbMText
 10
-20.0
 20
-0.136457483214194
 30
0.0
 40
2.5
 41
42.5
 46
0.0
 71
     1
 72
     5
  1
\pxsm1.05,ql,t4;{\fGotham Bold|b1|i0|c0|p2;\H1.6x;\T0.97;OPERACIONES}
  7
ROMAND
 73
     1
 44
1.0
101
Embedded Object
 70
     1
 10
1.0
 20
0.0
 30
0.0
 11
-20.0
 21
-0.136457483214194
 31
0.0
 40
42.5
 41
0.0
 42
39.06476190476191
 43
5.333333333333333
 71
     2
 72
     1
 44
42.5
 45
9.0
 73
     0
 74
     0
 46
4.109656125984268
  0
MTEXT
  5
B497
102
{ACAD_XDICTIONARY
360
B498
102
}
330
B491
100
AcDbEntity
  8
Trenes Argentinos Celeste
100
AcDbMText
 10
-20.0
 20
4.294999999999987
 30
0.0
 40
2.5
 41
42.5
 46
0.0
 71
     1
 72
     5
  1
\pxsm1.05,ql,t4;{\fGotham Bold|b1|i0|c0|p2;\T0.98;TRENES ARGENTINOS}
  7
ROMAND
 73
     1
 44
1.0
101
Embedded Object
 70
     1
 10
1.0
 20
0.0
 30
0.0
 11
-20.0
 21
4.294999999999987
 31
0.0
 40
42.5
 41
0.0
 42
38.18333333333335
 43
3.333333333333333
 71
     2
 72
     1
 44
42.5
 45
9.0
 73
     0
 74
     0
 46
0.0
  0
HATCH
  5
B499
330
B491
100
AcDbEntity
  8
Trenes Argentinos Celeste
100
AcDbHatch
 10
0.0
 20
0.0
 30
0.0
210
0.0
220
0.0
230
1.0
  2
SOLID
 70
     1
 71
     1
 91
        1
 92
        7
 72
     0
 73
     1
 93
        4
 10
-22.5
 20
-4.750000000000007
 10
-22.0
 20
-4.750000000000007
 10
-22.0
 20
4.749999999999992
 10
-22.5
 20
4.749999999999992
 97
        1
330
B49A
 75
     1
 76
     1
 47
0.0267886222959056
 98
        1
 10
-22.33652463612077
 20
2.558484426879438
450
        0
451
        0
460
0.0
461
0.0
452
        0
462
1.0
453
        2
463
0.0
 63
     5
421
      255
463
1.0
 63
     2
421
 16776960
470
LINEAR
1001
GradientColor1ACI
1070
     5
1001
GradientColor2ACI
1070
     2
1001
ACAD
1010
0.0
1020
0.0
1030
0.0
  0
LWPOLYLINE
  5
B49A
102
{ACAD_REACTORS
330
B499
102
}
330
B491
100
AcDbEntity
  8
Trenes Argentinos Celeste
100
AcDbPolyline
 90
        4
 70
     1
 43
0.0
 10
-22.5
 20
4.749999999999992
 10
-22.0
 20
4.749999999999992
 10
-22.0
 20
-4.750000000000007
 10
-22.5
 20
-4.750000000000007
  0
ENDBLK
  5
B49B
330
B491
100
AcDbEntity
  8
0
100
AcDbBlockEnd
  0
BLOCK
  5
B49F
330
B49C
100
AcDbEntity
  8
0
100
AcDbBlockBegin
  2
Rotulo SOFSE2
 70
     2
 10
0.0
 20
0.0
 30
0.0
  3
Rotulo SOFSE2
  1

  0
LINE
  5
B4A0
330
B49C
100
AcDbEntity
  8
Rótulo-Lineas gruesas
100
AcDbLine
 10
-175.0
 20
51.00000000000001
 30
0.0
 11
-175.0
 21
0.0000000000000143
 31
0.0
  0
LINE
  5
B4A1
330
B49C
100
AcDbEntity
  8
Rótulo-Lineas gruesas
100
AcDbLine
 10
-175.0
 20
50.99999999999998
 30
0.0
 11
0.0
 21
50.99999999999998
 31
0.0
  0
LINE
  5
B4A2
330
B49C
100
AcDbEntity
  8
Rótulo-Lineas gruesas
100
AcDbLine
 10
0.0
 20
50.99999999999998
 30
0.0
 11
0.0
 21
-0.0000000000000071
 31
0.0
  0
LINE
  5
B4A3
330
B49C
100
AcDbEntity
  8
Rótulo-Lineas gruesas
100
AcDbLine
 10
0.0
 20
-0.0000000000000071
 30
0.0
 11
-175.0
 21
0.0000000000000143
 31
0.0
  0
CIRCLE
  5
B4A4
330
B49C
100
AcDbEntity
  8
0
100
AcDbCircle
 10
-101.5
 20
4.500000000000002
 30
0.0
 40
2.0
  0
CIRCLE
  5
B4A5
330
B49C
100
AcDbEntity
  8
0
100
AcDbCircle
 10
-101.5
 20
4.500000000000002
 30
0.0
 40
1.000000000000007
  0
LINE
  5
B4A6
330
B49C
100
AcDbEntity
  8
EJES
100
AcDbLine
 10
-111.5
 20
4.500000000000002
 30
0.0
 11
-98.50000000000003
 21
4.500000000000002
 31
0.0
  0
LINE
  5
B4A7
330
B49C
100
AcDbEntity
  8
EJES
 48
0.5
100
AcDbLine
 10
-101.5
 20
7.500000000000009
 30
0.0
 11
-101.5
 21
1.499999999999993
 31
0.0
  0
LWPOLYLINE
  5
B4A8
330
B49C
100
AcDbEntity
  8
0
100
AcDbPolyline
 90
        5
 70
     0
 43
0.0
 10
-110.5
 20
5.500000000000002
 10
-110.5
 20
3.499999999999986
 10
-106.5
 20
2.499999999999984
 10
-106.5
 20
6.500000000000002
 10
-110.5
 20
5.500000000000002
  0
LINE
  5
B4A9
330
B49C
100
AcDbEntity
  8
Rotulo-Lineas medias
100
AcDbLine
 10
-113.0
 20
50.99999999999998
 30
0.0
 11
-113.0
 21
0.000000000000007
 31
0.0
  0
LINE
  5
B4AA
330
B49C
100
AcDbEntity
  8
Rotulo-Lineas medias
100
AcDbLine
 10
-41.0
 20
27.0
 30
0.0
 11
-41.0
 21
-0.0000000000000016
 31
0.0
  0
LINE
  5
B4AB
330
B49C
100
AcDbEntity
  8
Rotulo-Lineas medias
100
AcDbLine
 10
0.0
 20
27.0
 30
0.0
 11
-175.0
 21
27.00000000000002
 31
0.0
  0
LINE
  5
B4AC
330
B49C
100
AcDbEntity
  8
Rotulo-Lineas medias
100
AcDbLine
 10
0.0
 20
17.99999999999999
 30
0.0
 11
-175.0
 21
18.00000000000002
 31
0.0
  0
LINE
  5
B4AD
330
B49C
100
AcDbEntity
  8
Rotulo-Lineas medias
100
AcDbLine
 10
0.0
 20
8.999999999999992
 30
0.0
 11
-175.0
 21
9.000000000000012
 31
0.0
  0
LINE
  5
B4AE
330
B49C
100
AcDbEntity
  8
Rotulo-Lineas medias
100
AcDbLine
 10
-175.0
 20
36.00000000000003
 30
0.0
 11
-113.0
 21
36.00000000000002
 31
0.0
  0
LINE
  5
B4AF
330
B49C
100
AcDbEntity
  8
Rotulo-Lineas medias
100
AcDbLine
 10
-41.0
 20
22.50000000000001
 30
0.0
 11
-113.0
 21
22.50000000000001
 31
0.0
  0
LINE
  5
B4B0
330
B49C
100
AcDbEntity
  8
Rotulo-Lineas medias
100
AcDbLine
 10
-113.0
 20
13.5
 30
0.0
 11
-41.0
 21
13.49999999999999
 31
0.0
  0
LINE
  5
B4B1
330
B49C
100
AcDbEntity
  8
Rotulo-Lineas medias
100
AcDbLine
 10
-97.00000000000002
 20
27.00000000000001
 30
0.0
 11
-97.00000000000002
 21
0.0000000000000048
 31
0.0
  0
LINE
  5
B4B2
330
B49C
100
AcDbEntity
  8
Rotulo-Lineas medias
100
AcDbLine
 10
-56.99999999999999
 20
27.00000000000001
 30
0.0
 11
-56.99999999999999
 21
0.0
 31
0.0
  0
MTEXT
  5
B4B3
102
{ACAD_XDICTIONARY
360
B4B4
102
}
330
B49C
100
AcDbEntity
  8
TEXTO
100
AcDbMText
 10
-144.0000000000001
 20
4.500000000000031
 30
0.0
 40
1.8
 41
63.24999999999992
 46
0.0
 71
     5
 72
     5
  1
\pxsm0.9;{\W1.1;Representación cotas y símbolos: Normas IRAM.\PTolerancias no indicadas según IRAM:\P2768-1 Clase m y 2768-2 Clase K.}
  7
ISOCPEUR
 73
     1
 44
1.0
101
Embedded Object
 70
     5
 10
1.0
 20
0.0
 30
0.0
 11
-144.0000000000001
 21
4.500000000000031
 31
0.0
 40
63.24999999999992
 41
0.0
 42
57.816
 43
8.205
 71
     2
 72
     1
 44
63.24999999999992
 45
10.0
 73
     0
 74
     0
 46
0.0
  0
MTEXT
  5
B4B5
102
{ACAD_XDICTIONARY
360
B4B6
102
}
330
B49C
100
AcDbEntity
  8
TEXTO
100
AcDbMText
 10
-7.506344302955767
 20
26.0
 30
0.0
 40
1.8
 41
6.012688605911534
 46
0.0
 71
     1
 72
     5
  1
\pxqc;{\W1.1;REV.}
  7
ISOCPEUR
 73
     1
 44
1.0
101
Embedded Object
 70
     1
 10
1.0
 20
0.0
 30
0.0
 11
-7.506344302955767
 21
26.0
 31
0.0
 40
6.012688605911534
 41
0.0
 42
4.950000000000001
 43
1.8
 71
     2
 72
     1
 44
6.012688605911534
 45
10.0
 73
     0
 74
     0
 46
0.0
  0
LWPOLYLINE
  5
B4B7
330
B49C
100
AcDbEntity
  8
Rotulo-Lineas medias
100
AcDbPolyline
 90
        3
 70
     1
 43
0.0
 10
-4.5
 20
23.75000000000001
 10
-7.5
 20
18.8
 10
-1.5
 20
18.8
  0
MTEXT
  5
B4B8
102
{ACAD_XDICTIONARY
360
B4B9
102
}
330
B49C
100
AcDbEntity
  8
TEXTO
100
AcDbMText
 10
-40.0
 20
25.99999999999998
 30
0.0
 40
1.8
 41
17.03715021515947
 46
0.0
 71
     1
 72
     5
  1
\pxql;{\W1.1;PLANO N°:}
  7
ISOCPEUR
 73
     1
 44
1.0
101
Embedded Object
 70
     1
 10
1.0
 20
0.0
 30
0.0
 11
-40.0
 21
25.99999999999998
 31
0.0
 40
17.03715021515947
 41
0.0
 42
12.078
 43
1.801363636363636
 71
     2
 72
     1
 44
17.03715021515947
 45
10.0
 73
     0
 74
     0
 46
0.0
  0
MTEXT
  5
B4BA
330
B49C
100
AcDbEntity
  8
TEXTO
100
AcDbMText
 10
-39.99999999999997
 20
7.999999999999982
 30
0.0
 40
1.8
 41
14.07533799742526
 46
0.0
 71
     1
 72
     5
  1
{\W1.1;CATALOGO:}
  7
ISOCPEUR
 73
     1
 44
1.0
101
Embedded Object
 70
     1
 10
1.0
 20
0.0
 30
0.0
 11
-39.99999999999997
 21
7.999999999999982
 31
0.0
 40
14.07533799742526
 41
0.0
 42
12.87
 43
1.8
 71
     2
 72
     1
 44
14.07533799742526
 45
10.0
 73
     0
 74
     0
 46
0.0
  0
MTEXT
  5
B4BB
330
B49C
100
AcDbEntity
  8
TEXTO
100
AcDbMText
 10
-40.0
 20
16.99999999999997
 30
0.0
 40
1.8
 41
28.05949694412741
 46
0.0
 71
     1
 72
     5
  1
{\W1.1;SE COMPLEMENTA CON:}
  7
ISOCPEUR
 73
     1
 44
1.0
101
Embedded Object
 70
     1
 10
1.0
 20
0.0
 30
0.0
 11
-40.0
 21
16.99999999999997
 31
0.0
 40
28.05949694412741
 41
0.0
 42
27.32400000000001
 43
1.801363636363636
 71
     2
 72
     1
 44
28.05949694412741
 45
10.0
 73
     0
 74
     0
 46
0.0
  0
LINE
  5
B4BC
330
B49C
100
AcDbEntity
  8
Rotulo-Lineas medias
100
AcDbLine
 10
-9.0
 20
26.99999999999999
 30
0.0
 11
-9.0
 21
17.99999999999999
 31
0.0
  0
MTEXT
  5
B4BD
330
B49C
100
AcDbEntity
  8
TEXTO
100
AcDbMText
 10
-111.8
 20
20.25
 30
0.0
 40
1.8
 41
12.5
 46
0.0
 71
     4
 72
     5
  1
{\W1.1;DIBUJO:}
  7
ISOCPEUR
 73
     1
 44
1.0
101
Embedded Object
 70
     4
 10
1.0
 20
0.0
 30
0.0
 11
-111.8
 21
20.25
 31
0.0
 40
12.5
 41
0.0
 42
8.316
 43
1.8
 71
     2
 72
     1
 44
12.5
 45
9.0
 73
     0
 74
     0
 46
0.0
  0
MTEXT
  5
B4BE
330
B49C
100
AcDbEntity
  8
TEXTO
100
AcDbMText
 10
-111.8
 20
15.74999999999999
 30
0.0
 40
1.8
 41
12.5
 46
0.0
 71
     4
 72
     5
  1
{\W1.1;REVISO:}
  7
ISOCPEUR
 73
     1
 44
1.0
101
Embedded Object
 70
     4
 10
1.0
 20
0.0
 30
0.0
 11
-111.8
 21
15.74999999999999
 31
0.0
 40
12.5
 41
0.0
 42
8.712000000000001
 43
1.8
 71
     2
 72
     1
 44
12.5
 45
9.0
 73
     0
 74
     0
 46
0.0
  0
MTEXT
  5
B4BF
330
B49C
100
AcDbEntity
  8
TEXTO
100
AcDbMText
 10
-111.8
 20
11.24999999999999
 30
0.0
 40
1.8
 41
12.5
 46
0.0
 71
     4
 72
     5
  1
{\W1.1;APROBO:}
  7
ISOCPEUR
 73
     1
 44
1.0
101
Embedded Object
 70
     4
 10
1.0
 20
0.0
 30
0.0
 11
-111.8
 21
11.24999999999999
 31
0.0
 40
12.5
 41
0.0
 42
9.900000000000002
 43
1.8
 71
     2
 72
     1
 44
12.5
 45
9.0
 73
     0
 74
     0
 46
0.0
  0
MTEXT
  5
B4C0
330
B49C
100
AcDbEntity
  8
TEXTO
100
AcDbMText
 10
-87.00000000000001
 20
6.000000000000003
 30
0.0
 40
1.8
 41
17.5
 46
0.0
 71
     5
 72
     5
  1
{\W1.1;ESCALA}
  7
ISOCPEUR
 73
     1
 44
1.0
101
Embedded Object
 70
     5
 10
1.0
 20
0.0
 30
0.0
 11
-87.00000000000001
 21
6.000000000000003
 31
0.0
 40
17.5
 41
0.0
 42
8.910000000000001
 43
1.8
 71
     2
 72
     1
 44
17.5
 45
12.5
 73
     0
 74
     0
 46
0.0
  0
MTEXT
  5
B4C1
330
B49C
100
AcDbEntity
  8
TEXTO
100
AcDbMText
 10
-67.0
 20
6.000000000000003
 30
0.0
 40
1.8
 41
17.5
 46
0.0
 71
     5
 72
     5
  1
{\W1.1;FORMATO}
  7
ISOCPEUR
 73
     1
 44
1.0
101
Embedded Object
 70
     5
 10
1.0
 20
0.0
 30
0.0
 11
-67.0
 21
6.000000000000003
 31
0.0
 40
17.5
 41
0.0
 42
10.89
 43
1.8
 71
     2
 72
     1
 44
17.5
 45
12.5
 73
     0
 74
     0
 46
0.0
  0
MTEXT
  5
B4C2
330
B49C
100
AcDbEntity
  8
TEXTO
100
AcDbMText
 10
-48.99999999999998
 20
6.000000000000007
 30
0.0
 40
1.8
 41
14.96988325097627
 46
0.0
 71
     5
 72
     5
  1
{\W1.1;HOJA}
  7
ISOCPEUR
 73
     1
 44
1.0
101
Embedded Object
 70
     5
 10
1.0
 20
0.0
 30
0.0
 11
-48.99999999999998
 21
6.000000000000007
 31
0.0
 40
14.96988325097627
 41
0.0
 42
5.742
 43
1.8
 71
     2
 72
     1
 44
14.96988325097627
 45
12.5
 73
     0
 74
     0
 46
0.0
  0
LINE
  5
B4C3
330
B49C
100
AcDbEntity
  8
TEXTO
100
AcDbLine
 10
-48.55537381367662
 20
4.221600407021687
 30
0.0
 11
-49.44462618632336
 21
1.778399592978326
 31
0.0
  0
MTEXT
  5
B4C4
330
B49C
100
AcDbEntity
  8
TEXTO
100
AcDbMText
 10
-144.0
 20
31.50000000000002
 30
0.0
 40
3.0
 41
60.96402843572608
 46
0.0
 71
     5
 72
     5
  1
{\W1.1;GERENCIA DE INGENIERIA E INFRAESTRUCTURA}
  7
ISOCPEUR
 73
     1
 44
1.0
101
Embedded Object
 70
     5
 10
1.0
 20
0.0
 30
0.0
 11
-144.0
 21
31.50000000000002
 31
0.0
 40
60.96402843572608
 41
0.0
 42
52.47
 43
8.0
 71
     2
 72
     1
 44
60.96402843572608
 45
9.0
 73
     0
 74
     0
 46
10.56632617948685
  0
ATTDEF
  5
B4C5
330
B49C
100
AcDbEntity
  8
TEXTO
100
AcDbText
 10
-166.1375
 20
21.25
 30
0.0
 40
2.5
  1
AREA MATERIAL RODANTE
 41
1.1
  7
ISOCPEUR
 72
     1
 11
-144.0
 21
22.5
 31
0.0
100
AcDbAttributeDefinition
280
     0
  3
COLOCAR AREA
  2
AREA
 70
     0
 74
     2
280
     1
  0
ATTDEF
  5
B4C6
330
B49C
100
AcDbEntity
  8
TEXTO
100
AcDbText
 10
-56.5
 20
45.49999999999999
 30
0.0
 40
3.0
  1

 41
1.1
  7
ISOCPEUR
 72
     1
 11
-56.5
 21
47.0
 31
0.0
100
AcDbAttributeDefinition
280
     0
  3
NOMBRE DE LA PIEZA
  2
ELEMENTO/CONJUNTO
 70
     0
 74
     2
280
     1
  0
ATTDEF
  5
B4C7
330
B49C
100
AcDbEntity
  8
TEXTO
100
AcDbText
 10
-56.5
 20
37.5
 30
0.0
 40
3.0
  1

 41
1.1
  7
ISOCPEUR
 72
     1
 11
-56.5
 21
39.0
 31
0.0
100
AcDbAttributeDefinition
280
     0
  3
COLOCAR PARTE/GRUPO
  2
PARTE/GRUPO
 70
     0
 74
     2
280
     1
  0
ATTDEF
  5
B4C8
330
B49C
100
AcDbEntity
  8
TEXTO
100
AcDbText
 10
-56.5
 20
29.5
 30
0.0
 40
3.0
  1

 41
1.1
  7
ISOCPEUR
 72
     1
 11
-56.5
 21
31.0
 31
0.0
100
AcDbAttributeDefinition
280
     0
  3
COLOCAR TEMA/CLASIFICACION
  2
TEMA/CLASIFICACION
 70
     0
 74
     2
280
     1
  0
ATTDEF
  5
B4C9
330
B49C
100
AcDbEntity
  8
TEXTO
100
AcDbText
 10
-112.0
 20
23.85
 30
0.0
 40
1.8
  1
RELEVO:
 41
1.1
  7
ISOCPEUR
 11
-112.0
 21
24.75
 31
0.0
100
AcDbAttributeDefinition
280
     0
  3
NOMBRE PROYECTO/RELEVO
  2
PROY./REL.
 70
     0
 74
     2
280
     1
  0
ATTDEF
  5
B4CA
330
B49C
100
AcDbEntity
  8
TEXTO
100
AcDbText
 10
-96.00000000000001
 20
23.85
 30
0.0
 40
1.8
  1

 41
1.1
  7
ISOCPEUR
 11
-96.00000000000001
 21
24.75
 31
0.0
100
AcDbAttributeDefinition
280
     0
  3
NOMBRE PROY./REL.
  2
PROYECTO/RELEVO
 70
     0
 74
     2
280
     1
  0
ATTDEF
  5
B4CB
330
B49C
100
AcDbEntity
  8
TEXTO
100
AcDbText
 10
-48.99999999999999
 20
23.85000000000001
 30
0.0
 40
1.8
  1

 41
1.1
  7
ISOCPEUR
 72
     1
 11
-48.99999999999999
 21
24.75000000000001
 31
0.0
100
AcDbAttributeDefinition
280
     0
  3
FECHA PROY./REL.
  2
FECHA_PROY_REL
 70
     0
 74
     2
280
     1
  0
ATTDEF
  5
B4CC
330
B49C
100
AcDbEntity
  8
TEXTO
100
AcDbText
 10
-96.00000000000001
 20
19.35
 30
0.0
 40
1.8
  1

 41
1.1
  7
ISOCPEUR
 11
-96.00000000000001
 21
20.25
 31
0.0
100
AcDbAttributeDefinition
280
     0
  3
NOMBRE DIBUJO
  2
DIBUJO
 70
     0
 74
     2
280
     1
  0
ATTDEF
  5
B4CD
330
B49C
100
AcDbEntity
  8
TEXTO
100
AcDbText
 10
-48.99999999999997
 20
19.35000000000001
 30
0.0
 40
1.8
  1

 41
1.1
  7
ISOCPEUR
 72
     1
 11
-48.99999999999997
 21
20.25000000000001
 31
0.0
100
AcDbAttributeDefinition
280
     0
  3
FECHA DIBUJO
  2
FECHA_DIB
 70
     0
 74
     2
280
     1
  0
ATTDEF
  5
B4CE
330
B49C
100
AcDbEntity
  8
TEXTO
100
AcDbText
 10
-96.00000000000001
 20
14.85
 30
0.0
 40
1.8
  1

 41
1.1
  7
ISOCPEUR
 11
-96.00000000000001
 21
15.75
 31
0.0
100
AcDbAttributeDefinition
280
     0
  3
NOMBRE REVISO
  2
REVISO
 70
     0
 74
     2
280
     1
  0
ATTDEF
  5
B4CF
330
B49C
100
AcDbEntity
  8
TEXTO
100
AcDbText
 10
-48.99999999999997
 20
14.85000000000001
 30
0.0
 40
1.8
  1

 41
1.1
  7
ISOCPEUR
 72
     1
 11
-48.99999999999997
 21
15.75000000000001
 31
0.0
100
AcDbAttributeDefinition
280
     0
  3
FECHA REVISO
  2
FECHA_REV
 70
     0
 74
     2
280
     1
  0
ATTDEF
  5
B4D0
330
B49C
100
AcDbEntity
  8
TEXTO
100
AcDbText
 10
-96.00000000000001
 20
10.35
 30
0.0
 40
1.8
  1

 41
1.1
  7
ISOCPEUR
 11
-96.00000000000001
 21
11.25
 31
0.0
100
AcDbAttributeDefinition
280
     0
  3
NOMBRE APROBO
  2
APROBO
 70
     0
 74
     2
280
     1
  0
ATTDEF
  5
B4D1
330
B49C
100
AcDbEntity
  8
TEXTO
100
AcDbText
 10
-48.99999999999997
 20
10.35000000000001
 30
0.0
 40
1.8
  1

 41
1.1
  7
ISOCPEUR
 72
     1
 11
-48.99999999999997
 21
11.25
 31
0.0
100
AcDbAttributeDefinition
280
     0
  3
FECHA APROBO
  2
FECHA_APROBO
 70
     0
 74
     2
280
     1
  0
ATTDEF
  5
B4D2
330
B49C
100
AcDbEntity
  8
TEXTO
100
AcDbText
 10
-4.5
 20
19.35
 30
0.0
 40
2.5
  1

 41
1.1
  7
ISOCPEUR
 72
     1
 11
-4.5
 21
20.6
 31
0.0
100
AcDbAttributeDefinition
280
     0
  3
REVISION
  2
R
 70
     0
 74
     2
280
     1
  0
ATTDEF
  5
B4D3
330
B49C
100
AcDbEntity
  8
TEXTO
100
AcDbText
 10
-87.00000000000001
 20
2.099999999999996
 30
0.0
 40
1.8
  1

 41
1.1
  7
ISOCPEUR
 72
     1
 11
-87.00000000000001
 21
2.999999999999996
 31
0.0
100
AcDbAttributeDefinition
280
     0
  3
COLOCAR ESCALA
  2
ESCALA
 70
     0
 74
     2
280
     1
  0
LINE
  5
B4D4
330
B49C
100
AcDbEntity
  8
Rotulo-Lineas medias
100
AcDbLine
 10
-77.00000000000001
 20
9.000000000000003
 30
0.0
 11
-77.00000000000001
 21
0.0000000000000036
 31
0.0
  0
ATTDEF
  5
B4D5
330
B49C
100
AcDbEntity
  8
TEXTO
100
AcDbText
 10
-67.89100000000001
 20
2.099999999999996
 30
0.0
 40
1.8
  1
A
 41
1.1
  7
ISOCPEUR
 72
     1
 11
-67.0
 21
2.999999999999996
 31
0.0
100
AcDbAttributeDefinition
280
     0
  3
COLOCAR FORMATO
  2
FORMATO
 70
     0
 74
     2
280
     1
  0
INSERT
  5
B4D6
330
B49C
100
AcDbEntity
  8
TEXTO
100
AcDbBlockReference
  2
Logo institucional
 10
-144.0
 20
43.49999999999999
 30
0.0
  0
ATTDEF
  5
B4D7
330
B49C
100
AcDbEntity
  8
TEXTO
100
AcDbText
 10
-51.5
 20
2.100000000000007
 30
0.0
 40
1.8
  1

 41
1.1
  7
ISOCPEUR
 72
     1
 11
-51.5
 21
3.000000000000007
 31
0.0
100
AcDbAttributeDefinition
280
     0
  3
HOJA NUMERO
  2
HN°
 70
     0
 74
     2
280
     1
  0
ATTDEF
  5
B4D8
330
B49C
100
AcDbEntity
  8
TEXTO
100
AcDbText
 10
-46.49999999999999
 20
2.100000000000006
 30
0.0
 40
1.8
  1

 41
1.1
  7
ISOCPEUR
 72
     1
 11
-46.49999999999999
 21
3.000000000000006
 31
0.0
100
AcDbAttributeDefinition
280
     0
  3
HOJAS TOTALES
  2
HT
 70
     0
 74
     2
280
     1
  0
ENDBLK
  5
B4D9
330
B49C
100
AcDbEntity
  8
0
100
AcDbBlockEnd
  0
BLOCK
  5
B66E
330
B653
100
AcDbEntity
  8
0
 62
     1
100
AcDbBlockBegin
  2
A$C1f8019c8
 70
     0
 10
0.0
 20
0.0
 30
0.0
  3
A$C1f8019c8
  1

  0
INSERT
  5
B654
330
B653
100
AcDbEntity
  8
Viewport
100
AcDbBlockReference
  2
a3
 10
0.0000000000040927
 20
0.0000000000009095
 30
0.0
 41
4.757734471599742
 42
4.757734471599742
 43
4.757734471599742
  0
INSERT
  5
B655
330
B653
100
AcDbEntity
  8
Viewport
100
AcDbBlockReference
 66
     1
  2
Rotulo SOFSE2
 10
1950.671133355896
 20
47.5773447159977
 30
0.0
 41
4.582789161953083
 42
4.582789161953083
 43
4.582789161953083
  0
ATTRIB
  5
B656
330
B655
100
AcDbEntity
  8
TEXTO
100
AcDbText
 10
1165.352925590711
 20
103.7165119499222
 30
0.0
 40
11.45697290488271
  1
SUBGERENCIA DE SEÑALAMIENTO
 41
1.1
  7
ISOCPEUR
 72
     1
 11
1290.749494034652
 21
109.4449984023636
 31
0.0
100
AcDbAttribute
280
     0
  2
AREA
 70
     0
 74
     2
280
     1
  0
ATTRIB
  5
B657
330
B655
100
AcDbEntity
  8
TEXTO
100
AcDbText
 10
1537.486862514206
 20
256.0942515848625
 30
0.0
 40
13.74836748585925
  1
CIRCUTIO DE CONTROL DE CAMBIO
 41
1.1
  7
ISOCPEUR
 72
     1
 11
1691.743545705547
 21
262.9684353277921
 31
0.0
100
AcDbAttribute
280
     0
  2
ELEMENTO/CONJUNTO
 70
     0
 74
     2
280
     1
  0
ATTRIB
  5
B658
330
B655
100
AcDbEntity
  8
TEXTO
100
AcDbText
 10
1646.373933002211
 20
219.4319382892378
 30
0.0
 40
13.74836748585925
  1
CAMBIO 11
 41
1.1
  7
ISOCPEUR
 72
     1
 11
1691.743545705547
 21
226.3061220321674
 31
0.0
100
AcDbAttribute
280
     0
  2
PARTE/GRUPO
 70
     0
 74
     2
280
     1
  0
ATTRIB
  5
B659
330
B655
100
AcDbEntity
  8
TEXTO
100
AcDbText
 10
1691.743545705547
 20
182.7696249936131
 30
0.0
 40
13.74836748585925
  1

 41
1.1
  7
ISOCPEUR
 72
     1
 11
1691.743545705547
 21
189.6438087365427
 31
0.0
100
AcDbAttribute
280
     0
  2
TEMA/CLASIFICACION
 70
     0
 74
     2
280
     1
  0
ATTRIB
  5
B65A
330
B655
100
AcDbEntity
  8
TEXTO
100
AcDbText
 10
1437.398747217151
 20
156.876866228577
 30
0.0
 40
8.249020491515551
  1
RELEVO:
 41
1.1
  7
ISOCPEUR
 11
1437.398747217151
 21
161.0013764743348
 31
0.0
100
AcDbAttribute
280
     0
  2
PROY./REL.
 70
     0
 74
     2
280
     1
  0
ATTRIB
  5
B65B
330
B655
100
AcDbEntity
  8
TEXTO
100
AcDbText
 10
1510.7233738084
 20
156.876866228577
 30
0.0
 40
8.249020491515551
  1

 41
1.1
  7
ISOCPEUR
 11
1510.7233738084
 21
161.0013764743348
 31
0.0
100
AcDbAttribute
280
     0
  2
PROYECTO/RELEVO
 70
     0
 74
     2
280
     1
  0
ATTRIB
  5
B65C
330
B655
100
AcDbEntity
  8
TEXTO
100
AcDbText
 10
1726.114464420195
 20
156.876866228577
 30
0.0
 40
8.249020491515551
  1

 41
1.1
  7
ISOCPEUR
 72
     1
 11
1726.114464420195
 21
161.0013764743348
 31
0.0
100
AcDbAttribute
280
     0
  2
FECHA_PROY_REL
 70
     0
 74
     2
280
     1
  0
ATTRIB
  5
B65D
330
B655
100
AcDbEntity
  8
TEXTO
100
AcDbText
 10
1510.7233738084
 20
136.2543149997896
 30
0.0
 40
8.249020491515551
  1

 41
1.1
  7
ISOCPEUR
 11
1510.7233738084
 21
140.3788252455474
 31
0.0
100
AcDbAttribute
280
     0
  2
DIBUJO
 70
     0
 74
     2
280
     1
  0
ATTRIB
  5
B65E
330
B655
100
AcDbEntity
  8
TEXTO
100
AcDbText
 10
1726.114464420195
 20
136.2543149997896
 30
0.0
 40
8.249020491515551
  1

 41
1.1
  7
ISOCPEUR
 72
     1
 11
1726.114464420195
 21
140.3788252455474
 31
0.0
100
AcDbAttribute
280
     0
  2
FECHA_DIB
 70
     0
 74
     2
280
     1
  0
ATTRIB
  5
B65F
330
B655
100
AcDbEntity
  8
TEXTO
100
AcDbText
 10
1510.7233738084
 20
115.6317637710004
 30
0.0
 40
8.249020491515551
  1

 41
1.1
  7
ISOCPEUR
 11
1510.7233738084
 21
119.7562740167582
 31
0.0
100
AcDbAttribute
280
     0
  2
REVISO
 70
     0
 74
     2
280
     1
  0
ATTRIB
  5
B660
330
B655
100
AcDbEntity
  8
TEXTO
100
AcDbText
 10
1726.114464420195
 20
115.6317637710004
 30
0.0
 40
8.249020491515551
  1

 41
1.1
  7
ISOCPEUR
 72
     1
 11
1726.114464420195
 21
119.7562740167582
 31
0.0
100
AcDbAttribute
280
     0
  2
FECHA_REV
 70
     0
 74
     2
280
     1
  0
ATTRIB
  5
B661
330
B655
100
AcDbEntity
  8
TEXTO
100
AcDbText
 10
1510.7233738084
 20
95.00921254221118
 30
0.0
 40
8.249020491515551
  1

 41
1.1
  7
ISOCPEUR
 11
1510.7233738084
 21
99.13372278796897
 31
0.0
100
AcDbAttribute
280
     0
  2
APROBO
 70
     0
 74
     2
280
     1
  0
ATTRIB
  5
B662
330
B655
100
AcDbEntity
  8
TEXTO
100
AcDbText
 10
1726.114464420195
 20
95.00921254221118
 30
0.0
 40
8.249020491515551
  1

 41
1.1
  7
ISOCPEUR
 72
     1
 11
1726.114464420195
 21
99.13372278796897
 31
0.0
100
AcDbAttribute
280
     0
  2
FECHA_APROBO
 70
     0
 74
     2
280
     1
  0
ATTRIB
  5
B663
330
B655
100
AcDbEntity
  8
TEXTO
100
AcDbText
 10
1771.942356039726
 20
137.4000122902768
 30
0.0
 40
13.74836748585925
  1

 41
1.1
  7
ISOCPEUR
 11
1771.942356039726
 21
144.2741960332064
 31
0.0
100
AcDbAttribute
280
     0
  2
T.CC.P.GG.0000
 70
     0
 74
     2
280
     1
  0
ATTRIB
  5
B664
330
B655
100
AcDbEntity
  8
TEXTO
100
AcDbText
 10
1925.637647558728
 20
136.2543149997891
 30
0.0
 40
11.45697290488271
  1
3
 41
1.1
  7
ISOCPEUR
 72
     1
 11
1930.048582127108
 21
141.9828014522304
 31
0.0
100
AcDbAttribute
280
     0
  2
R
 70
     0
 74
     2
280
     1
  0
ATTRIB
  5
B665
330
B655
100
AcDbEntity
  8
TEXTO
100
AcDbText
 10
1771.942356039726
 20
96.15490983269831
 30
0.0
 40
13.74836748585925
  1

 41
1.1
  7
ISOCPEUR
 11
1771.942356039726
 21
103.0290935756279
 31
0.0
100
AcDbAttribute
280
     0
  2
T.CC.P.GG.0000
 70
     0
 74
     2
280
     1
  0
ATTRIB
  5
B666
330
B655
100
AcDbEntity
  8
TEXTO
100
AcDbText
 10
1771.942356039726
 20
54.90980737512167
 30
0.0
 40
13.74836748585925
  1

 41
1.1
  7
ISOCPEUR
 11
1771.942356039726
 21
61.78399111805129
 31
0.0
100
AcDbAttribute
280
     0
  2
NUM00000000000N
 70
     0
 74
     2
280
     1
  0
ATTRIB
  5
B667
330
B655
100
AcDbEntity
  8
TEXTO
100
AcDbText
 10
1541.079769217177
 20
57.20120195609759
 30
0.0
 40
8.249020491515551
  1
N/A
 41
1.1
  7
ISOCPEUR
 72
     1
 11
1551.968476265978
 21
61.32571220185536
 31
0.0
100
AcDbAttribute
280
     0
  2
ESCALA
 70
     0
 74
     2
280
     1
  0
ATTRIB
  5
B668
330
B655
100
AcDbEntity
  8
TEXTO
100
AcDbText
 10
1636.365121472506
 20
57.20120195609759
 30
0.0
 40
8.249020491515551
  1
A3
 41
1.1
  7
ISOCPEUR
 72
     1
 11
1643.62425950504
 21
61.32571220185536
 31
0.0
100
AcDbAttribute
280
     0
  2
FORMATO
 70
     0
 74
     2
280
     1
  0
ATTRIB
  5
B669
330
B655
100
AcDbEntity
  8
TEXTO
100
AcDbText
 10
1711.481618626079
 20
57.20120195609759
 30
0.0
 40
8.249020491515551
  1
6
 41
1.1
  7
ISOCPEUR
 72
     1
 11
1714.657491515312
 21
61.32571220185536
 31
0.0
100
AcDbAttribute
280
     0
  2
HN°
 70
     0
 74
     2
280
     1
  0
ATTRIB
  5
B66A
330
B655
100
AcDbEntity
  8
TEXTO
100
AcDbText
 10
1734.395564435844
 20
57.20120195609759
 30
0.0
 40
8.249020491515551
  1
8
 41
1.1
  7
ISOCPEUR
 72
     1
 11
1737.571437325078
 21
61.32571220185536
 31
0.0
100
AcDbAttribute
280
     0
  2
HT
 70
     0
 74
     2
280
     1
  0
SEQEND
  5
B66B
330
B655
100
AcDbEntity
  8
Viewport
  0
ENDBLK
  5
B66F
330
B653
100
AcDbEntity
  8
0
 62
     1
100
AcDbBlockEnd
  0
BLOCK
  5
CC91
330
CC90
100
AcDbEntity
 67
     1
  8
0
100
AcDbBlockBegin
  2
*Paper_Space8
 70
     0
 10
0.0
 20
0.0
 30
0.0
  3
*Paper_Space8
  1

  0
VIEWPORT
  5
CC92
102
{ACAD_XDICTIONARY
360
CC93
102
}
330
CC90
100
AcDbEntity
 67
     1
  8
0
100
AcDbViewport
 10
599.0798527080865
 20
124.9334319741752
 30
0.0
 40
793.5089133948077
 41
306.5431784637778
 68
     0
 69
     0
 12
599.0798527080865
 22
124.9334319741752
 13
0.0
 23
0.0
 14
10.0
 24
10.0
 15
10.0
 25
10.0
 16
0.0
 26
0.0
 36
1.0
 17
0.0
 27
0.0
 37
0.0
 42
50.0
 43
0.0
 44
0.0
 45
306.5431784637778
 50
0.0
 51
0.0
 72
  1000
 90
   819232
  1

281
     0
 71
     1
 74
     0
110
0.0
120
0.0
130
0.0
111
1.0
121
0.0
131
0.0
112
0.0
122
1.0
132
0.0
 79
     0
146
0.0
170
     0
 61
     5
348
2F
292
     1
282
     1
141
0.0
142
0.0
 63
   250
421
  3355443
  0
VIEWPORT
  5
CC95
102
{ACAD_XDICTIONARY
360
CC96
102
}
330
CC90
100
AcDbEntity
 67
     1
  8
Defpoints
100
AcDbViewport
 10
542.5046036506248
 20
145.5721632993836
 30
0.0
 40
421.4140609477631
 41
297.999811715119
 68
     0
 69
     0
 12
-1613.994290095765
 22
-1483.068633960485
 13
0.0
 23
0.0
 14
10.0
 24
10.0
 15
10.0
 25
10.0
 16
0.0000000000006821
 26
0.0
 36
2274.76821651462
 17
1483.297486031478
 27
-1246.38417612752
 37
0.0000000000002784
 42
50.0
 43
0.0
 44
0.0
 45
2979.998123823759
 50
0.0
 51
0.0
 72
  1000
331
AC54
331
AC8D
331
AFEF
331
BC2F
331
BC30
331
BC31
331
C2A6
331
C2B3
331
C2B5
331
A290
331
A299
331
A29B
331
A2A1
331
A2A4
331
A2A9
331
A2B2
331
A3DB
331
A47A
 90
   819296
  1

281
     0
 71
     1
 74
     0
110
0.0
120
0.0
130
0.0
111
1.0
121
0.0
131
0.0
112
0.0
122
1.0
132
0.0
 79
     0
146
0.0
170
     0
 61
     5
348
2F
292
     1
282
     1
141
0.0
142
0.0
 63
   250
421
  3355443
  0
MTEXT
  5
CC98
102
{ACAD_XDICTIONARY
360
CC99
102
}
330
CC90
100
AcDbEntity
 67
     1
  8
0
100
AcDbMText
 10
622.0046207957757
 20
13.81438153208978
 30
0.0
 40
2.5
 41
80.0
 46
0.0
 71
     1
 72
     5
  1
\pxqc;        
 73
     1
 44
1.0
101
Embedded Object
 70
     1
 10
1.0
 20
0.0
 30
0.0
 11
622.0046207957757
 21
13.81438153208978
 31
0.0
 40
80.0
 41
0.0
 42
20.0
 43
2.5
 71
     2
 72
     1
 44
80.0
 45
12.5
 73
     0
 74
     0
 46
0.0
  0
ENDBLK
  5
CC9A
330
CC90
100
AcDbEntity
 67
     1
  8
0
100
AcDbBlockEnd
  0
BLOCK
  5
C16B
330
C138
100
AcDbEntity
  8
0
100
AcDbBlockBegin
  2
A$C1bef3e62
 70
     0
 10
0.0
 20
0.0
 30
0.0
  3
A$C1bef3e62
  1

  0
LWPOLYLINE
  5
C139
330
C138
100
AcDbEntity
  8
PDF2_Geometría
370
    -3
100
AcDbPolyline
 90
        2
 70
     0
 43
0.0
 10
56.1136513124693
 20
88.59911965220522
 10
56.1136513124693
 20
91.45134925220508
  0
MTEXT
  5
C13A
330
C138
100
AcDbEntity
  8
PDF2_Texto
100
AcDbMText
 10
349.8345416556717
 20
12.60760234287318
 30
0.0
 40
5.999519026544532
 41
0.0
 46
0.4931413233934601
 71
     7
 72
     5
  1
9T
  7
PDF Arial
 73
     1
 44
1.0
  0
LWPOLYLINE
  5
C13B
330
C138
100
AcDbEntity
  8
PDF2_Geometría
370
    -3
100
AcDbPolyline
 90
        2
 70
     0
 43
0.0
 10
150.1968028799858
 20
88.59911965220499
 10
150.1968028799858
 20
86.00618365220498
  0
CIRCLE
  5
C13C
330
C138
100
AcDbEntity
  8
PDF2_Geometría
370
    -3
100
AcDbCircle
 10
142.5289204633448
 20
92.29792336455261
 30
0.0
 40
1.512546345488925
  0
LWPOLYLINE
  5
C13D
330
C138
100
AcDbEntity
  8
PDF2_Geometría
370
    -3
100
AcDbPolyline
 90
        4
 70
     1
 43
0.0
 10
157.0925773178562
 20
90.69894581908988
 10
144.6464845178554
 20
90.69894581908988
 10
144.6464845178554
 20
93.81046901908986
 10
157.0925773178562
 20
93.81046901908986
  0
CIRCLE
  5
C13E
330
C138
100
AcDbEntity
  8
PDF2_Geometría
370
    -3
100
AcDbCircle
 10
46.74168249222975
 20
20.64066705253686
 30
0.0
 40
1.512546345488925
  0
LWPOLYLINE
  5
C13F
330
C138
100
AcDbEntity
  8
PDF2_Geometría
370
    -3
100
AcDbPolyline
 90
        4
 70
     1
 43
0.0
 10
32.17802563771829
 20
22.23964459799959
 10
44.62411843771906
 20
22.23964459799959
 10
44.62411843771906
 20
19.12812139799962
 10
32.17802563771829
 20
19.12812139799962
  0
LWPOLYLINE
  5
C140
330
C138
100
AcDbEntity
  8
PDF2_Geometría
370
    -3
100
AcDbPolyline
 90
        2
 70
     0
 43
0.0
 10
39.65129807998597
 20
23.775719652205
 10
39.65129807998597
 20
26.54151805220522
  0
MTEXT
  5
C141
330
C138
100
AcDbEntity
  8
PDF2_Texto
100
AcDbMText
 10
27.55293721718067
 20
29.83706878065346
 30
0.0
 40
5.999519026544532
 41
0.0
 46
0.4931413233934601
 71
     7
 72
     5
  1
14
  7
PDF Arial
 73
     1
 44
1.0
  0
MTEXT
  5
C142
330
C138
100
AcDbEntity
  8
PDF2_Texto
100
AcDbMText
 10
152.4596053328826
 20
78.17462403095373
 30
0.0
 40
5.999519026544532
 41
0.0
 46
0.4931413233934601
 71
     7
 72
     5
  1
14
  7
PDF Arial
 73
     1
 44
1.0
  0
CIRCLE
  5
C143
330
C138
100
AcDbEntity
  8
PDF2_Geometría
370
    -3
100
AcDbCircle
 10
29.9529830715569
 20
42.31521253722348
 30
0.0
 40
4.105481514967578
  0
LWPOLYLINE
  5
C144
330
C138
100
AcDbEntity
  8
PDF2_Geometría
370
    -3
100
AcDbPolyline
 90
        2
 70
     0
 43
0.0
 10
9.339141386524261
 20
42.35842765220491
 10
16.31610893043171
 20
42.35842765220491
  0
LWPOLYLINE
  5
C145
330
C138
100
AcDbEntity
  8
PDF2_Geometría
370
    -3
100
AcDbPolyline
 90
        2
 70
     0
 43
0.0
 10
19.95341562632643
 20
42.35842765220491
 10
21.69880395658879
 20
42.35842765220491
  0
LWPOLYLINE
  5
C146
330
C138
100
AcDbEntity
  8
PDF2_Geometría
370
    -3
100
AcDbPolyline
 90
        2
 70
     0
 43
0.0
 10
9.339141386524261
 20
38.20973005220503
 10
9.339141386524261
 20
46.50712525220479
  0
LWPOLYLINE
  5
C147
330
C138
100
AcDbEntity
  8
PDF2_Geometría
370
    -3
100
AcDbPolyline
 90
        2
 70
     0
 43
0.0
 10
32.93485898652444
 20
39.41976685220493
 10
27.05753738652447
 20
45.29708845220489
  0
LWPOLYLINE
  5
C148
330
C138
100
AcDbEntity
  8
PDF2_Geometría
370
    -3
100
AcDbPolyline
 90
        4
 70
     1
 43
0.0
 10
21.69880395658879
 20
40.24086373722343
 10
25.84750155658935
 20
40.24086373722343
 10
25.84750155658935
 20
44.38956133722354
 10
21.69880395658879
 20
44.38956133722354
  0
LWPOLYLINE
  5
C149
330
C138
100
AcDbEntity
  8
PDF2_Geometría
370
    -3
100
AcDbPolyline
 90
        2
 70
     0
 43
0.0
 10
29.56404218652415
 20
38.29616125220491
 10
29.56404218652415
 20
46.50712525220479
  0
LWPOLYLINE
  5
C14A
330
C138
100
AcDbEntity
  8
PDF2_Geometría
370
    -3
100
AcDbPolyline
 90
        2
 70
     0
 43
0.0
 10
30.42835418652476
 20
38.29616125220491
 10
30.42835418652476
 20
46.50712525220479
  0
LWPOLYLINE
  5
C14B
330
C138
100
AcDbEntity
  8
PDF2_Geometría
370
    -3
100
AcDbPolyline
 90
        2
 70
     0
 43
0.0
 10
9.339141386524261
 20
25.85006845220505
 10
9.339141386524261
 20
25.85006845220505
  0
LWPOLYLINE
  5
C14C
330
C138
100
AcDbEntity
  8
PDF2_Geometría
370
    -3
100
AcDbPolyline
 90
        2
 70
     0
 43
0.0
 10
9.339141386524261
 20
25.85006845220505
 10
9.339141386524261
 20
21.70137085220495
  0
LWPOLYLINE
  5
C14D
330
C138
100
AcDbEntity
  8
PDF2_Geometría
370
    -3
100
AcDbPolyline
 90
        3
 70
     1
 43
0.0
 10
13.66070138652458
 20
35.53036285220492
 10
9.339141386524261
 20
27.92441725220488
 10
4.931150186524519
 20
35.53036285220492
  0
MTEXT
  5
C14E
330
C138
100
AcDbEntity
  8
PDF2_Texto
100
AcDbMText
 10
22.76624890209518
 20
43.02474034718602
 30
0.0
 40
2.06940128904375
 41
0.0
 46
0.0
 71
     7
 72
     5
  1
2
  7
PDF Arial
 11
-0.0000000000000002
 21
-1.0
 31
0.0
 73
     1
 44
1.0
  0
CIRCLE
  5
C14F
330
C138
100
AcDbEntity
  8
0
100
AcDbCircle
 10
5.074939574245945
 20
15.22817385934695
 30
0.0
 40
3.72393401866984
  0
CIRCLE
  5
C150
330
C138
100
AcDbEntity
  8
0
100
AcDbCircle
 10
12.52638272441982
 20
15.22817385934695
 30
0.0
 40
3.72393401866984
  0
LINE
  5
C151
330
C138
100
AcDbEntity
  8
0
100
AcDbLine
 10
0.0
 20
15.22817385934695
 30
0.0
 11
17.35536906105699
 21
15.22817385934695
 31
0.0
  0
MTEXT
  5
C152
330
C138
100
AcDbEntity
  8
PDF2_Texto
100
AcDbMText
 10
36.21535934081931
 20
38.70369339443551
 30
0.0
 40
5.999519026544532
 41
0.0
 46
0.4931413233934601
 71
     7
 72
     5
  1
7ABF
  7
PDF Arial
 73
     1
 44
1.0
  0
ARC
  5
C153
330
C138
100
AcDbEntity
  8
PDF2_Geometría
370
    -3
100
AcDbCircle
 10
16.31610893043171
 20
44.45842765220482
 30
0.0
 40
4.200000000000045
100
AcDbArc
 50
270.0
 51
0.0
  0
LINE
  5
C154
330
C138
100
AcDbEntity
  8
PDF2_Geometría
370
    -3
100
AcDbLine
 10
16.31610893043171
 20
44.45842765220482
 30
0.0
 11
20.51610893043176
 21
44.45842765220482
 31
0.0
  0
LINE
  5
C155
330
C138
100
AcDbEntity
  8
PDF2_Geometría
370
    -3
100
AcDbLine
 10
16.31610893043171
 20
44.45842765220482
 30
0.0
 11
16.31610893043171
 21
40.25842765220477
 31
0.0
  0
LINE
  5
C156
330
C138
100
AcDbEntity
  8
0
100
AcDbLine
 10
155.0056833395097
 20
9.684388575441971
 30
0.0
 11
155.0056833395097
 21
19.48438857544215
 31
0.0
  0
LINE
  5
C157
330
C138
100
AcDbEntity
  8
0
100
AcDbLine
 10
155.0056833395097
 20
14.58438857544206
 30
0.0
 11
149.1256833395095
 21
14.58438857544206
 31
0.0
  0
CIRCLE
  5
C158
330
C138
100
AcDbEntity
  8
0
100
AcDbCircle
 10
147.7256833395097
 20
14.58438857544206
 30
0.0
 40
1.399999999999999
  0
ARC
  5
C159
330
C138
100
AcDbEntity
  8
0
100
AcDbCircle
 10
146.3256833395096
 20
11.64438857544201
 30
0.0
 40
5.880000000000062
100
AcDbArc
 50
90.0
 51
180.0
  0
LINE
  5
C15A
330
C138
100
AcDbEntity
  8
0
100
AcDbLine
 10
146.3256833395096
 20
11.64438857544201
 30
0.0
 11
140.4456833395095
 21
11.64438857544201
 31
0.0
  0
LINE
  5
C15B
330
C138
100
AcDbEntity
  8
0
100
AcDbLine
 10
146.3256833395096
 20
11.64438857544201
 30
0.0
 11
146.3256833395096
 21
17.52438857544212
 31
0.0
  0
LWPOLYLINE
  5
C15C
330
C138
100
AcDbEntity
  8
PDF2_Geometría
370
    -3
100
AcDbPolyline
 90
        2
 70
     0
 43
0.0
 10
155.0369500799852
 20
21.70137085220472
 10
155.0369500799852
 20
21.70137085220472
  0
LWPOLYLINE
  5
C15D
330
C138
100
AcDbEntity
  8
PDF2_Geometría
370
    -3
100
AcDbPolyline
 90
        2
 70
     0
 43
0.0
 10
155.0369500799852
 20
21.70137085220472
 10
155.0369500799852
 20
25.85006845220482
  0
CIRCLE
  5
C15E
330
C138
100
AcDbEntity
  8
0
100
AcDbCircle
 10
159.3011518922635
 20
32.32326544506282
 30
0.0
 40
3.72393401866984
  0
CIRCLE
  5
C15F
330
C138
100
AcDbEntity
  8
0
100
AcDbCircle
 10
151.8497087420896
 20
32.32326544506282
 30
0.0
 40
3.72393401866984
  0
LINE
  5
C160
330
C138
100
AcDbEntity
  8
0
100
AcDbLine
 10
164.3760914665095
 20
32.32326544506282
 30
0.0
 11
147.0207224054525
 21
32.32326544506282
 31
0.0
  0
MTEXT
  5
C161
330
C138
100
AcDbEntity
  8
PDF2_Texto
100
AcDbMText
 10
133.1715464051374
 20
0.0
 30
0.0
 40
5.999519026544532
 41
0.0
 46
0.4931413233934601
 71
     7
 72
     5
  1
9DH
  7
PDF Arial
 73
     1
 44
1.0
  0
MTEXT
  5
C162
330
C138
100
AcDbEntity
  8
PDF2_Texto
100
AcDbMText
 10
6.132296173696659
 20
49.67210053231156
 30
0.0
 40
5.999519026544532
 41
0.0
 46
0.4931413233934601
 71
     7
 72
     5
  1
9AE
  7
PDF Arial
 73
     1
 44
1.0
  0
LWPOLYLINE
  5
C163
330
C138
100
AcDbEntity
  8
PDF2_Geometría
370
    -3
100
AcDbPolyline
 90
        2
 70
     0
 43
0.0
 10
72.51779897183723
 20
89.8708103369131
 10
72.51779897183723
 20
85.722112736913
  0
CIRCLE
  5
C164
330
C138
100
AcDbEntity
  8
0
100
AcDbCircle
 10
68.79280941760635
 20
97.80338730792301
 30
0.0
 40
3.72393401866984
  0
CIRCLE
  5
C165
330
C138
100
AcDbEntity
  8
0
100
AcDbCircle
 10
76.24425256778022
 20
97.80338730792301
 30
0.0
 40
3.72393401866984
  0
LINE
  5
C166
330
C138
100
AcDbEntity
  8
0
100
AcDbLine
 10
63.7178698433604
 20
97.80338730792301
 30
0.0
 11
81.07323890441739
 21
97.80338730792301
 31
0.0
  0
MTEXT
  5
C167
330
C138
100
AcDbEntity
  8
PDF2_Texto
100
AcDbMText
 10
267.3172345311787
 20
91.9606697058
 30
0.0
 40
5.999519026544532
 41
0.0
 46
0.0
 71
     7
 72
     5
  1
7T
  7
PDF Arial
 73
     1
 44
1.0
  0
MTEXT
  5
C168
330
C138
100
AcDbEntity
  8
PDF2_Texto
100
AcDbMText
 10
87.23424884461655
 20
28.46157194011198
 30
0.0
 40
5.999519026544532
 41
0.0
 46
0.0
 71
     7
 72
     5
  1
7T
  7
PDF Arial
 73
     1
 44
1.0
  0
ENDBLK
  5
C16C
330
C138
100
AcDbEntity
  8
0
100
AcDbBlockEnd
  0
BLOCK
  5
CE30
330
CE2F
100
AcDbEntity
 67
     1
  8
0
100
AcDbBlockBegin
  2
*Paper_Space10
 70
     0
 10
0.0
 20
0.0
 30
0.0
  3
*Paper_Space10
  1

  0
VIEWPORT
  5
CE31
102
{ACAD_XDICTIONARY
360
CE32
102
}
330
CE2F
100
AcDbEntity
 67
     1
  8
0
100
AcDbViewport
 10
599.0798527080865
 20
124.9334319741752
 30
0.0
 40
793.5089133948077
 41
306.5431784637778
 68
     0
 69
     0
 12
599.0798527080865
 22
124.9334319741752
 13
0.0
 23
0.0
 14
10.0
 24
10.0
 15
10.0
 25
10.0
 16
0.0
 26
0.0
 36
1.0
 17
0.0
 27
0.0
 37
0.0
 42
50.0
 43
0.0
 44
0.0
 45
306.5431784637778
 50
0.0
 51
0.0
 72
  1000
 90
   819232
  1

281
     0
 71
     1
 74
     0
110
0.0
120
0.0
130
0.0
111
1.0
121
0.0
131
0.0
112
0.0
122
1.0
132
0.0
 79
     0
146
0.0
170
     0
 61
     5
348
2F
292
     1
282
     1
141
0.0
142
0.0
 63
   250
421
  3355443
  0
VIEWPORT
  5
CE34
102
{ACAD_XDICTIONARY
360
CE35
102
}
330
CE2F
100
AcDbEntity
 67
     1
  8
Defpoints
100
AcDbViewport
 10
542.5046036506248
 20
145.5721632993836
 30
0.0
 40
421.4140609477631
 41
297.999811715119
 68
     0
 69
     0
 12
-1613.994290095765
 22
-1483.068633960485
 13
0.0
 23
0.0
 14
10.0
 24
10.0
 15
10.0
 25
10.0
 16
0.0000000000006821
 26
0.0
 36
2274.76821651462
 17
1483.297486031478
 27
-1246.38417612752
 37
0.0000000000002784
 42
50.0
 43
0.0
 44
0.0
 45
2979.998123823759
 50
0.0
 51
0.0
 72
  1000
331
AC54
331
AC8D
331
AFEF
331
BC2F
331
BC30
331
BC31
331
C2A6
331
C2B3
331
C2B5
331
A290
331
A299
331
A29B
331
A2A1
331
A2A4
331
A2A9
331
A2B2
331
A47A
 90
   819296
  1

281
     0
 71
     1
 74
     0
110
0.0
120
0.0
130
0.0
111
1.0
121
0.0
131
0.0
112
0.0
122
1.0
132
0.0
 79
     0
146
0.0
170
     0
 61
     5
348
2F
292
     1
282
     1
141
0.0
142
0.0
 63
   250
421
  3355443
  0
MTEXT
  5
CE37
102
{ACAD_XDICTIONARY
360
CE38
102
}
330
CE2F
100
AcDbEntity
 67
     1
  8
0
100
AcDbMText
 10
622.0046207957757
 20
13.81438153208978
 30
0.0
 40
2.5
 41
80.0
 46
0.0
 71
     1
 72
     5
  1
\pxqc;        
 73
     1
 44
1.0
101
Embedded Object
 70
     1
 10
1.0
 20
0.0
 30
0.0
 11
622.0046207957757
 21
13.81438153208978
 31
0.0
 40
80.0
 41
0.0
 42
20.0
 43
2.5
 71
     2
 72
     1
 44
80.0
 45
12.5
 73
     0
 74
     0
 46
0.0
  0
ENDBLK
  5
CE39
330
CE2F
100
AcDbEntity
 67
     1
  8
0
100
AcDbBlockEnd
  0
BLOCK
  5
CE69
330
CE68
100
AcDbEntity
 67
     1
  8
0
100
AcDbBlockBegin
  2
*Paper_Space11
 70
     0
 10
0.0
 20
0.0
 30
0.0
  3
*Paper_Space11
  1

  0
VIEWPORT
  5
CE6A
102
{ACAD_XDICTIONARY
360
CE6B
102
}
330
CE68
100
AcDbEntity
 67
     1
  8
0
100
AcDbViewport
 10
599.0798527080865
 20
124.9334319741752
 30
0.0
 40
793.5089133948077
 41
306.5431784637778
 68
     1
 69
     1
 12
599.0798527080865
 22
124.9334319741752
 13
0.0
 23
0.0
 14
10.0
 24
10.0
 15
10.0
 25
10.0
 16
0.0
 26
0.0
 36
1.0
 17
0.0
 27
0.0
 37
0.0
 42
50.0
 43
0.0
 44
0.0
 45
306.5431784637778
 50
0.0
 51
0.0
 72
  1000
 90
   819232
  1

281
     0
 71
     1
 74
     0
110
0.0
120
0.0
130
0.0
111
1.0
121
0.0
131
0.0
112
0.0
122
1.0
132
0.0
 79
     0
146
0.0
170
     0
 61
     5
348
2F
292
     1
282
     1
141
0.0
142
0.0
 63
   250
421
  3355443
  0
VIEWPORT
  5
CE6D
102
{ACAD_XDICTIONARY
360
CE6E
102
}
330
CE68
100
AcDbEntity
 67
     1
  8
Defpoints
100
AcDbViewport
 10
542.5046036506248
 20
145.5721632993836
 30
0.0
 40
421.4140609477631
 41
297.999811715119
 68
     2
 69
     2
 12
-1613.994290095765
 22
-1483.068633960485
 13
0.0
 23
0.0
 14
10.0
 24
10.0
 15
10.0
 25
10.0
 16
0.0000000000006821
 26
0.0
 36
2274.76821651462
 17
1483.297486031478
 27
-1246.38417612752
 37
0.0000000000002784
 42
50.0
 43
0.0
 44
0.0
 45
2979.998123823759
 50
0.0
 51
0.0
 72
  1000
331
AC54
331
AC8D
331
AFEF
331
BC2F
331
BC30
331
BC31
331
C2A6
331
C2B3
331
C2B5
331
A290
331
A299
331
A29B
331
A2A1
331
A2A4
331
A2A9
331
A2B2
331
A3DB
 90
   819296
  1

281
     0
 71
     1
 74
     0
110
0.0
120
0.0
130
0.0
111
1.0
121
0.0
131
0.0
112
0.0
122
1.0
132
0.0
 79
     0
146
0.0
170
     0
 61
     5
348
2F
292
     1
282
     1
141
0.0
142
0.0
 63
   250
421
  3355443
  0
MTEXT
  5
CE70
102
{ACAD_XDICTIONARY
360
CE71
102
}
330
CE68
100
AcDbEntity
 67
     1
  8
0
100
AcDbMText
 10
622.0046207957757
 20
13.81438153208978
 30
0.0
 40
2.5
 41
80.0
 46
0.0
 71
     1
 72
     5
  1
\pxqc;        
 73
     1
 44
1.0
101
Embedded Object
 70
     1
 10
1.0
 20
0.0
 30
0.0
 11
622.0046207957757
 21
13.81438153208978
 31
0.0
 40
80.0
 41
0.0
 42
20.0
 43
2.5
 71
     2
 72
     1
 44
80.0
 45
12.5
 73
     0
 74
     0
 46
0.0
  0
ENDBLK
  5
CE72
330
CE68
100
AcDbEntity
 67
     1
  8
0
100
AcDbBlockEnd
  0
BLOCK
  5
6D
330
6C
100
AcDbEntity
 67
     1
  8
0
100
AcDbBlockBegin
  2
*Paper_Space12
 70
     0
 10
0.0
 20
0.0
 30
0.0
  3
*Paper_Space12
  1

  0
VIEWPORT
  5
93AA
102
{ACAD_XDICTIONARY
360
93AB
102
}
330
6C
100
AcDbEntity
 67
     1
  8
0
100
AcDbViewport
 10
644.8180699771668
 20
145.3217594927704
 30
0.0
 40
795.1126756800992
 41
307.1627334305019
 68
     0
 69
     0
 12
644.8180699771668
 22
145.3217594927704
 13
0.0
 23
0.0
 14
10.0
 24
10.0
 15
10.0
 25
10.0
 16
0.0
 26
0.0
 36
1.0
 17
0.0
 27
0.0
 37
0.0
 42
50.0
 43
0.0
 44
0.0
 45
307.1627334305019
 50
0.0
 51
0.0
 72
  1000
 90
   819232
  1

281
     0
 71
     1
 74
     0
110
0.0
120
0.0
130
0.0
111
1.0
121
0.0
131
0.0
112
0.0
122
1.0
132
0.0
 79
     0
146
0.0
170
     0
 61
     5
348
2F
292
     1
282
     1
141
0.0
142
0.0
 63
   250
421
  3355443
  0
VIEWPORT
  5
93AE
102
{ACAD_XDICTIONARY
360
93AF
102
}
330
6C
100
AcDbEntity
 67
     1
  8
Defpoints
100
AcDbViewport
 10
542.5046036506248
 20
145.5721632993836
 30
0.0
 40
421.4140609477631
 41
297.999811715119
 68
     0
 69
     0
 12
-1613.994290095765
 22
-1483.068633960485
 13
0.0
 23
0.0
 14
10.0
 24
10.0
 15
10.0
 25
10.0
 16
0.0000000000006821
 26
0.0
 36
2274.76821651462
 17
1483.297486031478
 27
-1246.38417612752
 37
0.0000000000002784
 42
50.0
 43
0.0
 44
0.0
 45
2979.998123823759
 50
0.0
 51
0.0
 72
  1000
331
AC54
331
AC8D
331
AFEF
331
BC2F
331
BC30
331
BC31
331
A3DB
331
A47A
 90
   819296
  1

281
     0
 71
     1
 74
     0
110
0.0
120
0.0
130
0.0
111
1.0
121
0.0
131
0.0
112
0.0
122
1.0
132
0.0
 79
     0
146
0.0
170
     0
 61
     5
348
2F
292
     1
282
     1
141
0.0
142
0.0
 63
   250
421
  3355443
  0
MTEXT
  5
95A8
102
{ACAD_XDICTIONARY
360
95A9
102
}
330
6C
100
AcDbEntity
 67
     1
  8
0
100
AcDbMText
 10
622.0046207957757
 20
13.81438153208978
 30
0.0
 40
2.5
 41
80.0
 46
0.0
 71
     1
 72
     5
  1
\pxqc;        
 73
     1
 44
1.0
101
Embedded Object
 70
     1
 10
1.0
 20
0.0
 30
0.0
 11
622.0046207957757
 21
13.81438153208978
 31
0.0
 40
80.0
 41
0.0
 42
20.0
 43
2.5
 71
     2
 72
     1
 44
80.0
 45
12.5
 73
     0
 74
     0
 46
0.0
  0
ENDBLK
  5
6E
330
6C
100
AcDbEntity
 67
     1
  8
0
100
AcDbBlockEnd
  0
BLOCK
  5
CFD2
330
CFD1
100
AcDbEntity
  8
0
100
AcDbBlockBegin
  2
identificador
 70
     2
 10
0.0
 20
0.0
 30
0.0
  3
identificador
  1

  0
CIRCLE
  5
CFD4
330
CFD1
100
AcDbEntity
  8
BOTONES
100
AcDbCircle
 10
-1233.580908866726
 20
-2451.605162073662
 30
0.0
 40
19.2026235337509
  0
ATTDEF
  5
CFD5
330
CFD1
100
AcDbEntity
  8
BOTONES
100
AcDbText
 10
-1233.580908866726
 20
-2451.605162073662
 30
0.0
 40
2.5
  1

100
AcDbAttributeDefinition
280
     0
  3

  2
ID1
 70
     0
280
     1
  0
ENDBLK
  5
CFD3
330
CFD1
100
AcDbEntity
  8
0
100
AcDbBlockEnd
  0
ENDSEC
  0
SECTION
  2
ENTITIES
  0
LWPOLYLINE
  5
9B03
330
70
100
AcDbEntity
  8
PDF2_Geometría
370
    -3
100
AcDbPolyline
 90
        2
 70
     0
 43
0.0
 10
1110.686927195007
 20
-2759.485351675325
 10
1110.686927195007
 20
-2329.979190502261
  0
LWPOLYLINE
  5
9B05
330
70
100
AcDbEntity
  8
PDF2_Geometría
370
    -3
100
AcDbPolyline
 90
        3
 70
     1
 43
0.0
 10
-1550.570194943199
 20
-2804.859536707937
 10
-1522.048850423026
 20
-2814.124432061624
 10
-1550.570194943199
 20
-2823.934321259645
  0
LWPOLYLINE
  5
9B06
330
70
100
AcDbEntity
  8
PDF2_Geometría
370
    -3
100
AcDbPolyline
 90
        3
 70
     1
 43
0.0
 10
-1541.511806997051
 20
-2687.32253094646
 10
-1569.851486902445
 20
-2678.057635592772
 10
-1541.511806997051
 20
-2668.611075624307
  0
LWPOLYLINE
  5
9B08
330
70
100
AcDbEntity
  8
PDF2_Geometría
370
    -3
100
AcDbPolyline
 90
        3
 70
     1
 43
0.0
 10
-174.4839082389539
 20
-2686.959201716903
 10
-203.005252759126
 20
-2677.694306363216
 10
-174.4839082389539
 20
-2668.42941100953
  0
LWPOLYLINE
  5
9B0B
330
70
100
AcDbEntity
  8
PDF2_Geometría
370
    -3
100
AcDbPolyline
 90
        2
 70
     0
 43
0.0
 10
9.043534700466807
 20
-2405.560713425514
 10
9.043534700466807
 20
-2411.373981098416
  0
LWPOLYLINE
  5
9B0E
330
70
100
AcDbEntity
  8
PDF2_Geometría
370
    -3
100
AcDbPolyline
 90
        2
 70
     0
 43
0.0
 10
-549.6213377558797
 20
-2678.057635592773
 10
-549.6213377558797
 20
-2671.917629596658
  0
LWPOLYLINE
  5
9B10
330
70
100
AcDbEntity
  8
PDF2_Geometría
370
    -3
100
AcDbPolyline
 90
        2
 70
     0
 43
0.0
 10
-223.3055076008168
 20
-2541.809174509144
 10
-223.3055076008168
 20
-2536.359236065798
  0
LWPOLYLINE
  5
9B11
330
70
100
AcDbEntity
  8
PDF2_Geometría
370
    -3
100
AcDbPolyline
 90
        2
 70
     0
 43
0.0
 10
185.9386874809406
 20
-2678.057635592774
 10
192.4786136129555
 20
-2678.057635592774
  0
LWPOLYLINE
  5
9B12
330
70
100
AcDbEntity
  8
PDF2_Geometría
370
    -3
100
AcDbPolyline
 90
        2
 70
     0
 43
0.0
 10
160.8689706415534
 20
-2678.057635592774
 10
167.4088967735683
 20
-2678.057635592774
  0
LWPOLYLINE
  5
9B13
330
70
100
AcDbEntity
  8
PDF2_Geometría
370
    -3
100
AcDbPolyline
 90
        2
 70
     0
 43
0.0
 10
-505.4768363647822
 20
-2541.809174509144
 10
166.3189912572907
 20
-2541.809174509144
  0
LWPOLYLINE
  5
9B14
330
70
100
AcDbEntity
  8
PDF2_Geometría
370
    -3
100
AcDbPolyline
 90
        2
 70
     0
 43
0.0
 10
340.2783506001333
 20
-2541.809174509144
 10
346.8182767321478
 20
-2541.809174509144
  0
LWPOLYLINE
  5
9B15
330
70
100
AcDbEntity
  8
PDF2_Geometría
370
    -3
100
AcDbPolyline
 90
        2
 70
     0
 43
0.0
 10
74.67316696138005
 20
-2405.560713425514
 10
428.9100939121595
 20
-2405.560713425514
  0
LWPOLYLINE
  5
9B19
330
70
100
AcDbEntity
  8
PDF2_Geometría
370
    -3
100
AcDbPolyline
 90
        2
 70
     0
 43
0.0
 10
-1704.847769540332
 20
-2541.809174509144
 10
-1272.553234143359
 20
-2541.809174509144
  0
LWPOLYLINE
  5
9B1A
330
70
100
AcDbEntity
  8
PDF2_Geometría
370
    -3
100
AcDbPolyline
 90
        2
 70
     0
 43
0.0
 10
1557.065629776601
 20
-2678.057635592774
 10
659.0850041114268
 20
-2678.057635592773
  0
LWPOLYLINE
  5
9B1B
330
70
100
AcDbEntity
  8
PDF2_Geometría
370
    -3
100
AcDbPolyline
 90
        2
 70
     0
 43
0.0
 10
-1704.847769540332
 20
-2814.306096676401
 10
-1327.051004980839
 20
-2814.306096676401
  0
LWPOLYLINE
  5
9B4B
330
70
100
AcDbEntity
  8
Señales
370
    -3
100
AcDbPolyline
 90
        2
 70
     0
 43
0.0
 10
-1013.40591335615
 20
-2772.341570662643
 10
-987.2462114409769
 20
-2772.341570662643
  0
LWPOLYLINE
  5
9B4D
330
70
100
AcDbEntity
  8
Señales
370
    -3
100
AcDbPolyline
 90
        2
 70
     0
 43
0.0
 10
-1013.40591335615
 20
-2781.061472171996
 10
-1013.40591335615
 20
-2763.621669153291
  0
LWPOLYLINE
  5
9B53
330
70
100
AcDbEntity
  8
Señales
370
    -3
100
AcDbPolyline
 90
        2
 70
     0
 43
0.0
 10
158.7006197666578
 20
-2444.618605602821
 10
132.7225778144584
 20
-2444.618605602821
  0
LWPOLYLINE
  5
9B55
330
70
100
AcDbEntity
  8
Señales
370
    -3
100
AcDbPolyline
 90
        2
 70
     0
 43
0.0
 10
158.7006197666578
 20
-2435.898704093469
 10
158.7006197666578
 20
-2453.338507112173
  0
CIRCLE
  5
9B5A
330
70
100
AcDbEntity
  8
Señales
370
    -3
100
AcDbCircle
 10
-1406.517579806688
 20
-2502.478786716114
 30
0.0
 40
8.62907050840757
  0
LWPOLYLINE
  5
9B5B
330
70
100
AcDbEntity
  8
Señales
370
    -3
100
AcDbPolyline
 90
        3
 70
     0
 43
0.0
 10
-1450.026253739615
 20
-2502.569617717058
 10
-1415.146647702206
 20
-2502.569617717058
 10
-1397.888509298279
 20
-2502.569617717058
  0
LWPOLYLINE
  5
9B5C
330
70
100
AcDbEntity
  8
Señales
370
    -3
100
AcDbPolyline
 90
        2
 70
     0
 43
0.0
 10
-1450.026253739615
 20
-2511.28951922641
 10
-1450.026253739615
 20
-2493.849716207706
  0
LWPOLYLINE
  5
9B5D
330
70
100
AcDbEntity
  8
Señales
370
    -3
100
AcDbPolyline
 90
        2
 70
     0
 43
0.0
 10
-1412.058349250977
 20
-2495.848026970266
 10
-1399.705155446062
 20
-2508.019556160403
  0
LWPOLYLINE
  5
9B5E
330
70
100
AcDbEntity
  8
Señales
370
    -3
100
AcDbPolyline
 90
        2
 70
     0
 43
0.0
 10
-1413.330001554425
 20
-2497.119679273712
 10
-1400.976807749508
 20
-2509.29120846385
  0
CIRCLE
  5
9B5F
330
70
100
AcDbEntity
  8
PDF2_Geometría
370
    -3
100
AcDbCircle
 10
-556.6154246986493
 20
-2684.688393306013
 30
0.0
 40
3.179131484807112
  0
LWPOLYLINE
  5
9B60
330
70
100
AcDbEntity
  8
PDF2_Geometría
370
    -3
100
AcDbPolyline
 90
        4
 70
     1
 43
0.0
 10
-526.0049378347162
 20
-2688.049189405572
 10
-552.1646423627744
 20
-2688.049189405572
 10
-552.1646423627744
 20
-2681.509263273558
 10
-526.0049378347162
 20
-2681.509263273558
  0
CIRCLE
  5
9B61
330
70
100
AcDbEntity
  8
PDF2_Geometría
370
    -3
100
AcDbCircle
 10
-644.7526469699169
 20
-2670.336876235455
 30
0.0
 40
3.179117529394248
  0
LWPOLYLINE
  5
9B62
330
70
100
AcDbEntity
  8
PDF2_Geometría
370
    -3
100
AcDbPolyline
 90
        4
 70
     1
 43
0.0
 10
-675.544812404069
 20
-2667.157758706082
 10
-649.3851078760126
 20
-2667.157758706082
 10
-649.3851078760126
 20
-2673.697684838097
 10
-675.544812404069
 20
-2673.697684838097
  0
CIRCLE
  5
9B63
330
70
100
AcDbEntity
  8
PDF2_Geometría
370
    -3
100
AcDbCircle
 10
-876.3968910019471
 20
-2820.57351265702
 30
0.0
 40
3.179117529414081
  0
LWPOLYLINE
  5
9B64
330
70
100
AcDbEntity
  8
PDF2_Geometría
370
    -3
100
AcDbPolyline
 90
        4
 70
     1
 43
0.0
 10
-907.1890564360783
 20
-2817.394395127631
 10
-881.0293519080218
 20
-2817.394395127631
 10
-881.0293519080218
 20
-2823.934321259646
 10
-907.1890564360783
 20
-2823.934321259646
  0
CIRCLE
  5
9B65
330
70
100
AcDbEntity
  8
PDF2_Geometría
370
    -3
100
AcDbCircle
 10
-10.12208143246835
 20
-2399.293283489559
 30
0.0
 40
3.179131484780707
  0
LWPOLYLINE
  5
9B66
330
70
100
AcDbEntity
  8
PDF2_Geometría
370
    -3
100
AcDbPolyline
 90
        4
 70
     1
 43
0.0
 10
20.48840543149163
 20
-2402.654079589063
 10
-5.671299096566599
 20
-2402.654079589063
 10
-5.671299096566599
 20
-2396.114153457049
 10
20.48840543149163
 20
-2396.114153457049
  0
LWPOLYLINE
  5
9B67
330
70
100
AcDbEntity
  8
Señales
370
    -3
100
AcDbPolyline
 90
        4
 70
     0
 43
0.0
 10
-494.2624420178681
 20
-2504.643129930645
 10
-476.8226389991632
 20
-2504.643129930645
 10
-459.3828359804583
 20
-2504.643129930645
 10
-441.9430329617552
 20
-2504.643129930645
  0
CIRCLE
  5
9B68
330
70
100
AcDbEntity
  8
Señales
370
    -3
100
AcDbCircle
 10
-450.5721313811895
 20
-2504.552326840713
 30
0.0
 40
8.629098419483845
  0
LWPOLYLINE
  5
9B69
330
70
100
AcDbEntity
  8
Señales
370
    -3
100
AcDbPolyline
 90
        2
 70
     0
 43
0.0
 10
-494.2624420178681
 20
-2513.363031439997
 10
-494.2624420178681
 20
-2495.923228421293
  0
LWPOLYLINE
  5
9B6A
330
70
100
AcDbEntity
  8
Señales
370
    -3
100
AcDbPolyline
 90
        2
 70
     0
 43
0.0
 10
-451.4483078707339
 20
-2513.365268050498
 10
-451.4483078707339
 20
-2496.107129646572
  0
LWPOLYLINE
  5
9B6C
330
70
100
AcDbEntity
  8
Señales
370
    -3
100
AcDbPolyline
 90
        2
 70
     0
 43
0.0
 10
-449.8133263377317
 20
-2513.365268050498
 10
-449.8133263377317
 20
-2496.107129646572
  0
LWPOLYLINE
  5
9B70
330
70
100
AcDbEntity
  8
Señales
370
    -3
100
AcDbPolyline
 90
        3
 70
     0
 43
0.0
 10
-481.1825897538392
 20
-2504.643129930645
 10
-481.1825897538392
 20
-2485.568345378937
 10
-467.9206535410635
 20
-2485.568345378937
  0
LWPOLYLINE
  5
9B71
330
70
100
AcDbEntity
  8
Señales
370
    -3
100
AcDbPolyline
 90
        4
 70
     0
 43
0.0
 10
-366.600720062625
 20
-2719.13130265035
 10
-384.0405230813303
 20
-2719.13130265035
 10
-401.4803261000333
 20
-2719.13130265035
 10
-418.7384645039592
 20
-2719.13130265035
  0
CIRCLE
  5
9B72
330
70
100
AcDbEntity
  8
Señales
370
    -3
100
AcDbCircle
 10
-409.9277317066825
 20
-2719.040471362422
 30
0.0
 40
8.629068182499082
  0
LWPOLYLINE
  5
9B73
330
70
100
AcDbEntity
  8
Señales
370
    -3
100
AcDbPolyline
 90
        2
 70
     0
 43
0.0
 10
-366.600720062625
 20
-2710.411401140998
 10
-366.600720062625
 20
-2727.851204159703
  0
LWPOLYLINE
  5
9B74
330
70
100
AcDbEntity
  8
Señales
370
    -3
100
AcDbPolyline
 90
        2
 70
     0
 43
0.0
 10
-409.291904535496
 20
-2710.593065755776
 10
-409.291904535496
 20
-2727.851204159703
  0
LWPOLYLINE
  5
9B76
330
70
100
AcDbEntity
  8
Señales
370
    -3
100
AcDbPolyline
 90
        2
 70
     0
 43
0.0
 10
-410.9268860684982
 20
-2710.593065755776
 10
-410.9268860684982
 20
-2727.851204159703
  0
LWPOLYLINE
  5
9B7A
330
70
100
AcDbEntity
  8
Señales
370
    -3
100
AcDbPolyline
 90
        3
 70
     0
 43
0.0
 10
-379.6805723266525
 20
-2719.13130265035
 10
-379.6805723266525
 20
-2738.387751816837
 10
-392.7604245906819
 20
-2738.387751816837
  0
CIRCLE
  5
9B7B
330
70
100
AcDbEntity
  8
PDF2_Geometría
370
    -3
100
AcDbCircle
 10
1132.488965785381
 20
-2761.067726373762
 30
0.0
 40
4.450776403042806
  0
CIRCLE
  5
9B7C
330
70
100
AcDbEntity
  8
PDF2_Geometría
370
    -3
100
AcDbCircle
 10
1132.488941944461
 20
-2761.067702532816
 30
0.0
 40
2.634154096232642
  0
CIRCLE
  5
9B7D
330
70
100
AcDbEntity
  8
PDF2_Geometría
370
    -3
100
AcDbCircle
 10
1141.390531909561
 20
-2761.067726373708
 30
0.0
 40
4.450776402993104
  0
CIRCLE
  5
9B7E
330
70
100
AcDbEntity
  8
PDF2_Geometría
370
    -3
100
AcDbCircle
 10
1141.390508068287
 20
-2761.067702532507
 30
0.0
 40
2.634154096536591
  0
CIRCLE
  5
9B7F
330
70
100
AcDbEntity
  8
PDF2_Geometría
370
    -3
100
AcDbCircle
 10
1136.848854203502
 20
-2769.787565546562
 30
0.0
 40
2.270863362937513
  0
LWPOLYLINE
  5
9B80
330
70
100
AcDbEntity
  8
PDF2_Geometría
370
    -3
100
AcDbPolyline
 90
        2
 70
     0
 43
0.0
 10
1136.758077573641
 20
-2767.516813539353
 10
1136.758077573641
 20
-2744.263742847747
  0
LWPOLYLINE
  5
9B81
330
70
100
AcDbEntity
  8
PDF2_Geometría
370
    -3
100
AcDbPolyline
 90
        2
 70
     0
 43
0.0
 10
1144.751320623881
 20
-2755.526948963994
 10
1128.946499138178
 20
-2747.715370528533
  0
LWPOLYLINE
  5
9B82
330
70
100
AcDbEntity
  8
PDF2_Geometría
370
    -3
100
AcDbPolyline
 90
        2
 70
     0
 43
0.0
 10
1144.751320623881
 20
-2747.715370528533
 10
1128.946499138178
 20
-2755.526948963994
  0
LWPOLYLINE
  5
9B83
330
70
100
AcDbEntity
  8
PDF2_Geometría
370
    -3
100
AcDbPolyline
 90
        4
 70
     1
 43
0.0
 10
1142.026351402207
 20
-2744.263742847747
 10
1131.671468359851
 20
-2744.263742847747
 10
1131.671468359851
 20
-2733.908859805391
 10
1142.026351402207
 20
-2733.908859805391
  0
LWPOLYLINE
  5
9B84
330
70
100
AcDbEntity
  8
PDF2_Geometría
370
    -3
100
AcDbPolyline
 90
        3
 70
     0
 43
0.0
 10
1131.671468359851
 20
-2740.630450552183
 10
1094.793551559883
 20
-2739.177133633958
 10
1131.671468359851
 20
-2737.542152100954
  0
LWPOLYLINE
  5
9B85
330
70
100
AcDbEntity
  8
PDF2_Geometría
370
    -3
100
AcDbPolyline
 90
        2
 70
     0
 43
0.0
 10
1136.758077573641
 20
-2733.908859805391
 10
1136.758077573641
 20
-2728.640585976825
  0
CIRCLE
  5
9B86
330
70
100
AcDbEntity
  8
PDF2_Geometría
370
    -3
100
AcDbCircle
 10
1087.481768498196
 20
-2365.504319407499
 30
0.0
 40
4.450782217933793
  0
LWPOLYLINE
  5
9B87
330
70
100
AcDbEntity
  8
PDF2_Geometría
370
    -3
100
AcDbPolyline
 90
        2
 70
     0
 43
0.0
 10
1131.671468359851
 20
-2728.640585976825
 10
1142.026351402207
 20
-2728.640585976825
  0
CIRCLE
  5
9B88
330
70
100
AcDbEntity
  8
PDF2_Geometría
370
    -3
100
AcDbCircle
 10
1087.481769080089
 20
-2365.504318825616
 30
0.0
 40
2.634136652046191
  0
CIRCLE
  5
9B89
330
70
100
AcDbEntity
  8
PDF2_Geometría
370
    -3
100
AcDbCircle
 10
1078.580202374125
 20
-2365.504319407335
 30
0.0
 40
4.450782217993053
  0
CIRCLE
  5
9B8A
330
70
100
AcDbEntity
  8
PDF2_Geometría
370
    -3
100
AcDbCircle
 10
1078.580202955978
 20
-2365.504318825522
 30
0.0
 40
2.634136652064352
  0
CIRCLE
  5
9B8B
330
70
100
AcDbEntity
  8
PDF2_Geometría
370
    -3
100
AcDbCircle
 10
1083.121818441819
 20
-2374.224220218453
 30
0.0
 40
2.270807538894674
  0
LWPOLYLINE
  5
9B8C
330
70
100
AcDbEntity
  8
PDF2_Geometría
370
    -3
100
AcDbPolyline
 90
        2
 70
     0
 43
0.0
 10
1083.030986280262
 20
-2372.13507700267
 10
1083.030986280262
 20
-2349.063670925842
  0
LWPOLYLINE
  5
9B8D
330
70
100
AcDbEntity
  8
PDF2_Geometría
370
    -3
100
AcDbPolyline
 90
        2
 70
     0
 43
0.0
 10
1075.037743230024
 20
-2360.326877042089
 10
1090.842564715723
 20
-2352.333633991849
  0
LWPOLYLINE
  5
9B8E
330
70
100
AcDbEntity
  8
PDF2_Geometría
370
    -3
100
AcDbPolyline
 90
        2
 70
     0
 43
0.0
 10
1075.037743230024
 20
-2352.333633991849
 10
1090.842564715723
 20
-2360.326877042089
  0
LWPOLYLINE
  5
9B8F
330
70
100
AcDbEntity
  8
PDF2_Geometría
370
    -3
100
AcDbPolyline
 90
        4
 70
     1
 43
0.0
 10
1077.762712451695
 20
-2349.063670925842
 10
1088.117595494051
 20
-2349.063670925842
 10
1088.117595494051
 20
-2338.527123268708
 10
1077.762712451695
 20
-2338.527123268708
  0
LWPOLYLINE
  5
9B90
330
70
100
AcDbEntity
  8
PDF2_Geometría
370
    -3
100
AcDbPolyline
 90
        3
 70
     0
 43
0.0
 10
1088.117595494051
 20
-2345.2487140155
 10
1124.995512294021
 20
-2343.795397097275
 10
1088.117595494051
 20
-2342.160415564271
  0
LWPOLYLINE
  5
9B91
330
70
100
AcDbEntity
  8
PDF2_Geometría
370
    -3
100
AcDbPolyline
 90
        2
 70
     0
 43
0.0
 10
1083.030986280262
 20
-2338.527123268708
 10
1083.030986280262
 20
-2333.258849440141
  0
LWPOLYLINE
  5
9B92
330
70
100
AcDbEntity
  8
PDF2_Geometría
370
    -3
100
AcDbPolyline
 90
        2
 70
     0
 43
0.0
 10
1088.117595494051
 20
-2333.258849440141
 10
1077.762712451695
 20
-2333.258849440141
  0
CIRCLE
  5
9B94
330
70
100
AcDbEntity
  8
Señales
370
    -3
100
AcDbCircle
 10
-1191.045331078116
 20
-2502.478786716104
 30
0.0
 40
8.629070508396161
  0
LWPOLYLINE
  5
9B95
330
70
100
AcDbEntity
  8
Señales
370
    -3
100
AcDbPolyline
 90
        3
 70
     0
 43
0.0
 10
-1234.554005011057
 20
-2502.569617717058
 10
-1199.856063588425
 20
-2502.569617717058
 10
-1182.416260569721
 20
-2502.569617717058
  0
LWPOLYLINE
  5
9B96
330
70
100
AcDbEntity
  8
Señales
370
    -3
100
AcDbPolyline
 90
        2
 70
     0
 43
0.0
 10
-1234.554005011057
 20
-2511.28951922641
 10
-1234.554005011057
 20
-2493.849716207706
  0
LWPOLYLINE
  5
9B97
330
70
100
AcDbEntity
  8
Señales
370
    -3
100
AcDbPolyline
 90
        2
 70
     0
 43
0.0
 10
-1192.044485152965
 20
-2511.28951922641
 10
-1192.044485152965
 20
-2494.031380822484
  0
LWPOLYLINE
  5
9B98
330
70
100
AcDbEntity
  8
Señales
370
    -3
100
AcDbPolyline
 90
        2
 70
     0
 43
0.0
 10
-1190.227839005181
 20
-2511.28951922641
 10
-1190.227839005181
 20
-2494.031380822484
  0
LWPOLYLINE
  5
9B9A
330
70
100
AcDbEntity
  8
PDF2_Geometría
370
    -3
100
AcDbPolyline
 90
        2
 70
     0
 43
0.0
 10
-337.9820615393082
 20
-2405.560713425514
 10
74.67316696138005
 20
-2405.560713425514
  0
CIRCLE
  5
9BAD
330
70
100
AcDbEntity
  8
PDF2_Geometría
370
    -3
100
AcDbCircle
 10
-231.2079176174407
 20
-2548.439932222371
 30
0.0
 40
3.179131484844746
  0
LWPOLYLINE
  5
9BAE
330
70
100
AcDbEntity
  8
PDF2_Geometría
370
    -3
100
AcDbPolyline
 90
        2
 70
     0
 43
0.0
 10
20.12507620193401
 20
-2405.560713425514
 10
-233.4787260283933
 20
-2541.809174509144
  0
LWPOLYLINE
  5
9BAF
330
70
100
AcDbEntity
  8
PDF2_Geometría
370
    -3
100
AcDbPolyline
 90
        4
 70
     1
 43
0.0
 10
-200.5974307535453
 20
-2551.800728321943
 10
-226.7571352816017
 20
-2551.800728321943
 10
-226.7571352816017
 20
-2545.260802189929
 10
-200.5974307535453
 20
-2545.260802189929
  0
CIRCLE
  5
9BB0
330
70
100
AcDbEntity
  8
PDF2_Geometría
370
    -3
100
AcDbCircle
 10
-311.7315114746753
 20
-2534.088415151834
 30
0.0
 40
3.179117529459482
  0
LWPOLYLINE
  5
9BB1
330
70
100
AcDbEntity
  8
PDF2_Geometría
370
    -3
100
AcDbPolyline
 90
        4
 70
     1
 43
0.0
 10
-342.523676908761
 20
-2530.909297622453
 10
-316.3639723807046
 20
-2530.909297622453
 10
-316.3639723807046
 20
-2537.449223754467
 10
-342.523676908761
 20
-2537.449223754467
  0
LWPOLYLINE
  5
9BBE
330
70
100
AcDbEntity
  8
PDF2_Geometría
370
    -3
100
AcDbPolyline
 90
        3
 70
     1
 43
0.0
 10
-1578.909874848594
 20
-2823.752656644867
 10
-1607.431219368767
 20
-2814.306096676401
 10
-1578.909874848594
 20
-2805.041201322715
  0
LWPOLYLINE
  5
9BBF
330
70
100
AcDbEntity
  8
PDF2_Geometría
370
    -3
100
AcDbPolyline
 90
        3
 70
     1
 43
0.0
 10
-1561.242170328215
 20
-2532.544279155457
 10
-1532.720825808043
 20
-2541.809174509144
 10
-1561.242170328215
 20
-2551.619063707165
  0
LWPOLYLINE
  5
9BC0
330
70
100
AcDbEntity
  8
PDF2_Geometría
370
    -3
100
AcDbPolyline
 90
        3
 70
     1
 43
0.0
 10
1256.042490019987
 20
-2687.322530946461
 10
1227.521145499815
 20
-2678.057635592774
 10
1256.042490019987
 20
-2668.611075624309
  0
LWPOLYLINE
  5
9BC1
330
70
100
AcDbEntity
  8
PDF2_Geometría
370
    -3
100
AcDbPolyline
 90
        3
 70
     1
 43
0.0
 10
1303.275289862314
 20
-2532.180949925901
 10
1331.796634382486
 20
-2541.445845279588
 10
1303.275289862314
 20
-2551.255734477609
  0
LWPOLYLINE
  5
9BC2
330
70
100
AcDbEntity
  8
PDF2_Geometría
370
    -3
100
AcDbPolyline
 90
        3
 70
     1
 43
0.0
 10
1308.906892920436
 20
-2395.932488842271
 10
1337.246572825831
 20
-2405.197384195958
 10
1308.906892920436
 20
-2415.188938008757
  0
LWPOLYLINE
  5
9BC3
330
70
100
AcDbEntity
  8
PDF2_Geometría
370
    -3
100
AcDbPolyline
 90
        3
 70
     1
 43
0.0
 10
1280.385548400263
 20
-2414.825608779202
 10
1252.045868494868
 20
-2405.560713425515
 10
1280.385548400263
 20
-2396.295818071828
  0
LWPOLYLINE
  5
9BC4
330
70
100
AcDbEntity
  8
ATS+CE
370
    -3
100
AcDbPolyline
 90
        3
 70
     1
 43
0.0
 10
-374.4753384684395
 20
-2701.873164246423
 10
-365.2104431147531
 20
-2685.886678145945
 10
-355.9455477610654
 20
-2701.873164246423
  0
LWPOLYLINE
  5
9BC5
330
70
100
AcDbEntity
  8
ATS+CE
370
    -3
100
AcDbPolyline
 90
        3
 70
     1
 43
0.0
 10
149.6173890277482
 20
-2430.267101035346
 10
158.7006197666578
 20
-2414.280614934866
 10
167.9655151203437
 20
-2430.267101035346
  0
LWPOLYLINE
  5
9BC6
330
70
100
AcDbEntity
  8
ATS+CE
370
    -3
100
AcDbPolyline
 90
        3
 70
     1
 43
0.0
 10
-1004.32268261724
 20
-2789.59970906657
 10
-1013.40591335615
 20
-2805.767859781827
 10
-1022.670808709836
 20
-2789.59970906657
  0
LWPOLYLINE
  5
9BC7
330
70
100
AcDbEntity
  8
ATS+CE
370
    -3
100
AcDbPolyline
 90
        3
 70
     1
 43
0.0
 10
-1440.761358385929
 20
-2517.102786899311
 10
-1450.026253739615
 20
-2533.089272999791
 10
-1459.291149093302
 20
-2517.102786899311
  0
LWPOLYLINE
  5
9BC8
330
70
100
AcDbEntity
  8
ATS+CE
370
    -3
100
AcDbPolyline
 90
        3
 70
     1
 43
0.0
 10
-1225.470774272147
 20
-2517.102786899311
 10
-1234.554005011057
 20
-2533.089272999791
 10
-1243.818900364743
 20
-2517.102786899311
  0
LWPOLYLINE
  5
9BC9
330
70
100
AcDbEntity
  8
ATS+CE
370
    -3
100
AcDbPolyline
 90
        3
 70
     1
 43
0.0
 10
-484.9975466641821
 20
-2516.457609938382
 10
-494.2624420178681
 20
-2532.444096038861
 10
-503.5273373715544
 20
-2516.457609938382
  0
MTEXT
  5
9BE4
330
70
100
AcDbEntity
  8
PDF2_Texto
100
AcDbMText
 10
-1689.487686839073
 20
-2609.780108855631
 30
0.0
 40
23.64366620091967
 41
0.0
 46
0.0
 71
     7
 72
     5
  1
A ROSARIO
  7
PDF Arial
 73
     1
 44
1.0
  0
MTEXT
  5
9BEB
330
70
100
AcDbEntity
  8
Señales
100
AcDbMText
 10
787.5730362399868
 20
-2748.274548609406
 30
0.0
 40
12.61003333068995
 41
0.0
 46
0.0
 71
     7
 72
     5
  1
A1A
  7
PDF Arial
 73
     1
 44
1.0
  0
MTEXT
  5
9BEC
330
70
100
AcDbEntity
  8
PDF2_Texto
100
AcDbMText
 10
1092.089820694585
 20
-2784.419286083037
 30
0.0
 40
12.61003333068995
 41
1.153354206035142
 46
12.86808312599738
 71
     7
 72
     5
  1
ZdD
  7
PDF Arial
 73
     1
 44
1.0
  0
MTEXT
  5
9BED
330
70
100
AcDbEntity
  8
PDF2_Texto
100
AcDbMText
 10
1268.118933325235
 20
-2642.884526322618
 30
0.0
 40
23.64366620091967
 41
0.0
 46
0.0
 71
     7
 72
     5
  1
A BUENOS AIRES
  7
PDF Arial
 73
     1
 44
1.0
  0
CIRCLE
  5
9BF1
102
{ACAD_REACTORS
330
BEF2
102
}
330
70
100
AcDbEntity
  8
Señales
370
    -3
100
AcDbCircle
 10
293.681432532579
 20
-2541.809174509144
 30
0.0
 40
22.98054722009443
  0
LWPOLYLINE
  5
9BF3
330
70
100
AcDbEntity
  8
0
370
    13
100
AcDbPolyline
 90
        4
 70
     1
 43
0.0
 10
-65.54207140750986
 20
-2756.261843449004
 10
-142.0190783047987
 20
-2756.261843449004
 10
-142.0190783047987
 20
-2705.210438321233
 10
-65.54207140750986
 20
-2705.210438321233
  0
CIRCLE
  5
9BF4
330
70
100
AcDbEntity
  8
0
370
    13
100
AcDbCircle
 10
-103.6804315427894
 20
-2735.741138084495
 30
0.0
 40
6.706710703807153
  0
LWPOLYLINE
  5
9BF5
330
70
100
AcDbEntity
  8
0
370
    13
100
AcDbPolyline
 90
        2
 70
     0
 43
0.0
 10
-85.9626334586178
 20
-2717.622936822886
 10
-121.5985162536894
 20
-2717.622936822886
  0
CIRCLE
  5
9C0D
330
70
100
AcDbEntity
  8
Señales
370
    -3
100
AcDbCircle
 10
464.5452094921313
 20
-2718.663446717598
 30
0.0
 40
8.629070508396161
  0
LWPOLYLINE
  5
9C0E
330
70
100
AcDbEntity
  8
Señales
370
    -3
100
AcDbPolyline
 90
        3
 70
     0
 43
0.0
 10
508.0538834250717
 20
-2718.572615716643
 10
473.3559420024405
 20
-2718.572615716643
 10
455.9161389837356
 20
-2718.572615716643
  0
LWPOLYLINE
  5
9C0F
330
70
100
AcDbEntity
  8
Señales
370
    -3
100
AcDbPolyline
 90
        2
 70
     0
 43
0.0
 10
508.0538834250717
 20
-2709.852714207292
 10
508.0538834250717
 20
-2727.292517225996
  0
LWPOLYLINE
  5
9C10
330
70
100
AcDbEntity
  8
Señales
370
    -3
100
AcDbPolyline
 90
        2
 70
     0
 43
0.0
 10
465.5443635669796
 20
-2709.852714207292
 10
465.5443635669796
 20
-2727.110852611217
  0
LWPOLYLINE
  5
9C11
330
70
100
AcDbEntity
  8
Señales
370
    -3
100
AcDbPolyline
 90
        2
 70
     0
 43
0.0
 10
463.7277174191965
 20
-2709.852714207292
 10
463.7277174191965
 20
-2727.110852611217
  0
LWPOLYLINE
  5
9C13
330
70
100
AcDbEntity
  8
ATS+CE
370
    -3
100
AcDbPolyline
 90
        3
 70
     1
 43
0.0
 10
498.9706526861623
 20
-2704.03944653439
 10
508.0538834250717
 20
-2688.05296043391
 10
517.3187787787581
 20
-2704.03944653439
  0
CIRCLE
  5
9C17
330
70
100
AcDbEntity
  8
Señales
370
    -3
100
AcDbCircle
 10
820.6953117380285
 20
-2718.277096006268
 30
0.0
 40
8.629070508396161
  0
LWPOLYLINE
  5
9C18
330
70
100
AcDbEntity
  8
Señales
370
    -3
100
AcDbPolyline
 90
        3
 70
     0
 43
0.0
 10
864.198722346364
 20
-2718.074065510291
 10
829.5007809237329
 20
-2718.074065510291
 10
812.060977905028
 20
-2718.074065510291
  0
LWPOLYLINE
  5
9C19
330
70
100
AcDbEntity
  8
Señales
370
    -3
100
AcDbPolyline
 90
        2
 70
     0
 43
0.0
 10
864.198722346364
 20
-2709.354164000938
 10
864.198722346364
 20
-2726.793967019644
  0
LWPOLYLINE
  5
9C1A
330
70
100
AcDbEntity
  8
Señales
370
    -3
100
AcDbPolyline
 90
        2
 70
     0
 43
0.0
 10
813.7875510845955
 20
-2723.836786554162
 10
825.9271428608686
 20
-2711.570016291599
  0
LWPOLYLINE
  5
9C1B
330
70
100
AcDbEntity
  8
Señales
370
    -3
100
AcDbPolyline
 90
        2
 70
     0
 43
0.0
 10
815.0787900596032
 20
-2725.114638320086
 10
827.2183818358765
 20
-2712.847868057523
  0
LWPOLYLINE
  5
9C1C
330
70
100
AcDbEntity
  8
ATS+CE
370
    -3
100
AcDbPolyline
 90
        2
 70
     0
 43
0.0
 10
864.1987978682751
 20
-2683.859503812814
 10
864.1987978682751
 20
-2672.047973220294
  0
LWPOLYLINE
  5
9C1D
330
70
100
AcDbEntity
  8
ATS+CE
370
    -3
100
AcDbPolyline
 90
        3
 70
     1
 43
0.0
 10
855.1154916074549
 20
-2703.540896328038
 10
864.198722346364
 20
-2687.554410227558
 10
873.4636177000504
 20
-2703.540896328038
  0
CIRCLE
  5
9C1E
330
70
100
AcDbEntity
  8
ATS+CE
100
AcDbCircle
 10
873.1614708331758
 20
-2658.442344256555
 30
0.0
 40
7.827116121967398
  0
CIRCLE
  5
9C1F
330
70
100
AcDbEntity
  8
ATS+CE
100
AcDbCircle
 10
857.4997242715431
 20
-2658.442344256555
 30
0.0
 40
7.827116121967398
  0
LINE
  5
9C20
330
70
100
AcDbEntity
  8
ATS+CE
100
AcDbLine
 10
883.8281854313519
 20
-2658.442344256555
 30
0.0
 11
847.3499642009405
 21
-2658.442344256555
 31
0.0
  0
LWPOLYLINE
  5
9C24
330
70
100
AcDbEntity
  8
PDF2_Texto
370
    -3
100
AcDbPolyline
 90
        4
 70
     1
 43
0.0
 10
-1205.291286533752
 20
-3079.197974454744
 10
-1205.291286533752
 20
-3243.497721356393
 10
-383.7925520255071
 20
-3243.497721356393
 10
-383.7925520255071
 20
-3079.197974454744
  0
LINE
  5
9C25
330
70
100
AcDbEntity
  8
PDF2_Texto
100
AcDbLine
 10
-1205.291286533752
 20
-3106.581265605019
 30
0.0
 11
-383.7925520255071
 21
-3106.581265605019
 31
0.0
  0
LINE
  5
9C26
330
70
100
AcDbEntity
  8
PDF2_Texto
100
AcDbLine
 10
-1068.374830782378
 20
-3106.581265605019
 30
0.0
 11
-1068.374830782378
 21
-3243.497721356393
 31
0.0
  0
LINE
  5
9C27
330
70
100
AcDbEntity
  8
PDF2_Texto
100
AcDbLine
 10
-931.4583750310038
 20
-3106.581265605019
 30
0.0
 11
-931.4583750310038
 21
-3243.497721356393
 31
0.0
  0
LINE
  5
9C28
330
70
100
AcDbEntity
  8
PDF2_Texto
100
AcDbLine
 10
-794.5419192796298
 20
-3106.581265605019
 30
0.0
 11
-794.5419192796298
 21
-3243.497721356393
 31
0.0
  0
LINE
  5
9C29
330
70
100
AcDbEntity
  8
PDF2_Texto
100
AcDbLine
 10
-657.6254635282557
 20
-3106.581265605019
 30
0.0
 11
-657.6254635282557
 21
-3243.497721356393
 31
0.0
  0
LINE
  5
9C2A
330
70
100
AcDbEntity
  8
PDF2_Texto
100
AcDbLine
 10
-520.7090077768811
 20
-3106.581265605019
 30
0.0
 11
-520.7090077768811
 21
-3243.497721356393
 31
0.0
  0
LINE
  5
9C2B
330
70
100
AcDbEntity
  8
PDF2_Texto
100
AcDbLine
 10
-1205.291286533752
 20
-3133.964556755293
 30
0.0
 11
-383.7925520255071
 21
-3133.964556755293
 31
0.0
  0
LINE
  5
9C2C
330
70
100
AcDbEntity
  8
PDF2_Texto
100
AcDbLine
 10
-1205.291286533752
 20
-3161.347847905567
 30
0.0
 11
-383.7925520255071
 21
-3161.347847905567
 31
0.0
  0
LINE
  5
9C2D
330
70
100
AcDbEntity
  8
PDF2_Texto
100
AcDbLine
 10
-1205.291286533752
 20
-3188.731139055844
 30
0.0
 11
-383.7925520255071
 21
-3188.731139055844
 31
0.0
  0
LINE
  5
9C2E
330
70
100
AcDbEntity
  8
PDF2_Texto
100
AcDbLine
 10
-383.7925520255071
 20
-3216.114430206118
 30
0.0
 11
-1205.291286533752
 21
-3216.114430206118
 31
0.0
  0
MTEXT
  5
9C2F
330
70
100
AcDbEntity
  8
PDF2_Texto
100
AcDbMText
 10
-794.5419192796298
 20
-3092.889620029881
 30
0.0
 40
13.69164557513741
 41
821.4987345082446
 46
0.0
 71
     5
 72
     5
  1
RUTAS
 73
     1
 44
1.0
101
Embedded Object
 70
     5
 10
1.0
 20
0.0
 30
0.0
 11
-794.5419192796298
 21
-3092.889620029881
 31
0.0
 40
821.4987345082446
 41
0.0
 42
63.89434601730791
 43
13.69164557513741
 71
     2
 72
     1
 44
821.4987345082446
 45
34.22911393784353
 73
     0
 74
     0
 46
0.0
  0
MTEXT
  5
9C30
330
70
100
AcDbEntity
  8
PDF2_Texto
100
AcDbMText
 10
-1136.833058658065
 20
-3120.272911180156
 30
0.0
 40
9.58415190259619
 41
136.9164557513741
 46
0.0
 71
     5
 72
     5
  1
NUMERO
 73
     1
 44
1.0
101
Embedded Object
 70
     5
 10
1.0
 20
0.0
 30
0.0
 11
-1136.833058658065
 21
-3120.272911180156
 31
0.0
 40
136.9164557513741
 41
0.0
 42
54.31019411471174
 43
9.584151902596191
 71
     2
 72
     1
 44
136.9164557513741
 45
34.22911393784353
 73
     0
 74
     0
 46
0.0
  0
MTEXT
  5
9C31
330
70
100
AcDbEntity
  8
PDF2_Texto
100
AcDbMText
 10
-999.9166029066914
 20
-3120.272911180156
 30
0.0
 40
9.58415190259619
 41
136.9164557513741
 46
0.0
 71
     5
 72
     5
  1
ORIGEN
 73
     1
 44
1.0
101
Embedded Object
 70
     5
 10
1.0
 20
0.0
 30
0.0
 11
-999.9166029066914
 21
-3120.272911180156
 31
0.0
 40
136.9164557513741
 41
0.0
 42
51.11547681384634
 43
9.584151902596191
 71
     2
 72
     1
 44
136.9164557513741
 45
34.22911393784353
 73
     0
 74
     0
 46
0.0
  0
MTEXT
  5
9C32
330
70
100
AcDbEntity
  8
PDF2_Texto
100
AcDbMText
 10
-863.0001471553173
 20
-3120.272911180156
 30
0.0
 40
9.58415190259619
 41
136.9164557513741
 46
0.0
 71
     5
 72
     5
  1
DESTINO
 73
     1
 44
1.0
101
Embedded Object
 70
     5
 10
1.0
 20
0.0
 30
0.0
 11
-863.0001471553173
 21
-3120.272911180156
 31
0.0
 40
136.9164557513741
 41
0.0
 42
60.69962871644254
 43
9.584151902596193
 71
     2
 72
     1
 44
136.9164557513741
 45
34.22911393784353
 73
     0
 74
     0
 46
0.0
  0
MTEXT
  5
9C33
330
70
100
AcDbEntity
  8
PDF2_Texto
100
AcDbMText
 10
-726.0836914039432
 20
-3120.272911180156
 30
0.0
 40
9.58415190259619
 41
136.9164557513741
 46
0.0
 71
     5
 72
     5
  1
NUMERO
 73
     1
 44
1.0
101
Embedded Object
 70
     5
 10
1.0
 20
0.0
 30
0.0
 11
-726.0836914039432
 21
-3120.272911180156
 31
0.0
 40
136.9164557513741
 41
0.0
 42
54.31019411471174
 43
9.584151902596191
 71
     2
 72
     1
 44
136.9164557513741
 45
34.22911393784353
 73
     0
 74
     0
 46
0.0
  0
MTEXT
  5
9C34
330
70
100
AcDbEntity
  8
PDF2_Texto
100
AcDbMText
 10
-589.1672356525682
 20
-3120.272911180156
 30
0.0
 40
9.58415190259619
 41
136.9164557513741
 46
0.0
 71
     5
 72
     5
  1
ORIGEN
 73
     1
 44
1.0
101
Embedded Object
 70
     5
 10
1.0
 20
0.0
 30
0.0
 11
-589.1672356525682
 21
-3120.272911180156
 31
0.0
 40
136.9164557513741
 41
0.0
 42
51.11547681384634
 43
9.584151902596191
 71
     2
 72
     1
 44
136.9164557513741
 45
34.22911393784353
 73
     0
 74
     0
 46
0.0
  0
MTEXT
  5
9C35
330
70
100
AcDbEntity
  8
PDF2_Texto
100
AcDbMText
 10
-452.2507799011941
 20
-3120.272911180156
 30
0.0
 40
9.58415190259619
 41
136.9164557513741
 46
0.0
 71
     5
 72
     5
  1
DESTINO
 73
     1
 44
1.0
101
Embedded Object
 70
     5
 10
1.0
 20
0.0
 30
0.0
 11
-452.2507799011941
 21
-3120.272911180156
 31
0.0
 40
136.9164557513741
 41
0.0
 42
60.69962871644254
 43
9.584151902596193
 71
     2
 72
     1
 44
136.9164557513741
 45
34.22911393784353
 73
     0
 74
     0
 46
0.0
  0
MTEXT
  5
9C36
330
70
100
AcDbEntity
  8
PDF2_Texto
100
AcDbMText
 10
-1136.833058658065
 20
-3147.656202330431
 30
0.0
 40
10.95331646010993
 41
136.9164557513741
 46
0.0
 71
     5
 72
     5
  1
1
 73
     1
 44
1.0
101
Embedded Object
 70
     5
 10
1.0
 20
0.0
 30
0.0
 11
-1136.833058658065
 21
-3147.656202330431
 31
0.0
 40
136.9164557513741
 41
0.0
 42
3.651105486703309
 43
10.95331646010993
 71
     2
 72
     1
 44
136.9164557513741
 45
34.22911393784353
 73
     0
 74
     0
 46
0.0
  0
MTEXT
  5
9C37
330
70
100
AcDbEntity
  8
PDF2_Texto
100
AcDbMText
 10
-1136.833058658065
 20
-3175.039493480706
 30
0.0
 40
10.95331646010993
 41
136.9164557513741
 46
0.0
 71
     5
 72
     5
  1
2
 73
     1
 44
1.0
101
Embedded Object
 70
     5
 10
1.0
 20
0.0
 30
0.0
 11
-1136.833058658065
 21
-3175.039493480706
 31
0.0
 40
136.9164557513741
 41
0.0
 42
7.302210973406619
 43
10.95331646010993
 71
     2
 72
     1
 44
136.9164557513741
 45
34.22911393784353
 73
     0
 74
     0
 46
0.0
  0
MTEXT
  5
9C38
330
70
100
AcDbEntity
  8
PDF2_Texto
100
AcDbMText
 10
-1136.833058658065
 20
-3202.42278463098
 30
0.0
 40
10.95331646010993
 41
136.9164557513741
 46
0.0
 71
     5
 72
     5
  1
3
 73
     1
 44
1.0
101
Embedded Object
 70
     5
 10
1.0
 20
0.0
 30
0.0
 11
-1136.833058658065
 21
-3202.42278463098
 31
0.0
 40
136.9164557513741
 41
0.0
 42
7.302210973406619
 43
10.95331646010993
 71
     2
 72
     1
 44
136.9164557513741
 45
34.22911393784353
 73
     0
 74
     0
 46
0.0
  0
MTEXT
  5
9C39
330
70
100
AcDbEntity
  8
PDF2_Texto
100
AcDbMText
 10
-1136.833058658065
 20
-3229.806075781256
 30
0.0
 40
10.95331646010993
 41
136.9164557513741
 46
0.0
 71
     5
 72
     5
  1
4
 73
     1
 44
1.0
101
Embedded Object
 70
     5
 10
1.0
 20
0.0
 30
0.0
 11
-1136.833058658065
 21
-3229.806075781256
 31
0.0
 40
136.9164557513741
 41
0.0
 42
7.302210973406619
 43
10.95331646010993
 71
     2
 72
     1
 44
136.9164557513741
 45
34.22911393784353
 73
     0
 74
     0
 46
0.0
  0
MTEXT
  5
9C3A
330
70
100
AcDbEntity
  8
PDF2_Texto
100
AcDbMText
 10
-726.0836914039432
 20
-3147.656202330431
 30
0.0
 40
10.95331646010993
 41
136.9164557513741
 46
0.0
 71
     5
 72
     5
  1
5
 73
     1
 44
1.0
101
Embedded Object
 70
     5
 10
1.0
 20
0.0
 30
0.0
 11
-726.0836914039432
 21
-3147.656202330431
 31
0.0
 40
136.9164557513741
 41
0.0
 42
7.302210973406619
 43
10.95331646010993
 71
     2
 72
     1
 44
136.9164557513741
 45
34.22911393784353
 73
     0
 74
     0
 46
0.0
  0
MTEXT
  5
9C3B
330
70
100
AcDbEntity
  8
PDF2_Texto
100
AcDbMText
 10
-726.0836914039432
 20
-3175.039493480706
 30
0.0
 40
10.95331646010993
 41
136.9164557513741
 46
0.0
 71
     5
 72
     5
  1
6
 73
     1
 44
1.0
101
Embedded Object
 70
     5
 10
1.0
 20
0.0
 30
0.0
 11
-726.0836914039432
 21
-3175.039493480706
 31
0.0
 40
136.9164557513741
 41
0.0
 42
7.302210973406619
 43
10.95331646010993
 71
     2
 72
     1
 44
136.9164557513741
 45
34.22911393784353
 73
     0
 74
     0
 46
0.0
  0
MTEXT
  5
9C3C
330
70
100
AcDbEntity
  8
PDF2_Texto
100
AcDbMText
 10
-726.0836914039432
 20
-3202.42278463098
 30
0.0
 40
10.95331646010993
 41
136.9164557513741
 46
0.0
 71
     5
 72
     5
  1
7
 73
     1
 44
1.0
101
Embedded Object
 70
     5
 10
1.0
 20
0.0
 30
0.0
 11
-726.0836914039432
 21
-3202.42278463098
 31
0.0
 40
136.9164557513741
 41
0.0
 42
7.302210973406619
 43
10.95331646010993
 71
     2
 72
     1
 44
136.9164557513741
 45
34.22911393784353
 73
     0
 74
     0
 46
0.0
  0
MTEXT
  5
9C3D
330
70
100
AcDbEntity
  8
PDF2_Texto
100
AcDbMText
 10
-726.0836914039432
 20
-3229.806075781256
 30
0.0
 40
10.95331646010993
 41
136.9164557513741
 46
0.0
 71
     5
 72
     5
  1
8
 73
     1
 44
1.0
101
Embedded Object
 70
     5
 10
1.0
 20
0.0
 30
0.0
 11
-726.0836914039432
 21
-3229.806075781256
 31
0.0
 40
136.9164557513741
 41
0.0
 42
7.302210973406619
 43
10.95331646010993
 71
     2
 72
     1
 44
136.9164557513741
 45
34.22911393784353
 73
     0
 74
     0
 46
0.0
  0
MTEXT
  5
9C3E
330
70
100
AcDbEntity
  8
PDF2_Texto
100
AcDbMText
 10
-999.9166029066914
 20
-3147.656202330431
 30
0.0
 40
10.95331646010993
 41
136.9164557513741
 46
0.0
 71
     5
 72
     5
  1
A
 73
     1
 44
1.0
101
Embedded Object
 70
     5
 10
1.0
 20
0.0
 30
0.0
 11
-999.9166029066914
 21
-3147.656202330431
 31
0.0
 40
136.9164557513741
 41
0.0
 42
7.302210973406619
 43
10.95331646010993
 71
     2
 72
     1
 44
136.9164557513741
 45
34.22911393784353
 73
     0
 74
     0
 46
0.0
  0
MTEXT
  5
9C3F
330
70
100
AcDbEntity
  8
PDF2_Texto
100
AcDbMText
 10
-999.9166029066914
 20
-3175.039493480706
 30
0.0
 40
10.95331646010993
 41
136.9164557513741
 46
0.0
 71
     5
 72
     5
  1
A
 73
     1
 44
1.0
101
Embedded Object
 70
     5
 10
1.0
 20
0.0
 30
0.0
 11
-999.9166029066914
 21
-3175.039493480706
 31
0.0
 40
136.9164557513741
 41
0.0
 42
7.302210973406619
 43
10.95331646010993
 71
     2
 72
     1
 44
136.9164557513741
 45
34.22911393784353
 73
     0
 74
     0
 46
0.0
  0
MTEXT
  5
9C40
330
70
100
AcDbEntity
  8
PDF2_Texto
100
AcDbMText
 10
-999.9166029066914
 20
-3202.42278463098
 30
0.0
 40
10.95331646010993
 41
136.9164557513741
 46
0.0
 71
     5
 72
     5
  1
C
 73
     1
 44
1.0
101
Embedded Object
 70
     5
 10
1.0
 20
0.0
 30
0.0
 11
-999.9166029066914
 21
-3202.42278463098
 31
0.0
 40
136.9164557513741
 41
0.0
 42
7.302210973406619
 43
10.95331646010993
 71
     2
 72
     1
 44
136.9164557513741
 45
34.22911393784353
 73
     0
 74
     0
 46
0.0
  0
MTEXT
  5
9C41
330
70
100
AcDbEntity
  8
PDF2_Texto
100
AcDbMText
 10
-999.9166029066914
 20
-3229.806075781256
 30
0.0
 40
10.95331646010993
 41
136.9164557513741
 46
0.0
 71
     5
 72
     5
  1
C
 73
     1
 44
1.0
101
Embedded Object
 70
     5
 10
1.0
 20
0.0
 30
0.0
 11
-999.9166029066914
 21
-3229.806075781256
 31
0.0
 40
136.9164557513741
 41
0.0
 42
7.302210973406619
 43
10.95331646010993
 71
     2
 72
     1
 44
136.9164557513741
 45
34.22911393784353
 73
     0
 74
     0
 46
0.0
  0
MTEXT
  5
9C42
330
70
100
AcDbEntity
  8
PDF2_Texto
100
AcDbMText
 10
-863.0001471553173
 20
-3147.656202330431
 30
0.0
 40
10.95331646010993
 41
136.9164557513741
 46
0.0
 71
     5
 72
     5
  1
B
 73
     1
 44
1.0
101
Embedded Object
 70
     5
 10
1.0
 20
0.0
 30
0.0
 11
-863.0001471553173
 21
-3147.656202330431
 31
0.0
 40
136.9164557513741
 41
0.0
 42
7.302210973406619
 43
10.95331646010993
 71
     2
 72
     1
 44
136.9164557513741
 45
34.22911393784353
 73
     0
 74
     0
 46
0.0
  0
MTEXT
  5
9C43
330
70
100
AcDbEntity
  8
PDF2_Texto
100
AcDbMText
 10
-863.0001471553173
 20
-3175.039493480706
 30
0.0
 40
10.95331646010993
 41
136.9164557513741
 46
0.0
 71
     5
 72
     5
  1
F
 73
     1
 44
1.0
101
Embedded Object
 70
     5
 10
1.0
 20
0.0
 30
0.0
 11
-863.0001471553173
 21
-3175.039493480706
 31
0.0
 40
136.9164557513741
 41
0.0
 42
7.302210973406619
 43
10.95331646010993
 71
     2
 72
     1
 44
136.9164557513741
 45
34.22911393784353
 73
     0
 74
     0
 46
0.0
  0
MTEXT
  5
9C44
330
70
100
AcDbEntity
  8
PDF2_Texto
100
AcDbMText
 10
-863.0001471553173
 20
-3202.42278463098
 30
0.0
 40
10.95331646010993
 41
136.9164557513741
 46
0.0
 71
     5
 72
     5
  1
G
 73
     1
 44
1.0
101
Embedded Object
 70
     5
 10
1.0
 20
0.0
 30
0.0
 11
-863.0001471553173
 21
-3202.42278463098
 31
0.0
 40
136.9164557513741
 41
0.0
 42
7.302210973406619
 43
10.95331646010993
 71
     2
 72
     1
 44
136.9164557513741
 45
34.22911393784353
 73
     0
 74
     0
 46
0.0
  0
MTEXT
  5
9C45
330
70
100
AcDbEntity
  8
PDF2_Texto
100
AcDbMText
 10
-863.0001471553173
 20
-3229.806075781256
 30
0.0
 40
10.95331646010993
 41
136.9164557513741
 46
0.0
 71
     5
 72
     5
  1
E
 73
     1
 44
1.0
101
Embedded Object
 70
     5
 10
1.0
 20
0.0
 30
0.0
 11
-863.0001471553173
 21
-3229.806075781256
 31
0.0
 40
136.9164557513741
 41
0.0
 42
7.302210973406619
 43
10.95331646010993
 71
     2
 72
     1
 44
136.9164557513741
 45
34.22911393784353
 73
     0
 74
     0
 46
0.0
  0
MTEXT
  5
9C46
330
70
100
AcDbEntity
  8
PDF2_Texto
100
AcDbMText
 10
-589.1672356525682
 20
-3147.656202330431
 30
0.0
 40
10.95331646010993
 41
136.9164557513741
 46
0.0
 71
     5
 72
     5
  1
E
 73
     1
 44
1.0
101
Embedded Object
 70
     5
 10
1.0
 20
0.0
 30
0.0
 11
-589.1672356525682
 21
-3147.656202330431
 31
0.0
 40
136.9164557513741
 41
0.0
 42
7.302210973406619
 43
10.95331646010993
 71
     2
 72
     1
 44
136.9164557513741
 45
34.22911393784353
 73
     0
 74
     0
 46
0.0
  0
MTEXT
  5
9C47
330
70
100
AcDbEntity
  8
PDF2_Texto
100
AcDbMText
 10
-589.1672356525682
 20
-3175.039493480706
 30
0.0
 40
10.95331646010993
 41
136.9164557513741
 46
0.0
 71
     5
 72
     5
  1
E
 73
     1
 44
1.0
101
Embedded Object
 70
     5
 10
1.0
 20
0.0
 30
0.0
 11
-589.1672356525682
 21
-3175.039493480706
 31
0.0
 40
136.9164557513741
 41
0.0
 42
7.302210973406619
 43
10.95331646010993
 71
     2
 72
     1
 44
136.9164557513741
 45
34.22911393784353
 73
     0
 74
     0
 46
0.0
  0
MTEXT
  5
9C48
330
70
100
AcDbEntity
  8
PDF2_Texto
100
AcDbMText
 10
-589.1672356525682
 20
-3202.42278463098
 30
0.0
 40
10.95331646010993
 41
136.9164557513741
 46
0.0
 71
     5
 72
     5
  1
F
 73
     1
 44
1.0
101
Embedded Object
 70
     5
 10
1.0
 20
0.0
 30
0.0
 11
-589.1672356525682
 21
-3202.42278463098
 31
0.0
 40
136.9164557513741
 41
0.0
 42
7.302210973406619
 43
10.95331646010993
 71
     2
 72
     1
 44
136.9164557513741
 45
34.22911393784353
 73
     0
 74
     0
 46
0.0
  0
MTEXT
  5
9C49
330
70
100
AcDbEntity
  8
PDF2_Texto
100
AcDbMText
 10
-589.1672356525682
 20
-3229.806075781256
 30
0.0
 40
10.95331646010993
 41
136.9164557513741
 46
0.0
 71
     5
 72
     5
  1
F
 73
     1
 44
1.0
101
Embedded Object
 70
     5
 10
1.0
 20
0.0
 30
0.0
 11
-589.1672356525682
 21
-3229.806075781256
 31
0.0
 40
136.9164557513741
 41
0.0
 42
7.302210973406619
 43
10.95331646010993
 71
     2
 72
     1
 44
136.9164557513741
 45
34.22911393784353
 73
     0
 74
     0
 46
0.0
  0
MTEXT
  5
9C4A
330
70
100
AcDbEntity
  8
PDF2_Texto
100
AcDbMText
 10
-452.2507799011941
 20
-3229.806075781256
 30
0.0
 40
10.95331646010993
 41
136.9164557513741
 46
0.0
 71
     5
 72
     5
  1
E
 73
     1
 44
1.0
101
Embedded Object
 70
     5
 10
1.0
 20
0.0
 30
0.0
 11
-452.2507799011941
 21
-3229.806075781256
 31
0.0
 40
136.9164557513741
 41
0.0
 42
7.302210973406619
 43
10.95331646010993
 71
     2
 72
     1
 44
136.9164557513741
 45
34.22911393784353
 73
     0
 74
     0
 46
0.0
  0
MTEXT
  5
9C4B
330
70
100
AcDbEntity
  8
PDF2_Texto
100
AcDbMText
 10
-452.2507799011941
 20
-3202.42278463098
 30
0.0
 40
10.95331646010993
 41
136.9164557513741
 46
0.0
 71
     5
 72
     5
  1
G
 73
     1
 44
1.0
101
Embedded Object
 70
     5
 10
1.0
 20
0.0
 30
0.0
 11
-452.2507799011941
 21
-3202.42278463098
 31
0.0
 40
136.9164557513741
 41
0.0
 42
7.302210973406619
 43
10.95331646010993
 71
     2
 72
     1
 44
136.9164557513741
 45
34.22911393784353
 73
     0
 74
     0
 46
0.0
  0
MTEXT
  5
9C4C
330
70
100
AcDbEntity
  8
PDF2_Texto
100
AcDbMText
 10
-452.2507799011941
 20
-3175.039493480706
 30
0.0
 40
10.95331646010993
 41
136.9164557513741
 46
0.0
 71
     5
 72
     5
  1
F
 73
     1
 44
1.0
101
Embedded Object
 70
     5
 10
1.0
 20
0.0
 30
0.0
 11
-452.2507799011941
 21
-3175.039493480706
 31
0.0
 40
136.9164557513741
 41
0.0
 42
7.302210973406619
 43
10.95331646010993
 71
     2
 72
     1
 44
136.9164557513741
 45
34.22911393784353
 73
     0
 74
     0
 46
0.0
  0
MTEXT
  5
9C4D
330
70
100
AcDbEntity
  8
PDF2_Texto
100
AcDbMText
 10
-452.2507799011941
 20
-3147.656202330431
 30
0.0
 40
10.95331646010993
 41
136.9164557513741
 46
0.0
 71
     5
 72
     5
  1
B
 73
     1
 44
1.0
101
Embedded Object
 70
     5
 10
1.0
 20
0.0
 30
0.0
 11
-452.2507799011941
 21
-3147.656202330431
 31
0.0
 40
136.9164557513741
 41
0.0
 42
7.302210973406619
 43
10.95331646010993
 71
     2
 72
     1
 44
136.9164557513741
 45
34.22911393784353
 73
     0
 74
     0
 46
0.0
  0
LWPOLYLINE
  5
9C4E
330
70
100
AcDbEntity
  8
PDF2_Geometría
370
    -3
100
AcDbPolyline
 90
        2
 70
     0
 43
0.0
 10
1112.116246394437
 20
-2036.555243000485
 10
1112.116246394436
 20
-2226.327920591863
  0
MTEXT
  5
9C4F
330
70
100
AcDbEntity
  8
0
100
AcDbMText
 10
1124.313521252344
 20
-2035.996478803661
 30
0.0
 40
12.6110442602791
 41
38.06953414606725
 46
0.0
 71
     4
 72
     5
  1
286+920
 11
-0.0000000000000044
 21
-1.0
 31
0.0
 73
     1
 44
1.0
101
Embedded Object
 70
     4
 10
-0.0000000000000044
 20
-1.0
 30
0.0
 11
1124.313521252344
 21
-2035.996478803661
 31
0.0
 40
38.06953414606725
 41
0.0
 42
81.97178769181418
 43
12.6110442602791
 71
     2
 72
     1
 44
38.06953414606725
 45
26.27300887558147
 73
     0
 74
     0
 46
0.0
  0
MTEXT
  5
9C50
330
70
100
AcDbEntity
  8
0
100
AcDbMText
 10
1081.036253575014
 20
-2036.622654093099
 30
0.0
 40
12.6110442602791
 41
182.4517619930412
 46
0.0
 71
     4
 72
     5
  1
PAN RIVADAVIA\PAUTOMATIZADO
 11
-0.0000000000000044
 21
-1.0
 31
0.0
 73
     1
 44
1.0
101
Embedded Object
 70
     4
 10
-0.0000000000000044
 20
-1.0
 30
0.0
 11
1081.036253575014
 21
-2036.622654093099
 31
0.0
 40
182.4517619930412
 41
0.0
 42
159.7398939635352
 43
33.62945136074428
 71
     2
 72
     1
 44
182.4517619930412
 45
26.27300887558147
 73
     0
 74
     0
 46
0.0
  0
LWPOLYLINE
  5
9C55
330
70
100
AcDbEntity
  8
PDF2_Geometría
370
    -3
100
AcDbPolyline
 90
        2
 70
     0
 43
0.0
 10
868.8311700232073
 20
-2036.555243000483
 10
868.8311700232068
 20
-2226.327920591861
  0
MTEXT
  5
9C56
330
70
100
AcDbEntity
  8
0
100
AcDbMText
 10
881.0284448811149
 20
-2035.996478803659
 30
0.0
 40
12.6110442602791
 41
38.06953414606725
 46
0.0
 71
     4
 72
     5
  1
287+901
 11
-0.0000000000000044
 21
-1.0
 31
0.0
 73
     1
 44
1.0
101
Embedded Object
 70
     4
 10
-0.0000000000000044
 20
-1.0
 30
0.0
 11
881.0284448811149
 21
-2035.996478803659
 31
0.0
 40
38.06953414606725
 41
0.0
 42
77.76810627172114
 43
12.6110442602791
 71
     2
 72
     1
 44
38.06953414606725
 45
26.27300887558147
 73
     0
 74
     0
 46
0.0
  0
LWPOLYLINE
  5
9C57
330
70
100
AcDbEntity
  8
PDF2_Geometría
370
    -3
100
AcDbPolyline
 90
        2
 70
     0
 43
0.0
 10
507.7917245243475
 20
-2036.555243000481
 10
507.791724524347
 20
-2226.327920591859
  0
MTEXT
  5
9C58
330
70
100
AcDbEntity
  8
0
100
AcDbMText
 10
519.9889993822551
 20
-2035.996478803657
 30
0.0
 40
12.6110442602791
 41
38.06953414606725
 46
0.0
 71
     4
 72
     5
  1
287+901
 11
-0.0000000000000044
 21
-1.0
 31
0.0
 73
     1
 44
1.0
101
Embedded Object
 70
     4
 10
-0.0000000000000044
 20
-1.0
 30
0.0
 11
519.9889993822551
 21
-2035.996478803657
 31
0.0
 40
38.06953414606725
 41
0.0
 42
77.76810627172114
 43
12.6110442602791
 71
     2
 72
     1
 44
38.06953414606725
 45
26.27300887558147
 73
     0
 74
     0
 46
0.0
  0
LWPOLYLINE
  5
9C59
330
70
100
AcDbEntity
  8
PDF2_Geometría
370
    -3
100
AcDbPolyline
 90
        2
 70
     0
 43
0.0
 10
278.0486040536676
 20
-2036.55524300048
 10
278.0486040536671
 20
-2226.327920591858
  0
MTEXT
  5
9C5A
330
70
100
AcDbEntity
  8
0
100
AcDbMText
 10
290.2458789115749
 20
-2035.996478803657
 30
0.0
 40
12.6110442602791
 41
38.06953414606725
 46
0.0
 71
     4
 72
     5
  1
3+050
 11
-0.0000000000000044
 21
-1.0
 31
0.0
 73
     1
 44
1.0
101
Embedded Object
 70
     4
 10
-0.0000000000000044
 20
-1.0
 30
0.0
 11
290.2458789115749
 21
-2035.996478803657
 31
0.0
 40
38.06953414606725
 41
0.0
 42
54.64785846120944
 43
12.6110442602791
 71
     2
 72
     1
 44
38.06953414606725
 45
26.27300887558147
 73
     0
 74
     0
 46
0.0
  0
LWPOLYLINE
  5
9C5B
330
70
100
AcDbEntity
  8
PDF2_Geometría
370
    -3
100
AcDbPolyline
 90
        2
 70
     0
 43
0.0
 10
-365.2104431147531
 20
-2036.55524300048
 10
-365.2104431147541
 20
-2226.327920591858
  0
MTEXT
  5
9C5C
330
70
100
AcDbEntity
  8
0
100
AcDbMText
 10
-353.0131682568458
 20
-2035.996478803656
 30
0.0
 40
12.6110442602791
 41
38.06953414606725
 46
0.0
 71
     4
 72
     5
  1
288+601
 11
-0.0000000000000044
 21
-1.0
 31
0.0
 73
     1
 44
1.0
101
Embedded Object
 70
     4
 10
-0.0000000000000044
 20
-1.0
 30
0.0
 11
-353.0131682568458
 21
-2035.996478803656
 31
0.0
 40
38.06953414606725
 41
0.0
 42
77.76810627172114
 43
12.6110442602791
 71
     2
 72
     1
 44
38.06953414606725
 45
26.27300887558147
 73
     0
 74
     0
 46
0.0
  0
LWPOLYLINE
  5
9C5D
330
70
100
AcDbEntity
  8
PDF2_Geometría
370
    -3
100
AcDbPolyline
 90
        2
 70
     0
 43
0.0
 10
20.19183841084441
 20
-2036.55524300048
 10
20.19183841084396
 20
-2226.327920591858
  0
MTEXT
  5
9C5E
330
70
100
AcDbEntity
  8
0
100
AcDbMText
 10
32.38911326875177
 20
-2035.996478803656
 30
0.0
 40
12.6110442602791
 41
38.06953414606725
 46
0.0
 71
     4
 72
     5
  1
288+488
 11
-0.0000000000000044
 21
-1.0
 31
0.0
 73
     1
 44
1.0
101
Embedded Object
 70
     4
 10
-0.0000000000000044
 20
-1.0
 30
0.0
 11
32.38911326875177
 21
-2035.996478803656
 31
0.0
 40
38.06953414606725
 41
0.0
 42
84.07362840186069
 43
12.6110442602791
 71
     2
 72
     1
 44
38.06953414606725
 45
26.27300887558147
 73
     0
 74
     0
 46
0.0
  0
MTEXT
  5
9C75
330
70
100
AcDbEntity
  8
0
100
AcDbMText
 10
853.4369878946041
 20
-2036.622654093097
 30
0.0
 40
12.6110442602791
 41
139.5374267877626
 46
0.0
 71
     4
 72
     5
  1
SEÑAL
 11
-0.0000000000000044
 21
-1.0
 31
0.0
 73
     1
 44
1.0
101
Embedded Object
 70
     4
 10
-0.0000000000000044
 20
-1.0
 30
0.0
 11
853.4369878946041
 21
-2036.622654093097
 31
0.0
 40
139.5374267877626
 41
0.0
 42
58.85153988130248
 43
12.61104426027911
 71
     2
 72
     1
 44
139.5374267877626
 45
26.27300887558147
 73
     0
 74
     0
 46
0.0
  0
MTEXT
  5
9C76
330
70
100
AcDbEntity
  8
0
100
AcDbMText
 10
492.3975423957442
 20
-2036.622654093095
 30
0.0
 40
12.6110442602791
 41
139.5374267877626
 46
0.0
 71
     4
 72
     5
  1
SEÑAL
 11
-0.0000000000000044
 21
-1.0
 31
0.0
 73
     1
 44
1.0
101
Embedded Object
 70
     4
 10
-0.0000000000000044
 20
-1.0
 30
0.0
 11
492.3975423957442
 21
-2036.622654093095
 31
0.0
 40
139.5374267877626
 41
0.0
 42
58.85153988130248
 43
12.61104426027911
 71
     2
 72
     1
 44
139.5374267877626
 45
26.27300887558147
 73
     0
 74
     0
 46
0.0
  0
MTEXT
  5
9C77
330
70
100
AcDbEntity
  8
0
100
AcDbMText
 10
262.6544219250641
 20
-2036.622654093093
 30
0.0
 40
12.6110442602791
 41
216.7620309536088
 46
0.0
 71
     4
 72
     5
  1
SALA CTL
 11
-0.0000000000000044
 21
-1.0
 31
0.0
 73
     1
 44
1.0
101
Embedded Object
 70
     4
 10
-0.0000000000000044
 20
-1.0
 30
0.0
 11
262.6544219250641
 21
-2036.622654093093
 31
0.0
 40
216.7620309536088
 41
0.0
 42
96.6846726621398
 43
12.6110442602791
 71
     2
 72
     1
 44
216.7620309536088
 45
26.27300887558147
 73
     0
 74
     0
 46
0.0
  0
MTEXT
  5
9C78
330
70
100
AcDbEntity
  8
0
100
AcDbMText
 10
4.797656282241405
 20
-2036.622654093093
 30
0.0
 40
12.6110442602791
 41
139.5374267877626
 46
0.0
 71
     4
 72
     5
  1
LIBRANZA 11B
 11
-0.0000000000000044
 21
-1.0
 31
0.0
 73
     1
 44
1.0
101
Embedded Object
 70
     4
 10
-0.0000000000000044
 20
-1.0
 30
0.0
 11
4.797656282241405
 21
-2036.622654093093
 31
0.0
 40
139.5374267877626
 41
0.0
 42
134.5178054429771
 43
12.61104426027911
 71
     2
 72
     1
 44
139.5374267877626
 45
26.27300887558147
 73
     0
 74
     0
 46
0.0
  0
MTEXT
  5
9C79
330
70
100
AcDbEntity
  8
0
100
AcDbMText
 10
-380.6046252433566
 20
-2036.622654093094
 30
0.0
 40
12.6110442602791
 41
139.5374267877626
 46
0.0
 71
     4
 72
     5
  1
SEÑAL
 11
-0.0000000000000044
 21
-1.0
 31
0.0
 73
     1
 44
1.0
101
Embedded Object
 70
     4
 10
-0.0000000000000044
 20
-1.0
 30
0.0
 11
-380.6046252433566
 21
-2036.622654093094
 31
0.0
 40
139.5374267877626
 41
0.0
 42
58.85153988130248
 43
12.61104426027911
 71
     2
 72
     1
 44
139.5374267877626
 45
26.27300887558147
 73
     0
 74
     0
 46
0.0
  0
CIRCLE
  5
9E46
330
70
100
AcDbEntity
  8
ATS+CE
100
AcDbCircle
 10
-357.6380470977247
 20
-2658.442344256555
 30
0.0
 40
7.827116121967398
  0
CIRCLE
  5
9E47
330
70
100
AcDbEntity
  8
ATS+CE
100
AcDbCircle
 10
-373.299793659357
 20
-2658.442344256555
 30
0.0
 40
7.827116121967398
  0
LINE
  5
9E48
330
70
100
AcDbEntity
  8
ATS+CE
100
AcDbLine
 10
-346.9713324995482
 20
-2658.442344256555
 30
0.0
 11
-383.4495537299595
 21
-2658.442344256555
 31
0.0
  0
CIRCLE
  5
9E49
330
70
100
AcDbEntity
  8
ATS+CE
100
AcDbCircle
 10
517.0166319118832
 20
-2658.442344256555
 30
0.0
 40
7.827116121967398
  0
CIRCLE
  5
9E4A
330
70
100
AcDbEntity
  8
ATS+CE
100
AcDbCircle
 10
501.3548853502507
 20
-2658.442344256555
 30
0.0
 40
7.827116121967398
  0
LINE
  5
9E4B
330
70
100
AcDbEntity
  8
ATS+CE
100
AcDbLine
 10
527.6833465100597
 20
-2658.442344256555
 30
0.0
 11
491.2051252796482
 21
-2658.442344256555
 31
0.0
  0
CIRCLE
  5
9E4C
330
70
100
AcDbEntity
  8
ATS+CE
100
AcDbCircle
 10
-941.5359477066731
 20
-2661.269845505719
 30
0.0
 40
7.827116121967398
  0
CIRCLE
  5
9E4D
330
70
100
AcDbEntity
  8
ATS+CE
100
AcDbCircle
 10
-957.1976942683059
 20
-2661.269845505719
 30
0.0
 40
7.827116121967398
  0
LINE
  5
9E4E
330
70
100
AcDbEntity
  8
ATS+CE
100
AcDbLine
 10
-930.8692331084971
 20
-2661.269845505719
 30
0.0
 11
-967.3474543389083
 21
-2661.269845505719
 31
0.0
  0
CIRCLE
  5
9E4F
330
70
100
AcDbEntity
  8
ATS+CE
100
AcDbCircle
 10
167.6632927315581
 20
-2387.595133707098
 30
0.0
 40
7.827116121967398
  0
CIRCLE
  5
9E50
330
70
100
AcDbEntity
  8
ATS+CE
100
AcDbCircle
 10
152.0015461699254
 20
-2387.595133707098
 30
0.0
 40
7.827116121967398
  0
LINE
  5
9E51
330
70
100
AcDbEntity
  8
ATS+CE
100
AcDbLine
 10
178.3300073297346
 20
-2387.595133707098
 30
0.0
 11
141.8517860993233
 21
-2387.595133707098
 31
0.0
  0
CIRCLE
  5
9E55
330
70
100
AcDbEntity
  8
ATS+CE
100
AcDbCircle
 10
98.19387051026161
 20
-2561.155078974096
 30
0.0
 40
7.827116121967398
  0
CIRCLE
  5
9E56
330
70
100
AcDbEntity
  8
ATS+CE
100
AcDbCircle
 10
82.53212394862885
 20
-2561.155078974096
 30
0.0
 40
7.827116121967398
  0
LINE
  5
9E57
330
70
100
AcDbEntity
  8
ATS+CE
100
AcDbLine
 10
108.860585108438
 20
-2561.155078974096
 30
0.0
 11
72.38236387802681
 21
-2561.155078974096
 31
0.0
  0
CIRCLE
  5
9E58
330
70
100
AcDbEntity
  8
ATS+CE
100
AcDbCircle
 10
-486.4331073282878
 20
-2564.915650690652
 30
0.0
 40
7.827116121967398
  0
CIRCLE
  5
9E59
330
70
100
AcDbEntity
  8
ATS+CE
100
AcDbCircle
 10
-502.0948538899205
 20
-2564.915650690652
 30
0.0
 40
7.827116121967398
  0
LINE
  5
9E5A
330
70
100
AcDbEntity
  8
ATS+CE
100
AcDbLine
 10
-475.7663927301114
 20
-2564.915650690652
 30
0.0
 11
-512.2446139605231
 21
-2564.915650690652
 31
0.0
  0
CIRCLE
  5
9E5B
330
70
100
AcDbEntity
  8
ATS+CE
100
AcDbCircle
 10
-1226.724670321476
 20
-2561.155078974096
 30
0.0
 40
7.827116121967398
  0
CIRCLE
  5
9E5C
330
70
100
AcDbEntity
  8
ATS+CE
100
AcDbCircle
 10
-1242.386416883109
 20
-2561.155078974096
 30
0.0
 40
7.827116121967398
  0
LINE
  5
9E5D
330
70
100
AcDbEntity
  8
ATS+CE
100
AcDbLine
 10
-1216.0579557233
 20
-2561.155078974096
 30
0.0
 11
-1252.536176953711
 21
-2561.155078974096
 31
0.0
  0
CIRCLE
  5
9E5E
330
70
100
AcDbEntity
  8
ATS+CE
100
AcDbCircle
 10
-1005.576578666569
 20
-2835.339060644324
 30
0.0
 40
7.827116121967398
  0
CIRCLE
  5
9E5F
330
70
100
AcDbEntity
  8
ATS+CE
100
AcDbCircle
 10
-1021.238325228202
 20
-2835.339060644324
 30
0.0
 40
7.827116121967398
  0
LINE
  5
9E60
330
70
100
AcDbEntity
  8
ATS+CE
100
AcDbLine
 10
-994.9098640683933
 20
-2835.339060644324
 30
0.0
 11
-1031.388085298804
 21
-2835.339060644324
 31
0.0
  0
MTEXT
  5
A038
330
70
100
AcDbEntity
  8
PDF2_Texto
100
AcDbMText
 10
-1286.999582467541
 20
-2834.578810302053
 30
0.0
 40
12.61003333068995
 41
0.0
 46
1.036504509314589
 71
     7
 72
     5
  1
EAT
  7
PDF Arial
 73
     1
 44
1.0
  0
MTEXT
  5
A050
330
70
100
AcDbEntity
  8
PDF2_Texto
100
AcDbMText
 10
491.2727630844042
 20
-2438.055991153252
 30
0.0
 40
12.61003333068995
 41
0.0
 46
1.036504509314589
 71
     7
 72
     5
  1
DCT
  7
PDF Arial
 73
     1
 44
1.0
  0
LWPOLYLINE
  5
A051
330
70
100
AcDbEntity
  8
PDF2_Geometría
370
    -3
100
AcDbPolyline
 90
        2
 70
     0
 43
0.0
 10
428.9100939121595
 20
-2035.83491337992
 10
428.910093912159
 20
-2225.607590971297
  0
MTEXT
  5
A052
330
70
100
AcDbEntity
  8
0
100
AcDbMText
 10
441.107368770067
 20
-2035.276149183096
 30
0.0
 40
12.6110442602791
 41
38.06953414606725
 46
0.0
 71
     4
 72
     5
  1
288+448
 11
-0.0000000000000044
 21
-1.0
 31
0.0
 73
     1
 44
1.0
101
Embedded Object
 70
     4
 10
-0.0000000000000044
 20
-1.0
 30
0.0
 11
441.107368770067
 21
-2035.276149183096
 31
0.0
 40
38.06953414606725
 41
0.0
 42
84.07362840186069
 43
12.6110442602791
 71
     2
 72
     1
 44
38.06953414606725
 45
26.27300887558147
 73
     0
 74
     0
 46
0.0
  0
MTEXT
  5
A17F
330
70
100
AcDbEntity
  8
Señales
100
AcDbMText
 10
442.1324975814229
 20
-2748.274548609406
 30
0.0
 40
12.61003333068995
 41
0.0
 46
0.0
 71
     7
 72
     5
  1
1A
  7
PDF Arial
 73
     1
 44
1.0
  0
MTEXT
  5
A182
330
70
100
AcDbEntity
  8
Señales
100
AcDbMText
 10
-389.7135749354211
 20
-2757.33044032551
 30
0.0
 40
12.61003333068995
 41
0.0
 46
0.0
 71
     7
 72
     5
  1
3AF
  7
PDF Arial
 73
     1
 44
1.0
  0
MTEXT
  5
A183
330
70
100
AcDbEntity
  8
Señales
100
AcDbMText
 10
-461.2678519590144
 20
-2726.00362936496
 30
0.0
 40
12.61003333068995
 41
0.0
 46
0.0
 71
     7
 72
     5
  1
3AB
  7
PDF Arial
 73
     1
 44
1.0
  0
MTEXT
  5
A194
330
70
100
AcDbEntity
  8
Señales
100
AcDbMText
 10
116.1826151598357
 20
-2484.867057986718
 30
0.0
 40
12.61003333068995
 41
0.0
 46
0.0
 71
     7
 72
     5
  1
5ABF
  7
PDF Arial
 73
     1
 44
1.0
  0
MTEXT
  5
A195
330
70
100
AcDbEntity
  8
PDF2_Texto
100
AcDbMText
 10
-39.00645518721331
 20
-2377.52426654318
 30
0.0
 40
12.61003333068995
 41
31.2497045643679
 46
0.0
 71
     7
 72
     5
  1
11B
  7
PDF Arial
 73
     1
 44
1.0
  0
MTEXT
  5
A196
330
70
100
AcDbEntity
  8
PDF2_Texto
100
AcDbMText
 10
-197.7916595766492
 20
-2565.16574455029
 30
0.0
 40
12.61003333068995
 41
0.0
 46
12.66164328975144
 71
     7
 72
     5
  1
11A
  7
PDF Arial
 73
     1
 44
1.0
  0
MTEXT
  5
A197
330
70
100
AcDbEntity
  8
PDF2_Texto
100
AcDbMText
 10
-302.6922418588142
 20
-2534.622408617347
 30
0.0
 40
12.61003333068995
 41
0.0
 46
0.0
 71
     7
 72
     5
  1
12B
  7
PDF Arial
 73
     1
 44
1.0
  0
MTEXT
  5
A198
330
70
100
AcDbEntity
  8
PDF2_Texto
100
AcDbMText
 10
-578.0075401225786
 20
-2705.774602004929
 30
0.0
 40
12.61003333068995
 41
0.0
 46
0.0
 71
     7
 72
     5
  1
12A
  7
PDF Arial
 73
     1
 44
1.0
  0
MTEXT
  5
A199
330
70
100
AcDbEntity
  8
PDF2_Texto
100
AcDbMText
 10
-637.6518393886517
 20
-2671.621753471862
 30
0.0
 40
12.61003333068995
 41
0.0
 46
0.0
 71
     7
 72
     5
  1
13B
  7
PDF Arial
 73
     1
 44
1.0
  0
MTEXT
  5
A19A
330
70
100
AcDbEntity
  8
PDF2_Texto
100
AcDbMText
 10
-870.2263195086288
 20
-2841.8329320025
 30
0.0
 40
12.61003333068995
 41
0.0
 46
0.0
 71
     7
 72
     5
  1
13A
  7
PDF Arial
 73
     1
 44
1.0
  0
MTEXT
  5
A19B
330
70
100
AcDbEntity
  8
Señales
100
AcDbMText
 10
-431.6377214476087
 20
-2512.601604029554
 30
0.0
 40
12.61003333068995
 41
0.0
 46
0.0
 71
     7
 72
     5
  1
2DG
  7
PDF Arial
 73
     1
 44
1.0
  0
MTEXT
  5
A19C
330
70
100
AcDbEntity
  8
Señales
100
AcDbMText
 10
-444.1416874791543
 20
-2483.47060943967
 30
0.0
 40
12.61003333068995
 41
0.0
 46
0.0
 71
     7
 72
     5
  1
2DE
  7
PDF Arial
 73
     1
 44
1.0
  0
MTEXT
  5
A19E
330
70
100
AcDbEntity
  8
Señales
100
AcDbMText
 10
-1391.20201049439
 20
-2507.308025868646
 30
0.0
 40
12.61003333068995
 41
0.0
 46
0.0
 71
     7
 72
     5
  1
A4D
  7
PDF Arial
 11
0.9999153438341188
 21
0.0130117318253948
 31
0.0
 73
     1
 44
1.0
  0
MTEXT
  5
A19F
330
70
100
AcDbEntity
  8
Señales
100
AcDbMText
 10
-1172.039626351446
 20
-2510.527625162707
 30
0.0
 40
12.61003333068995
 41
0.0
 46
0.0
 71
     7
 72
     5
  1
4D
  7
PDF Arial
 73
     1
 44
1.0
  0
MTEXT
  5
A1A0
330
70
100
AcDbEntity
  8
Señales
100
AcDbMText
 10
-1011.195870592719
 20
-2758.752240745869
 30
0.0
 40
12.61003333068995
 41
0.0
 46
0.0
 71
     7
 72
     5
  1
6DGE
  7
PDF Arial
 73
     1
 44
1.0
  0
CIRCLE
  5
A1BE
330
70
100
AcDbEntity
  8
ATS+CE
100
AcDbCircle
 10
-1442.196919050034
 20
-2561.155078974096
 30
0.0
 40
7.827116121967398
  0
CIRCLE
  5
A1BF
330
70
100
AcDbEntity
  8
ATS+CE
100
AcDbCircle
 10
-1457.858665611667
 20
-2561.155078974096
 30
0.0
 40
7.827116121967398
  0
LINE
  5
A1C0
330
70
100
AcDbEntity
  8
ATS+CE
100
AcDbLine
 10
-1431.530204451858
 20
-2561.155078974096
 30
0.0
 11
-1468.00842568227
 21
-2561.155078974096
 31
0.0
  0
LWPOLYLINE
  5
A1D6
330
70
100
AcDbEntity
  8
PDF2_Geometría
370
    -3
100
AcDbPolyline
 90
        2
 70
     0
 43
0.0
 10
-1420.369833382035
 20
-2786.754497570455
 10
-1420.369833382035
 20
-2841.85769578235
  0
LWPOLYLINE
  5
A1D7
330
70
100
AcDbEntity
  8
PDF2_Geometría
370
    -3
100
AcDbPolyline
 90
        2
 70
     0
 43
0.0
 10
-1430.280643074112
 20
-2786.754497570455
 10
-1430.280643074112
 20
-2841.85769578235
  0
LWPOLYLINE
  5
A1D8
330
70
100
AcDbEntity
  8
PDF2_Geometría
370
    -3
100
AcDbPolyline
 90
        2
 70
     0
 43
0.0
 10
-1414.421511665015
 20
-2841.85769578235
 10
-1420.369833382035
 20
-2841.85769578235
  0
LWPOLYLINE
  5
A1D9
330
70
100
AcDbEntity
  8
PDF2_Geometría
370
    -3
100
AcDbPolyline
 90
        2
 70
     0
 43
0.0
 10
-1414.421511665015
 20
-2786.754497570455
 10
-1420.369833382035
 20
-2786.754497570455
  0
LWPOLYLINE
  5
A1DA
330
70
100
AcDbEntity
  8
PDF2_Geometría
370
    -3
100
AcDbPolyline
 90
        2
 70
     0
 43
0.0
 10
-1430.280643074112
 20
-2841.85769578235
 10
-1436.228964791132
 20
-2841.85769578235
  0
LWPOLYLINE
  5
A1DB
330
70
100
AcDbEntity
  8
PDF2_Geometría
370
    -3
100
AcDbPolyline
 90
        2
 70
     0
 43
0.0
 10
-1430.280643074112
 20
-2786.754497570455
 10
-1436.228964791132
 20
-2786.754497570455
  0
LWPOLYLINE
  5
A1DC
330
70
100
AcDbEntity
  8
PDF2_Geometría
370
    -3
100
AcDbPolyline
 90
        2
 70
     0
 43
0.0
 10
-1420.369833382035
 20
-2814.306096676402
 10
-1363.915711548364
 20
-2814.306096676402
  0
LWPOLYLINE
  5
A1EB
330
70
100
AcDbEntity
  8
ATS+CE
370
    -3
100
AcDbPolyline
 90
        2
 70
     0
 43
0.0
 10
507.7917245243465
 20
-2683.859503812814
 10
507.7917245243465
 20
-2672.047973220294
  0
LWPOLYLINE
  5
A1EC
330
70
100
AcDbEntity
  8
PDF2_Geometría
370
    -3
100
AcDbPolyline
 90
        2
 70
     0
 43
0.0
 10
90.62147449323219
 20
-2547.611042729183
 10
90.62147449323219
 20
-2535.799512136664
  0
LWPOLYLINE
  5
A1ED
330
70
100
AcDbEntity
  8
ATS+CE
370
    -3
100
AcDbPolyline
 90
        2
 70
     0
 43
0.0
 10
158.9575584392087
 20
-2411.466478721773
 10
158.9575584392087
 20
-2399.654948129254
  0
LWPOLYLINE
  5
A1EE
330
70
100
AcDbEntity
  8
PDF2_Geometría
370
    -3
100
AcDbPolyline
 90
        2
 70
     0
 43
0.0
 10
-365.2104431147541
 20
-2683.859503812812
 10
-365.2104431147541
 20
-2672.047973220293
  0
LWPOLYLINE
  5
A1F0
330
70
100
AcDbEntity
  8
ATS+CE
370
    -3
100
AcDbPolyline
 90
        2
 70
     0
 43
0.0
 10
-494.2677377679533
 20
-2547.611042729183
 10
-494.2677377679533
 20
-2535.799512136663
  0
LWPOLYLINE
  5
A1F2
330
70
100
AcDbEntity
  8
PDF2_Geometría
370
    -3
100
AcDbPolyline
 90
        2
 70
     0
 43
0.0
 10
-949.9967895159057
 20
-2683.963400889032
 10
-949.9967895159057
 20
-2672.151870296513
  0
LWPOLYLINE
  5
A1F3
330
70
100
AcDbEntity
  8
PDF2_Geometría
370
    -3
100
AcDbPolyline
 90
        2
 70
     0
 43
0.0
 10
-1013.411209106235
 20
-2820.211861972661
 10
-1013.411209106235
 20
-2808.400331380142
  0
LWPOLYLINE
  5
A1F4
330
70
100
AcDbEntity
  8
PDF2_Geometría
370
    -3
100
AcDbPolyline
 90
        2
 70
     0
 43
0.0
 10
-1234.554005011057
 20
-2547.714939805403
 10
-1234.554005011057
 20
-2535.903409212884
  0
LWPOLYLINE
  5
A1F5
330
70
100
AcDbEntity
  8
PDF2_Geometría
370
    -3
100
AcDbPolyline
 90
        2
 70
     0
 43
0.0
 10
-1450.026253739615
 20
-2547.714939805403
 10
-1450.026253739615
 20
-2535.903409212884
  0
LWPOLYLINE
  5
A22F
330
70
100
AcDbEntity
  8
PDF2_Geometría
370
    -3
100
AcDbPolyline
 90
        2
 70
     0
 43
0.0
 10
659.0850041114268
 20
-2678.057635592774
 10
-1142.491075998553
 20
-2678.057635592773
  0
LWPOLYLINE
  5
A230
330
70
100
AcDbEntity
  8
PDF2_Geometría
370
    -3
100
AcDbPolyline
 90
        2
 70
     0
 43
0.0
 10
270.7008853124844
 20
-2541.809174509144
 10
350.6332336424889
 20
-2541.809174509144
  0
LWPOLYLINE
  5
A231
330
70
100
AcDbEntity
  8
PDF2_Geometría
370
    -3
100
AcDbPolyline
 90
        2
 70
     0
 43
0.0
 10
166.3189912572907
 20
-2541.809174509144
 10
1557.065629776601
 20
-2541.809174509144
  0
LWPOLYLINE
  5
A233
330
70
100
AcDbEntity
  8
PDF2_Geometría
370
    -3
100
AcDbPolyline
 90
        2
 70
     0
 43
0.0
 10
-1317.954796724527
 20
-2814.306096676402
 10
-1054.068298693969
 20
-2814.306096676401
  0
LWPOLYLINE
  5
A234
330
70
100
AcDbEntity
  8
PDF2_Geometría
370
    -3
100
AcDbPolyline
 90
        2
 70
     0
 43
0.0
 10
-1188.452170438742
 20
-2678.057635592772
 10
-1704.847769540332
 20
-2678.057635592772
  0
LWPOLYLINE
  5
A235
330
70
100
AcDbEntity
  8
PDF2_Geometría
370
    -3
100
AcDbPolyline
 90
        2
 70
     0
 43
0.0
 10
-947.3252565123472
 20
-2541.809174509144
 10
166.3189912572907
 20
-2541.809174509144
  0
MTEXT
  5
AA44
330
70
100
AcDbEntity
  8
CV5
100
AcDbMText
 10
730.3919851411958
 20
-2708.064186284748
 30
0.0
 40
12.61003333068993
 41
0.0
 46
0.0
 71
     7
 72
     5
  1
A1AT
  7
PDF Arial
 73
     1
 44
1.0
  0
LINE
  5
AA71
330
70
100
AcDbEntity
  8
CV5
100
AcDbLine
 10
507.7917245243465
 20
-2678.057635592774
 30
0.0
 11
864.1987978682751
 21
-2678.057635592774
 31
0.0
  0
LINE
  5
AA72
330
70
100
AcDbEntity
  8
CV1
100
AcDbLine
 10
-337.9820615393082
 20
-2405.560713425514
 30
0.0
 11
158.9575584392087
 21
-2405.560713425514
 31
0.0
  0
LINE
  5
AA73
330
70
100
AcDbEntity
  8
CV1
100
AcDbLine
 10
-494.2677377679533
 20
-2541.809174509144
 30
0.0
 11
90.62147449323219
 21
-2541.809174509144
 31
0.0
  0
LINE
  5
AA74
330
70
100
AcDbEntity
  8
CV1
100
AcDbLine
 10
20.12507620193401
 20
-2405.560713425514
 30
0.0
 11
-233.5430209933371
 21
-2541.809174509144
 31
0.0
  0
LINE
  5
AA75
330
70
100
AcDbEntity
  8
CV1
100
AcDbLine
 10
-434.026888846325
 20
-2609.898842163837
 30
0.0
 11
-307.4461333529894
 21
-2541.809174509144
 31
0.0
  0
LINE
  5
AA77
330
70
100
AcDbEntity
  8
CV3
100
AcDbLine
 10
-1013.411209106235
 20
-2814.306096676402
 30
0.0
 11
-562.9346114314416
 21
-2814.306096676403
 31
0.0
  0
LINE
  5
AA78
330
70
100
AcDbEntity
  8
CV3
100
AcDbLine
 10
-641.0341228824711
 20
-2678.057635592773
 30
0.0
 11
-894.6379251127977
 21
-2814.306096676403
 31
0.0
  0
LINE
  5
AA79
330
70
100
AcDbEntity
  8
CV3
100
AcDbLine
 10
-949.9967895159057
 20
-2678.057635592773
 30
0.0
 11
-365.2104431147541
 21
-2677.953738516553
 31
0.0
  0
LINE
  5
AA7A
330
70
100
AcDbEntity
  8
CV3
100
AcDbLine
 10
-560.9212694755278
 20
-2677.988509818531
 30
0.0
 11
-434.026888846325
 21
-2609.898842163837
 31
0.0
  0
LINE
  5
AA7B
330
70
100
AcDbEntity
  8
CV2
100
AcDbLine
 10
-365.2104431147541
 20
-2678.057635592773
 30
0.0
 11
507.7917245243465
 21
-2677.953738516554
 31
0.0
  0
LINE
  5
AA7C
330
70
100
AcDbEntity
  8
CV6
100
AcDbLine
 10
-1234.554005011057
 20
-2541.809174509144
 30
0.0
 11
-494.2677377679533
 21
-2541.809174509144
 31
0.0
  0
LINE
  5
AA7D
330
70
100
AcDbEntity
  8
CV7
100
AcDbLine
 10
-1450.026253739615
 20
-2541.809174509143
 30
0.0
 11
-1234.554005011057
 21
-2541.809174509144
 31
0.0
  0
MTEXT
  5
AA80
330
70
100
AcDbEntity
  8
ASR ASC
 62
     1
100
AcDbMText
 10
403.7079559682032
 20
-2701.336817720247
 30
0.0
 40
12.61
 41
0.0
 46
0.0
 71
     7
 72
     5
  1
1A-ASR
  7
PDF Arial
 73
     1
 44
1.0
  0
MTEXT
  5
AA82
330
70
100
AcDbEntity
  8
ASR ASC
 62
     1
100
AcDbMText
 10
77.83976736059412
 20
-2429.161252117133
 30
0.0
 40
12.61
 41
0.0
 46
0.0
 71
     7
 72
     5
  1
5A-ASR
  7
PDF Arial
 73
     1
 44
1.0
  0
LINE
  5
AA88
330
70
100
AcDbEntity
  8
ASR ASC
100
AcDbLine
 10
-894.6379251127977
 20
-2814.306096676403
 30
0.0
 11
-1013.411209106235
 21
-2814.306096676402
 31
0.0
  0
HATCH
  5
AA8C
330
70
100
AcDbEntity
  8
ASR ASC
100
AcDbHatch
 10
0.0
 20
0.0
 30
0.0
210
0.0
220
0.0
230
1.0
  2
SOLID
 70
     1
 71
     0
 91
        2
 92
        7
 72
     0
 73
     1
 93
        3
 10
-1007.601771847961
 20
-2817.660176841306
 10
-1007.601771847961
 20
-2814.355528146505
 10
-1013.325591288523
 20
-2814.355528146505
 97
        0
 92
        7
 72
     0
 73
     1
 93
        3
 10
-1013.411209106235
 20
-2814.306096676402
 10
-1007.601771847961
 20
-2814.306096676402
 10
-1007.601771847961
 20
-2810.952016511497
 97
        0
 75
     1
 76
     1
 47
0.0953676286497374
 98
        2
 10
-1009.701180697514
 20
-2814.741948378286
 10
-1009.414748719414
 20
-2812.929971174425
450
        0
451
        0
460
0.0
461
0.0
452
        0
462
0.0
453
        2
463
0.0
 63
     5
421
      255
463
1.0
 63
     2
421
 16776960
470
LINEAR
1001
GradientColor1ACI
1070
     5
1001
GradientColor2ACI
1070
     2
1001
ACAD
1010
0.0
1020
0.0
1030
0.0
  0
LINE
  5
AA8D
330
70
100
AcDbEntity
  8
ASR ASC
100
AcDbLine
 10
-1007.601771847961
 20
-2810.952016511497
 30
0.0
 11
-1007.601771847961
 21
-2817.660176841306
 31
0.0
  0
LINE
  5
AA8E
330
70
100
AcDbEntity
  8
ASR ASC
100
AcDbLine
 10
-1013.411209106235
 20
-2814.306096676402
 30
0.0
 11
-1007.601771847961
 21
-2817.660176841306
 31
0.0
  0
LINE
  5
AA8F
330
70
100
AcDbEntity
  8
ASR ASC
100
AcDbLine
 10
-1013.411209106235
 20
-2814.306096676402
 30
0.0
 11
-1007.601771847961
 21
-2810.952016511497
 31
0.0
  0
HATCH
  5
AA90
330
70
100
AcDbEntity
  8
ASR ASC
 62
     1
100
AcDbHatch
 10
0.0
 20
0.0
 30
0.0
210
0.0
220
0.0
230
1.0
  2
SOLID
 70
     1
 71
     0
 91
        3
 92
        7
 72
     1
 73
     1
 93
        3
 10
157.6361837139559
 20
-2406.270621050112
 42
0.7795523027126399
 10
160.4575584392087
 20
-2405.560713425514
 42
0.0
 10
158.9575584392087
 20
-2405.560713425514
 42
0.0
 97
        0
 92
        7
 72
     1
 73
     1
 93
        3
 10
157.6361837139559
 20
-2406.270621050112
 42
0.0
 10
158.9575584392091
 20
-2405.560713425513
 42
0.0
 10
157.4575584392087
 20
-2405.560713425513
 42
0.1238781782088688
 97
        0
 92
        7
 72
     1
 73
     1
 93
        6
 10
157.4575584392087
 20
-2405.560713425513
 42
0.0
 10
158.9575584392091
 20
-2405.560713425513
 42
0.0
 10
160.4575584392087
 20
-2405.560713425514
 42
0.3807755509058867
 10
159.1304208392098
 20
-2404.070707187048
 42
0.0
 10
159.1304208392098
 20
-2404.177814225513
 42
0.0
 10
158.3765336526125
 20
-2404.177814225513
 42
0.3019668399784898
 97
        0
 75
     1
 76
     1
 47
0.0111526660545882
 98
        3
 10
159.1022679220968
 20
-2406.222040386472
 10
158.1643619287697
 20
-2405.764775373472
 10
158.7338094576389
 20
-2404.839101652807
450
        0
451
        0
460
0.0
461
0.0
452
        0
462
0.0
453
        2
463
0.0
 63
     5
421
      255
463
1.0
 63
     2
421
 16776960
470
LINEAR
1001
GradientColor1ACI
1070
     5
1001
GradientColor2ACI
1070
     2
1001
ACAD
1010
0.0
1020
0.0
1030
0.0
  0
CIRCLE
  5
AA95
330
70
100
AcDbEntity
  8
ASR ASC
 62
     1
100
AcDbCircle
 10
158.9575584392087
 20
-2405.560713425514
 30
0.0
 40
1.5
  0
HATCH
  5
AA9B
330
70
100
AcDbEntity
  8
ASR ASC
 62
     1
100
AcDbHatch
 10
0.0
 20
0.0
 30
0.0
210
0.0
220
0.0
230
1.0
  2
SOLID
 70
     1
 71
     0
 91
        2
 92
        7
 72
     0
 73
     1
 93
        3
 10
-434.2480344681532
 20
-2609.933405050958
 10
-429.3334263939382
 20
-2609.933405050958
 10
-430.4964996530538
 20
-2607.918903073245
 97
        0
 92
        7
 72
     0
 73
     1
 93
        3
 10
-434.2480344681532
 20
-2609.933405050958
 10
-430.4964996530538
 20
-2607.918903073245
 10
-431.7907304310456
 20
-2605.677229609043
 97
        0
 75
     1
 76
     1
 47
0.0280572226518056
 98
        2
 10
-430.7521369365028
 20
-2609.232406142318
 10
-431.8476498132411
 20
-2607.380622914046
450
        0
451
        0
460
0.0
461
0.0
452
        0
462
0.0
453
        2
463
0.0
 63
     5
421
      255
463
1.0
 63
     2
421
 16776960
470
LINEAR
1001
GradientColor1ACI
1070
     5
1001
GradientColor2ACI
1070
     2
1001
ACAD
1010
0.0
1020
0.0
1030
0.0
  0
LINE
  5
AA9C
330
70
100
AcDbEntity
  8
ASR ASC
 62
     1
100
AcDbLine
 10
-307.4461333529894
 20
-2541.809174509144
 30
0.0
 11
-434.248034468153
 21
-2609.933405050958
 31
0.0
  0
LINE
  5
AA9D
330
70
100
AcDbEntity
  8
ASR ASC
 62
     1
100
AcDbLine
 10
-434.2480344681532
 20
-2609.933405050958
 30
0.0
 11
-431.7907304310456
 21
-2605.677229609043
 31
0.0
  0
LINE
  5
AA9E
330
70
100
AcDbEntity
  8
ASR ASC
 62
     1
100
AcDbLine
 10
-431.7907304310456
 20
-2605.677229609043
 30
0.0
 11
-429.3334263939382
 21
-2609.933405050958
 31
0.0
  0
LINE
  5
AA9F
330
70
100
AcDbEntity
  8
ASR ASC
 62
     1
100
AcDbLine
 10
-434.2480344681532
 20
-2609.933405050958
 30
0.0
 11
-429.3334263939382
 21
-2609.933405050958
 31
0.0
  0
HATCH
  5
AAA0
330
70
100
AcDbEntity
  8
ASR ASC
100
AcDbHatch
 10
0.0
 20
0.0
 30
0.0
210
0.0
220
0.0
230
1.0
  2
SOLID
 70
     1
 71
     0
 91
        3
 92
        7
 72
     1
 73
     1
 93
        3
 10
-432.9266597429004
 20
-2609.22349742636
 42
0.7795523027126399
 10
-435.7480344681532
 20
-2609.933405050958
 42
0.0
 10
-434.2480344681532
 20
-2609.933405050958
 42
0.0
 97
        0
 92
        7
 72
     1
 73
     1
 93
        3
 10
-432.9266597429004
 20
-2609.22349742636
 42
0.0
 10
-434.2480344681537
 20
-2609.933405050958
 42
0.0
 10
-432.7480344681532
 20
-2609.933405050958
 42
0.1238781782088688
 97
        0
 92
        7
 72
     1
 73
     1
 93
        6
 10
-432.7480344681532
 20
-2609.933405050958
 42
0.0
 10
-434.2480344681537
 20
-2609.933405050958
 42
0.0
 10
-435.7480344681532
 20
-2609.933405050958
 42
0.3807755509058867
 10
-434.4208968681543
 20
-2611.423411289424
 42
0.0
 10
-434.4208968681543
 20
-2611.316304250959
 42
0.0
 10
-433.6670096815571
 20
-2611.316304250959
 42
0.3019668399784898
 97
        0
 75
     1
 76
     1
 47
0.0111526660545882
 98
        3
 10
-434.3927439510414
 20
-2609.27207809
 10
-433.4548379577142
 20
-2609.729343102999
 10
-434.0242854865834
 20
-2610.655016823665
450
        0
451
        0
460
0.0
461
0.0
452
        0
462
0.0
453
        2
463
0.0
 63
     5
421
      255
463
1.0
 63
     2
421
 16776960
470
LINEAR
1001
GradientColor1ACI
1070
     5
1001
GradientColor2ACI
1070
     2
1001
ACAD
1010
0.0
1020
0.0
1030
0.0
  0
CIRCLE
  5
AAA1
330
70
100
AcDbEntity
  8
ASR ASC
100
AcDbCircle
 10
-434.2480344681532
 20
-2609.933405050958
 30
0.0
 40
1.5
  0
LINE
  5
AAA3
330
70
100
AcDbEntity
  8
ASR ASC
100
AcDbLine
 10
-473.1544380956913
 20
-2675.272543837563
 30
0.0
 11
-473.1544380956913
 21
-2680.892156463801
 31
0.0
  0
CIRCLE
  5
AAA8
330
70
100
AcDbEntity
  8
ASR ASC
 62
     1
100
AcDbCircle
 10
507.7917245243465
 20
-2678.057635592774
 30
0.0
 40
1.5
  0
LINE
  5
AAA9
330
70
100
AcDbEntity
  8
ASR ASC
 62
     1
100
AcDbLine
 10
465.2788301255082
 20
-2674.654123957767
 30
0.0
 11
465.2788301255082
 21
-2681.362284287575
 31
0.0
  0
HATCH
  5
AAAA
330
70
100
AcDbEntity
  8
ASR ASC
 62
     1
100
AcDbHatch
 10
0.0
 20
0.0
 30
0.0
210
0.0
220
0.0
230
1.0
  2
SOLID
 70
     1
 71
     0
 91
        3
 92
        1
 93
        1
 72
     2
 10
507.7917245243465
 20
-2677.953738516554
 40
1.5
 50
0.0
 51
360.0
 73
     1
 97
        0
 92
        1
 93
        3
 72
     1
 10
465.2788301255082
 20
-2681.411715757678
 11
465.2788301255082
 21
-2678.057635592774
 72
     1
 10
465.2788301255082
 20
-2678.057635592774
 11
459.469392867235
 21
-2678.057635592774
 72
     1
 10
459.469392867235
 20
-2678.057635592774
 11
465.2788301255082
 21
-2681.411715757678
 97
        0
 92
        1
 93
        3
 72
     1
 10
459.469392867235
 20
-2678.057635592774
 11
465.2788301255082
 21
-2678.057635592774
 72
     1
 10
465.2788301255082
 20
-2678.057635592774
 11
465.2788301255082
 21
-2674.703555427869
 72
     1
 10
465.2788301255082
 20
-2674.703555427869
 11
459.469392867235
 21
-2678.057635592774
 97
        0
 75
     1
 76
     1
 98
        3
 10
489.4796253234881
 20
-2678.829999451818
 10
464.2613019499631
 20
-2679.142453486929
 10
464.5136573853405
 20
-2676.537769017695
450
        0
451
        0
460
0.0
461
0.0
452
        0
462
0.0
453
        2
463
0.0
 63
     5
421
      255
463
1.0
 63
     2
421
 16776960
470
LINEAR
1001
GradientColor1ACI
1070
     5
1001
GradientColor2ACI
1070
     2
1001
ACAD
1010
0.0
1020
0.0
1030
0.0
  0
LWPOLYLINE
  5
AAAB
330
70
100
AcDbEntity
  8
ASR ASC
 62
     1
100
AcDbPolyline
 90
        6
 70
     1
 43
0.0
 10
459.5617384854704
 20
-2678.057635592774
 10
509.2917245243466
 20
-2678.057635592774
 10
459.5617384854704
 20
-2678.057635592774
 10
465.3711757437435
 20
-2674.703555427869
 10
459.5617384854704
 20
-2678.057635592774
 10
465.3711757437435
 20
-2681.411715757678
  0
MTEXT
  5
AAD5
330
70
100
AcDbEntity
  8
ASR ASC
100
AcDbMText
 10
-852.7791266495478
 20
-2666.414998498058
 30
0.0
 40
12.61
 41
0.0
 46
6.024073674675
 71
     7
 72
     5
  1
13TA
  7
PDF Arial
 73
     1
 44
1.0
  0
LWPOLYLINE
  5
ABF9
330
70
100
AcDbEntity
  8
PDF2_Geometría
370
    -3
100
AcDbPolyline
 90
        2
 70
     0
 43
0.0
 10
-1272.553234143359
 20
-2541.809174509144
 10
-947.3252565123472
 20
-2541.809174509144
  0
MTEXT
  5
AC31
330
70
100
AcDbEntity
  8
0
100
AcDbMText
 10
407.6241590557883
 20
-2036.461088669357
 30
0.0
 40
12.6110442602791
 41
216.7620309536088
 46
0.0
 71
     4
 72
     5
  1
JUNTA
 11
-0.0000000000000044
 21
-1.0
 31
0.0
 73
     1
 44
1.0
101
Embedded Object
 70
     4
 10
-0.0000000000000044
 20
-1.0
 30
0.0
 11
407.6241590557883
 21
-2036.461088669357
 31
0.0
 40
216.7620309536088
 41
0.0
 42
58.85153988130248
 43
12.61104426027911
 71
     2
 72
     1
 44
216.7620309536088
 45
26.27300887558147
 73
     0
 74
     0
 46
0.0
  0
MTEXT
  5
AC32
330
70
100
AcDbEntity
  8
PDF2_Texto
100
AcDbMText
 10
-846.3695205109807
 20
-2537.118894707198
 30
0.0
 40
12.61003333068995
 41
0.0
 46
0.0
 71
     7
 72
     5
  1
4DT
  7
PDF Arial
 73
     1
 44
1.0
  0
MTEXT
  5
AC33
330
70
100
AcDbEntity
  8
PDF2_Texto
100
AcDbMText
 10
730.3919851411958
 20
-2708.064186284748
 30
0.0
 40
12.61003333068995
 41
0.0
 46
0.0
 71
     7
 72
     5
  1
A1AT
  7
PDF Arial
 73
     1
 44
1.0
  0
MTEXT
  5
AC34
330
70
100
AcDbEntity
  8
PDF2_Texto
100
AcDbMText
 10
199.4372996009974
 20
-2706.80236730449
 30
0.0
 40
12.61003333068995
 41
0.0
 46
0.0
 71
     7
 72
     5
  1
1AT
  7
PDF Arial
 73
     1
 44
1.0
  0
MTEXT
  5
AC37
330
70
100
AcDbEntity
  8
PDF2_Texto
100
AcDbMText
 10
-1320.514352199251
 20
-2562.204534329306
 30
0.0
 40
12.61003333068995
 41
0.0
 46
1.036504509314589
 71
     7
 72
     5
  1
A4DT
  7
PDF Arial
 73
     1
 44
1.0
  0
ACAD_TABLE
  5
AD3C
102
{ACAD_XDICTIONARY
360
D017
102
}
330
70
100
AcDbEntity
  8
PDF2_Texto
160
             23256
310
D85A0000BC010000880000001D000000000000000000F03F0000000000000000000000000000000070379CFC1876AC400000000000000000000000000000F03F00000000000000002483935612E1A2C000000000000000000000000000000000000000000000F03F0000000000000000000000000000000000000000000000
310
000000000000000000000000000000F03F0C00000016000000070000C30C00000017000000FDFFFFFF0C0000001200000000000000D400000026000000AFC180436A146D405486BAD0E5EE34C0000000000000000000000000000000000000000000000000000000000000F03F000000000000F03F00000000000000000000
310
00000000000050004C0041004E0020004400450020004300410042004C0045005300000000000E00000001000000529D14CBDA382940000000000000F03F0000000000000000000000000000F03F000000000000000000000000000000000000000000000000000000000100000000000000000000007400780074002E0073
310
00680078000000000000000C00000016000000070000C30C00000017000000FDFFFFFF0C0000001200000000000000CC0000002600000058DB344348C8414055D2D53B8B7746C0000000000000000000000000000000000000000000000000000000000000F03F000000000000F03F00000000000000000000000000000000
310
440065007300630072006900700063006900F3006E0000000B00000001000000FD754F18A4EA2240000000000000F03F0000000000000000000000000000F03F000000000000000000000000000000000000000000000000000000000100000000000000000000007400780074002E007300680078000000000000000C0000
310
0016000000070000C30C00000017000000FDFFFFFF0C0000001200000000000000C40000002600000051C1E023DCEE6A4055D2D53B8B7746C0000000000000000000000000000000000000000000000000000000000000F03F000000000000F03F00000000000000000000000000000000450071007500690070006F000000
310
00000600000001000000FD754F18A4EA2240000000000000F03F0000000000000000000000000000F03F000000000000000000000000000000000000000000000000000000000100000000000000000000007400780074002E007300680078000000000015570C00000016000000070000C30C00000017000000FDFFFFFF0C
310
0000001200000000000000C0000000260000006ACD2522FEAC774040772E12524147C0000000000000000000000000000000000000000000000000000000000000F03F000000000000F03F000000000000000000000000000000004300610062006C00650000000500000001000000FD754F18A4EA2240000000000000F03F
310
0000000000000000000000000000F03F000000000000000000000000000000000000000000000000000000000100000000000000000000007400780074002E007300680078000000000000000C00000016000000070000C30C00000017000000FDFFFFFF0C0000001200000000000000D000000026000000B674E764ABB77F
310
403F772E12524147C0000000000000000000000000000000000000000000000000000000000000F03F000000000000F03F00000000000000000000000000000000440069007300740061006E0063006900610020005B006D005D0000000D00000001000000FD754F18A4EA2240000000000000F03F00000000000000000000
310
00000000F03F000000000000000000000000000000000000000000000000000000000100000000000000000000007400780074002E007300680078000000000000000C00000016000000070000C30C00000017000000FDFFFFFF0C0000001200000000000000BC00000026000000C0836957AF8F5140806C8C59C1BA50C000
310
0000000000000000000000000000000000000000000000000000000000F03F000000000000F03F0000000000000000000000000000000031003100410000000300000001000000FD754F18A4EA2240000000000000F03F0000000000000000000000000000F03F000000000000000000000000000000000000000000000000
310
000000000100000000000000000000007400780074002E007300680078000000000000000C00000016000000070000C30C00000017000000FDFFFFFF0C0000001200000000000000BC00000026000000ECE1FB1AF84F6C40806C8C59C1BA50C0000000000000000000000000000000000000000000000000000000000000F0
310
3F000000000000F03F000000000000000000000000000000004D006400430000000300000001000000FD754F18A4EA2240000000000000F03F0000000000000000000000000000F03F000000000000000000000000000000000000000000000000000000000100000000000000000000007400780074002E00730068007800
310
0000000000000C00000016000000070000C30C00000017000000FDFFFFFF0C0000001200000000000000C0000000260000000BD0785262DA7540806C8C59C1BA50C0000000000000000000000000000000000000000000000000000000000000F03F000000000000F03F000000000000000000000000000000003300780031
310
003000200000000500000001000000FD754F18A4EA2240000000000000F03F0000000000000000000000000000F03F000000000000000000000000000000000000000000000000000000000100000000000000000000007400780074002E00730068007800000000000000C400000026000000A2FCE36561837840806C8C59
310
C1BA50C0000000000000000000000000000000000000000000000000000000000000F03F000000000000F03F000000000000000000000000000000002B0020003700780031002C00350000000700000001000000FD754F18A4EA2240000000000000F03F0000000000000000000000000000F03F0000000000000000000000
310
00000000000000000000000000000000000100000000000000000000007400780074002E007300680078000000000015570C00000016000000070000C30C00000017000000FDFFFFFF0C0000001200000000000000BC0000002600000093CD1A043D238340806C8C59C1BA50C0000000000000000000000000000000000000
310
000000000000000000000000F03F000000000000F03F0000000000000000000000000000000034003000300000000300000001000000FD754F18A4EA2240000000000000F03F0000000000000000000000000000F03F0000000000000000000000000000000000000000000000000000000001000000000000000000630074
310
00780074002E007300680078000000000069000C00000016000000070000C30C00000017000000FDFFFFFF0C0000001200000000000000BC00000026000000C0836957AF8F5140A095BBCA0FFE56C0000000000000000000000000000000000000000000000000000000000000F03F000000000000F03F0000000000000000
310
000000000000000031003100420000000300000001000000FD754F18A4EA2240000000000000F03F0000000000000000000000000000F03F000000000000000000000000000000000000000000000000000000000100000000000000000000007400780074002E00730068007800000000001C570C00000016000000070000
310
C30C00000017000000FDFFFFFF0C0000001200000000000000BC00000026000000ECE1FB1AF84F6C40A095BBCA0FFE56C0000000000000000000000000000000000000000000000000000000000000F03F000000000000F03F000000000000000000000000000000004D006400430000000300000001000000FD754F18A4EA
310
2240000000000000F03F0000000000000000000000000000F03F000000000000000000000000000000000000000000000000000000000100000000000000000000007400780074002E007300680078000000000000000C00000016000000070000C30C00000017000000FDFFFFFF0C0000001200000000000000C000000026
310
0000000BD0785262DA7540A095BBCA0FFE56C0000000000000000000000000000000000000000000000000000000000000F03F000000000000F03F000000000000000000000000000000003300780031003000000000000400000001000000FD754F18A4EA2240000000000000F03F0000000000000000000000000000F03F
310
000000000000000000000000000000000000000000000000000000000100000000000000000000007400780074002E0073006800780000000000F03FC800000026000000F38021450CEC7740A095BBCA0FFE56C0000000000000000000000000000000000000000000000000000000000000F03F000000000000F03F000000
310
0000000000000000000000000020002B0020003700780031002C003500000000000800000001000000FD754F18A4EA2240000000000000F03F0000000000000000000000000000F03F000000000000000000000000000000000000000000000000000000000100000000000000000000007400780074002E00730068007800
310
0000000000000C00000016000000070000C30C00000017000000FDFFFFFF0C0000001200000000000000BC000000260000004443B596A0168340A095BBCA0FFE56C0000000000000000000000000000000000000000000000000000000000000F03F000000000000F03F000000000000000000000000000000003400350030
310
0000000300000001000000FD754F18A4EA2240000000000000F03F0000000000000000000000000000F03F000000000000000000000000000000000000000000000000000000000100000000000000000062007400780074002E007300680078000000000069000C00000016000000070000C30C00000017000000FDFFFFFF
310
0C0000001200000000000000BC000000260000004B313DECCB2A5140C0BEEA3B5E415DC0000000000000000000000000000000000000000000000000000000000000F03F000000000000F03F0000000000000000000000000000000031003200410000000300000001000000FD754F18A4EA2240000000000000F03F000000
310
0000000000000000000000F03F000000000000000000000000000000000000000000000000000000000100000000000000000000007400780074002E007300680078000000000000000C00000016000000070000C30C00000017000000FDFFFFFF0C0000001200000000000000BC00000026000000ECE1FB1AF84F6C40C0BE
310
EA3B5E415DC0000000000000000000000000000000000000000000000000000000000000F03F000000000000F03F000000000000000000000000000000004D006400430000000300000001000000FD754F18A4EA2240000000000000F03F0000000000000000000000000000F03F0000000000000000000000000000000000
310
00000000000000000000000100000000000000000000007400780074002E007300680078000000000000000C00000016000000070000C30C00000017000000FDFFFFFF0C0000001200000000000000C0000000260000000BD0785262DA7540C0BEEA3B5E415DC0000000000000000000000000000000000000000000000000
310
000000000000F03F000000000000F03F000000000000000000000000000000003300780031003000000000000400000001000000FD754F18A4EA2240000000000000F03F0000000000000000000000000000F03F00000000000000000000000000000000000000000000000000000000010000000000000000000000740078
310
0074002E00730068007800000000000000C800000026000000F38021450CEC7740C0BEEA3B5E415DC0000000000000000000000000000000000000000000000000000000000000F03F000000000000F03F0000000000000000000000000000000020002B0020003700780031002C003500000000000800000001000000FD75
310
4F18A4EA2240000000000000F03F0000000000000000000000000000F03F000000000000000000000000000000000000000000000000000000000100000000000000000000007400780074002E007300680078000000000000000C00000016000000070000C30C00000017000000FDFFFFFF0C0000001200000000000000BC
310
000000260000004443B596A0168340C0BEEA3B5E415DC0000000000000000000000000000000000000000000000000000000000000F03F000000000000F03F0000000000000000000000000000000034003500300000000300000001000000FD754F18A4EA2240000000000000F03F0000000000000000000000000000F03F
310
000000000000000000000000000000000000000000000000000000000100000000000000000000007400780074002E007300680078000000000000000C00000016000000070000C30C00000017000000FDFFFFFF0C0000001200000000000000BC000000260000004B313DECCB2A5140F0F38C5656C261C000000000000000
310
0000000000000000000000000000000000000000000000F03F000000000000F03F0000000000000000000000000000000031003200420000000300000001000000FD754F18A4EA2240000000000000F03F0000000000000000000000000000F03F000000000000000000000000000000000000000000000000000000000100
310
000000000000000064007400780074002E007300680078000000000064000C00000016000000070000C30C00000017000000FDFFFFFF0C0000001200000000000000BC00000026000000ECE1FB1AF84F6C40F0F38C5656C261C0000000000000000000000000000000000000000000000000000000000000F03F0000000000
310
00F03F000000000000000000000000000000004D006400430000000300000001000000FD754F18A4EA2240000000000000F03F0000000000000000000000000000F03F000000000000000000000000000000000000000000000000000000000100000000000000000000007400780074002E00730068007800000000000000
310
0C00000016000000070000C30C00000017000000FDFFFFFF0C0000001200000000000000C0000000260000000BD0785262DA7540F0F38C5656C261C0000000000000000000000000000000000000000000000000000000000000F03F000000000000F03F000000000000000000000000000000003300780031003000000000
310
000400000001000000FD754F18A4EA2240000000000000F03F0000000000000000000000000000F03F000000000000000000000000000000000000000000000000000000000100000000000000000000007400780074002E00730068007800000000000000C800000026000000F38021450CEC7740F0F38C5656C261C00000
310
00000000000000000000000000000000000000000000000000000000F03F000000000000F03F0000000000000000000000000000000020002B0020003700780031002C003500000000000800000001000000FD754F18A4EA2240000000000000F03F0000000000000000000000000000F03F00000000000000000000000000
310
0000000000000000000000000000000100000000000000000000007400780074002E007300680078000000000000000C00000016000000070000C30C00000017000000FDFFFFFF0C0000001200000000000000BC0000002600000093CD1A043D238340F0F38C5656C261C00000000000000000000000000000000000000000
310
00000000000000000000F03F000000000000F03F0000000000000000000000000000000035003000300000000300000001000000FD754F18A4EA2240000000000000F03F0000000000000000000000000000F03F00000000000000000000000000000000000000000000000000000000010000000000000000000000740078
310
0074002E007300680078000000000000000C00000016000000070000C30C00000017000000FDFFFFFF0C0000001200000000000000BC000000260000004B313DECCB2A51408088248FFDE364C0000000000000000000000000000000000000000000000000000000000000F03F000000000000F03F00000000000000000000
310
00000000000031003300410000000300000001000000FD754F18A4EA2240000000000000F03F0000000000000000000000000000F03F000000000000000000000000000000000000000000000000000000000100000000000000000000007400780074002E007300680078000000000000000C00000016000000070000C30C
310
00000017000000FDFFFFFF0C0000001200000000000000BC00000026000000ECE1FB1AF84F6C408088248FFDE364C0000000000000000000000000000000000000000000000000000000000000F03F000000000000F03F000000000000000000000000000000004D006400430000000300000001000000FD754F18A4EA2240
310
000000000000F03F0000000000000000000000000000F03F000000000000000000000000000000000000000000000000000000000100000000000000000000007400780074002E007300680078000000000000000C00000016000000070000C30C00000017000000FDFFFFFF0C0000001200000000000000C0000000260000
310
000BD0785262DA75408088248FFDE364C0000000000000000000000000000000000000000000000000000000000000F03F000000000000F03F000000000000000000000000000000003300780031003000000075000400000001000000FD754F18A4EA2240000000000000F03F0000000000000000000000000000F03F0000
310
000000000000000000000000000000000000000000000000000001000000000000000000ED007400780074002E00730068007800000000000000C800000026000000F38021450CEC77408088248FFDE364C0000000000000000000000000000000000000000000000000000000000000F03F000000000000F03F0000000000
310
000000000000000000000020002B0020003700780031002C003500000000000800000001000000FD754F18A4EA2240000000000000F03F0000000000000000000000000000F03F000000000000000000000000000000000000000000000000000000000100000000000000000000007400780074002E007300680078000000
310
000000000C00000016000000070000C30C00000017000000FDFFFFFF0C0000001200000000000000BC0000002600000093CD1A043D2383408088248FFDE364C0000000000000000000000000000000000000000000000000000000000000F03F000000000000F03F0000000000000000000000000000000035003000300000
310
000300000001000000FD754F18A4EA2240000000000000F03F0000000000000000000000000000F03F000000000000000000000000000000000000000000000000000000000100000000000000000000007400780074002E00730068007800000000001C570C00000016000000070000C30C00000017000000FDFFFFFF0C00
310
00001200000000000000BC000000260000004B313DECCB2A5140101DBCC7A40568C0000000000000000000000000000000000000000000000000000000000000F03F000000000000F03F0000000000000000000000000000000031003300420000000300000001000000FD754F18A4EA2240000000000000F03F0000000000
310
000000000000000000F03F000000000000000000000000000000000000000000000000000000000100000000000000000000007400780074002E007300680078000000000000000C00000016000000070000C30C00000017000000FDFFFFFF0C0000001200000000000000BC00000026000000ECE1FB1AF84F6C40101DBCC7
310
A40568C0000000000000000000000000000000000000000000000000000000000000F03F000000000000F03F000000000000000000000000000000004D006400430000000300000001000000FD754F18A4EA2240000000000000F03F0000000000000000000000000000F03F00000000000000000000000000000000000000
310
0000000000000000000100000000000000000000007400780074002E007300680078000000000000000C00000016000000070000C30C00000017000000FDFFFFFF0C0000001200000000000000C0000000260000000BD0785262DA7540101DBCC7A40568C00000000000000000000000000000000000000000000000000000
310
00000000F03F000000000000F03F000000000000000000000000000000003300780031003000000075000400000001000000FD754F18A4EA2240000000000000F03F0000000000000000000000000000F03F0000000000000000000000000000000000000000000000000000000001000000000000000000ED007400780074
310
002E00730068007800000000000000C800000026000000F38021450CEC7740101DBCC7A40568C0000000000000000000000000000000000000000000000000000000000000F03F000000000000F03F0000000000000000000000000000000020002B0020003700780031002C003500000000000800000001000000FD754F18
310
A4EA2240000000000000F03F0000000000000000000000000000F03F000000000000000000000000000000000000000000000000000000000100000000000000000000007400780074002E007300680078000000000000000C00000016000000070000C30C00000017000000FDFFFFFF0C0000001200000000000000BC0000
310
002600000093CD1A043D238340101DBCC7A40568C0000000000000000000000000000000000000000000000000000000000000F03F000000000000F03F0000000000000000000000000000000036003000300000000300000001000000FD754F18A4EA2240000000000000F03F0000000000000000000000000000F03F0000
310
00000000000000000000000000000000000000000000000000000100000000000000000000007400780074002E007300680078000000000000000C00000016000000070000C30C00000017000000FDFFFFFF0C0000001200000000000000BC000000260000004B313DECCB2A5140A0B153004C276BC0000000000000000000
310
000000000000000000000000000000000000000000F03F000000000000F03F0000000000000000000000000000000041003100410000000300000001000000FD754F18A4EA2240000000000000F03F0000000000000000000000000000F03F0000000000000000000000000000000000000000000000000000000001000000
310
00000000000000007400780074002E007300680078000000000000000C00000016000000070000C30C00000017000000FDFFFFFF0C0000001200000000000000C0000000260000008CEA76D94D216B40A0B153004C276BC0000000000000000000000000000000000000000000000000000000000000F03F000000000000F0
310
3F0000000000000000000000000000000053004500D10041004C0000000500000001000000FD754F18A4EA2240000000000000F03F0000000000000000000000000000F03F000000000000000000000000000000000000000000000000000000000100000000000000000000007400780074002E0073006800780000000000
310
00000C00000016000000070000C30C00000017000000FDFFFFFF0C0000001200000000000000C800000026000000A7EA6BBB8C977640A0B153004C276BC0000000000000000000000000000000000000000000000000000000000000F03F000000000000F03F000000000000000000000000000000003700780031002C0035
310
0020002B002000430000000900000001000000FD754F18A4EA2240000000000000F03F0000000000000000000000000000F03F000000000000000000000000000000000000000000000000000000000100000000000000000000007400780074002E007300680078000000000000000C00000016000000070000C30C000000
310
17000000FDFFFFFF0C0000001200000000000000BC0000002600000093CD1A043D238340A0B153004C276BC0000000000000000000000000000000000000000000000000000000000000F03F000000000000F03F0000000000000000000000000000000039003000300000000300000001000000FD754F18A4EA2240000000
310
000000F03F0000000000000000000000000000F03F000000000000000000000000000000000000000000000000000000000100000000000000000000007400780074002E007300680078000000000000000C00000016000000070000C30C00000017000000FDFFFFFF0C0000001200000000000000BC00000026000000AB28
310
C22D765952403046EB38F3486EC0000000000000000000000000000000000000000000000000000000000000F03F000000000000F03F0000000000000000000000000000000031004100000000000200000001000000FD754F18A4EA2240000000000000F03F0000000000000000000000000000F03F000000000000000000
310
000000000000000000000000000000000000000100000000000000000000007400780074002E007300680078000000000000000C00000016000000070000C30C00000017000000FDFFFFFF0C0000001200000000000000C0000000260000008CEA76D94D216B403046EB38F3486EC000000000000000000000000000000000
310
0000000000000000000000000000F03F000000000000F03F0000000000000000000000000000000053004500D10041004C0000000500000001000000FD754F18A4EA2240000000000000F03F0000000000000000000000000000F03F0000000000000000000000000000000000000000000000000000000001000000000000
310
00000000007400780074002E007300680078000000000000000C00000016000000070000C30C00000017000000FDFFFFFF0C0000001200000000000000C800000026000000A7EA6BBB8C9776403046EB38F3486EC0000000000000000000000000000000000000000000000000000000000000F03F000000000000F03F0000
310
00000000000000000000000000003700780031002C00350020002B002000430000000900000001000000FD754F18A4EA2240000000000000F03F0000000000000000000000000000F03F000000000000000000000000000000000000000000000000000000000100000000000000000000007400780074002E007300680078
310
000000000000000C00000016000000070000C30C00000017000000FDFFFFFF0C0000001200000000000000BC0000002600000093CD1A043D2383403046EB38F3486EC0000000000000000000000000000000000000000000000000000000000000F03F000000000000F03F0000000000000000000000000000000033003000
310
300000000300000001000000FD754F18A4EA2240000000000000F03F0000000000000000000000000000F03F000000000000000000000000000000000000000000000000000000000100000000000000000000007400780074002E007300680078000000000000000C00000016000000070000C30C00000017000000FDFFFF
310
FF0C0000001200000000000000C000000026000000ECCE177F7C2E4F40606DC1384DB570C0000000000000000000000000000000000000000000000000000000000000F03F000000000000F03F000000000000000000000000000000003500410042004600000000000400000001000000FD754F18A4EA2240000000000000
310
F03F0000000000000000000000000000F03F000000000000000000000000000000000000000000000000000000000100000000000000000000007400780074002E007300680078000000000000000C00000016000000070000C30C00000017000000FDFFFFFF0C0000001200000000000000C0000000260000008CEA76D94D
310
216B40606DC1384DB570C0000000000000000000000000000000000000000000000000000000000000F03F000000000000F03F0000000000000000000000000000000053004500D10041004C0000000500000001000000FD754F18A4EA2240000000000000F03F0000000000000000000000000000F03F0000000000000000
310
00000000000000000000000000000000000000000100000000000000000000007400780074002E007300680078000000000000000C00000016000000070000C30C00000017000000FDFFFFFF0C0000001200000000000000CC00000026000000F76EA99A37007640606DC1384DB570C0000000000000000000000000000000
310
000000000000000000000000000000F03F000000000000F03F00000000000000000000000000000000320078003700780031002C00350020002B002000430000000B00000001000000FD754F18A4EA2240000000000000F03F0000000000000000000000000000F03F00000000000000000000000000000000000000000000
310
0000000000000100000000000000000021007400780074002E007300680078000000000000000C00000016000000070000C30C00000017000000FDFFFFFF0C0000001200000000000000BC000000260000004443B596A0168340606DC1384DB570C00000000000000000000000000000000000000000000000000000000000
310
00F03F000000000000F03F0000000000000000000000000000000033003500300000000300000001000000FD754F18A4EA2240000000000000F03F0000000000000000000000000000F03F000000000000000000000000000000000000000000000000000000000100000000000000000000007400780074002E0073006800
310
78000000000000000C00000016000000070000C30C00000017000000FDFFFFFF0C0000001200000000000000C400000026000000AE02FAF57E164840A8370DD5204672C0000000000000000000000000000000000000000000000000000000000000F03F000000000000F03F00000000000000000000000000000000330041
310
0042002F0033004100460000000700000001000000FD754F18A4EA2240000000000000F03F0000000000000000000000000000F03F000000000000000000000000000000000000000000000000000000000100000000000000000000007400780074002E0073006800780000000000281D0C00000016000000070000C30C00
310
000017000000FDFFFFFF0C0000001200000000000000C0000000260000008CEA76D94D216B40A8370DD5204672C0000000000000000000000000000000000000000000000000000000000000F03F000000000000F03F0000000000000000000000000000000053004500D10041004C0000000500000001000000FD754F18A4
310
EA2240000000000000F03F0000000000000000000000000000F03F00000000000000000000000000000000000000000000000000000000010000000000000000004C3F7400780074002E007300680078000000000000000C00000016000000070000C30C00000017000000FDFFFFFF0C0000001200000000000000CC000000
310
26000000F76EA99A37007640A8370DD5204672C0000000000000000000000000000000000000000000000000000000000000F03F000000000000F03F00000000000000000000000000000000320078003700780031002C00350020002B002000430000000B00000001000000FD754F18A4EA2240000000000000F03F000000
310
0000000000000000000000F03F000000000000000000000000000000000000000000000000000000000100000000000000000073007400780074002E007300680078000000000000000C00000016000000070000C30C00000017000000FDFFFFFF0C0000001200000000000000BC000000260000004443B596A0168340A837
310
0DD5204672C0000000000000000000000000000000000000000000000000000000000000F03F000000000000F03F0000000000000000000000000000000034003500300000000300000001000000FD754F18A4EA2240000000000000F03F0000000000000000000000000000F03F0000000000000000000000000000000000
310
00000000000000000000000100000000000000000000007400780074002E007300680078000000000000000C00000016000000070000C30C00000017000000FDFFFFFF0C0000001200000000000000C400000026000000AC02FAF57E164840F0015971F4D673C0000000000000000000000000000000000000000000000000
310
000000000000F03F000000000000F03F000000000000000000000000000000003200440045002F0032004400470000000700000001000000FD754F18A4EA2240000000000000F03F0000000000000000000000000000F03F000000000000000000000000000000000000000000000000000000000100000000000000000000
310
007400780074002E0073006800780000000000431D0C00000016000000070000C30C00000017000000FDFFFFFF0C0000001200000000000000C0000000260000008CEA76D94D216B40F0015971F4D673C0000000000000000000000000000000000000000000000000000000000000F03F000000000000F03F000000000000
310
0000000000000000000053004500D10041004C0000000500000001000000FD754F18A4EA2240000000000000F03F0000000000000000000000000000F03F000000000000000000000000000000000000000000000000000000000100000000000000000000007400780074002E007300680078000000000000000C00000016
310
000000070000C30C00000017000000FDFFFFFF0C0000001200000000000000CC00000026000000F76EA99A37007640F0015971F4D673C0000000000000000000000000000000000000000000000000000000000000F03F000000000000F03F00000000000000000000000000000000320078003700780031002C0035002000
310
2B002000430000000B00000001000000FD754F18A4EA2240000000000000F03F0000000000000000000000000000F03F000000000000000000000000000000000000000000000000000000000100000000000000000000007400780074002E007300680078000000000000000C00000016000000070000C30C000000170000
310
00FDFFFFFF0C0000001200000000000000BC0000002600000093CD1A043D238340F0015971F4D673C0000000000000000000000000000000000000000000000000000000000000F03F000000000000F03F0000000000000000000000000000000035003000300000000300000001000000FD754F18A4EA2240000000000000
310
F03F0000000000000000000000000000F03F000000000000000000000000000000000000000000000000000000000100000000000000000000007400780074002E007300680078000000000000000C00000016000000070000C30C00000017000000FDFFFFFF0C0000001200000000000000C000000026000000ECCE177F7C
310
2E4F4038CCA40DC86775C0000000000000000000000000000000000000000000000000000000000000F03F000000000000F03F000000000000000000000000000000003600440047004500000000000400000001000000FD754F18A4EA2240000000000000F03F0000000000000000000000000000F03F0000000000000000
310
00000000000000000000000000000000000000000100000000000000000000007400780074002E007300680078000000000000000C00000016000000070000C30C00000017000000FDFFFFFF0C0000001200000000000000C0000000260000008CEA76D94D216B4038CCA40DC86775C0000000000000000000000000000000
310
000000000000000000000000000000F03F000000000000F03F0000000000000000000000000000000053004500D10041004C0000000500000001000000FD754F18A4EA2240000000000000F03F0000000000000000000000000000F03F00000000000000000000000000000000000000000000000000000000010000000000
310
0000000000007400780074002E007300680078000000000000000C00000016000000070000C30C00000017000000FDFFFFFF0C0000001200000000000000CC00000026000000F76EA99A3700764038CCA40DC86775C0000000000000000000000000000000000000000000000000000000000000F03F000000000000F03F00
310
000000000000000000000000000000320078003700780031002C00350020002B002000430000000B00000001000000FD754F18A4EA2240000000000000F03F0000000000000000000000000000F03F000000000000000000000000000000000000000000000000000000000100000000000000000063007400780074002E00
310
7300680078000000000038000C00000016000000070000C30C00000017000000FDFFFFFF0C0000001200000000000000BC0000002600000093CD1A043D23834038CCA40DC86775C0000000000000000000000000000000000000000000000000000000000000F03F000000000000F03F000000000000000000000000000000
310
0036003000300000000300000001000000FD754F18A4EA2240000000000000F03F0000000000000000000000000000F03F000000000000000000000000000000000000000000000000000000000100000000000000000000007400780074002E007300680078000000000000000C00000016000000070000C30C0000001700
310
0000FDFFFFFF0C0000001200000000000000BC0000002600000036D695C292F451408096F0A99BF876C0000000000000000000000000000000000000000000000000000000000000F03F000000000000F03F0000000000000000000000000000000034004400000075C00200000001000000FD754F18A4EA22400000000000
310
00F03F0000000000000000000000000000F03F000000000000000000000000000000000000000000000000000000000100000000000000000000007400780074002E007300680078000000000000000C00000016000000070000C30C00000017000000FDFFFFFF0C0000001200000000000000C0000000260000008CEA76D9
310
4D216B408096F0A99BF876C0000000000000000000000000000000000000000000000000000000000000F03F000000000000F03F0000000000000000000000000000000053004500D10041004C0000000500000001000000FD754F18A4EA2240000000000000F03F0000000000000000000000000000F03F00000000000000
310
000000000000000000000000000000000000000000010000000000000000008E427400780074002E007300680078000000000000000C00000016000000070000C30C00000017000000FDFFFFFF0C0000001200000000000000C800000026000000A7EA6BBB8C9776408096F0A99BF876C00000000000000000000000000000
310
00000000000000000000000000000000F03F000000000000F03F000000000000000000000000000000003700780031002C00350020002B002000430000000900000001000000FD754F18A4EA2240000000000000F03F0000000000000000000000000000F03F00000000000000000000000000000000000000000000000000
310
0000000100000000000000000000007400780074002E007300680078000000000000000C00000016000000070000C30C00000017000000FDFFFFFF0C0000001200000000000000C00000002600000058A4844ECBF082408096F0A99BF876C0000000000000000000000000000000000000000000000000000000000000F03F
310
000000000000F03F000000000000000000000000000000003100320030003000000000000400000001000000FD754F18A4EA2240000000000000F03F0000000000000000000000000000F03F000000000000000000000000000000000000000000000000000000000100000000000000000000007400780074002E00730068
310
0078000000000000000C00000016000000070000C30C00000017000000FDFFFFFF0C0000001200000000000000BC00000026000000D6DE1081E8C55040C8603C466F8978C0000000000000000000000000000000000000000000000000000000000000F03F000000000000F03F000000000000000000000000000000004100
310
3400440000000300000001000000FD754F18A4EA2240000000000000F03F0000000000000000000000000000F03F000000000000000000000000000000000000000000000000000000000100000000000000000000007400780074002E0073006800780000000000BB190C00000016000000070000C30C00000017000000FD
310
FFFFFF0C0000001200000000000000C0000000260000008CEA76D94D216B40C8603C466F8978C0000000000000000000000000000000000000000000000000000000000000F03F000000000000F03F0000000000000000000000000000000053004500D10041004C0000000500000001000000FD754F18A4EA224000000000
310
0000F03F0000000000000000000000000000F03F000000000000000000000000000000000000000000000000000000000100000000000000000000007400780074002E007300680078000000000000000C00000016000000070000C30C00000017000000FDFFFFFF0C0000001200000000000000C800000026000000A7EA6B
310
BB8C977640C8603C466F8978C0000000000000000000000000000000000000000000000000000000000000F03F000000000000F03F000000000000000000000000000000003700780031002C00350020002B002000430000000900000001000000FD754F18A4EA2240000000000000F03F0000000000000000000000000000
310
F03F000000000000000000000000000000000000000000000000000000000100000000000000000000007400780074002E0073006800780000000000F03F0C00000016000000070000C30C00000017000000FDFFFFFF0C0000001200000000000000C00000002600000058A4844ECBF08240C8603C466F8978C00000000000
310
00000000000000000000000000000000000000000000000000F03F000000000000F03F000000000000000000000000000000003100390030003000000000000400000001000000FD754F18A4EA2240000000000000F03F0000000000000000000000000000F03F000000000000000000000000000000000000000000000000
310
0000000001000000000000000000CC3F7400780074002E007300680078000000000000000C00000016000000070000C30C00000017000000FDFFFFFF0C0000001200000000000000D000000026000000DAB190CDB0873840102B88E2421A7AC0000000000000000000000000000000000000000000000000000000000000F0
310
3F000000000000F03F000000000000000000000000000000004A0055004E0054004100200045004E004C00410043004500000000000C00000001000000FD754F18A4EA2240000000000000F03F0000000000000000000000000000F03F00000000000000000000000000000000000000000000000000000000010000000000
310
0000000000007400780074002E007300680078000000000000000C00000016000000070000C30C00000017000000FDFFFFFF0C0000001200000000000000BC0000002600000060342886DBB46C40102B88E2421A7AC0000000000000000000000000000000000000000000000000000000000000F03F000000000000F03F00
310
00000000000000000000000000000043005600000078C00200000001000000FD754F18A4EA2240000000000000F03F0000000000000000000000000000F03F000000000000000000000000000000000000000000000000000000000100000000000000000000007400780074002E007300680078000000000000000C000000
310
16000000070000C30C00000017000000FDFFFFFF0C0000001200000000000000C000000026000000420B87B2A8F87740102B88E2421A7AC0000000000000000000000000000000000000000000000000000000000000F03F000000000000F03F00000000000000000000000000000000330078003100300000000000040000
310
0001000000FD754F18A4EA2240000000000000F03F0000000000000000000000000000F03F000000000000000000000000000000000000000000000000000000000100000000000000000000007400780074002E007300680078000000000000000C00000016000000070000C30C00000017000000FDFFFFFF0C0000001200
310
000000000000BC0000002600000093CD1A043D238340102B88E2421A7AC0000000000000000000000000000000000000000000000000000000000000F03F000000000000F03F0000000000000000000000000000000036003000300000000300000001000000FD754F18A4EA2240000000000000F03F000000000000000000
310
0000000000F03F000000000000000000000000000000000000000000000000000000000100000000000000000000007400780074002E007300680078000000000000000C00000016000000070000C30C00000017000000FDFFFFFF0C0000001200000000000000D000000026000000ACFB417A3E1B3A4058F5D37E16AB7BC0
310
000000000000000000000000000000000000000000000000000000000000F03F000000000000F03F000000000000000000000000000000004A0055004E00540041002000430041005200470049004C00000041000C00000001000000FD754F18A4EA2240000000000000F03F0000000000000000000000000000F03F000000
310
000000000000000000000000000000000000000000000000000100000000000000000033007400780074002E007300680078000000000000000C00000016000000070000C30C00000017000000FDFFFFFF0C0000001200000000000000BC0000002600000060342886DBB46C4058F5D37E16AB7BC000000000000000000000
310
0000000000000000000000000000000000000000F03F000000000000F03F000000000000000000000000000000004300560000007BC00200000001000000FD754F18A4EA2240000000000000F03F0000000000000000000000000000F03F000000000000000000000000000000000000000000000000000000000100000000
310
000000000000007400780074002E007300680078000000000000000C00000016000000070000C30C00000017000000FDFFFFFF0C0000001200000000000000C000000026000000420B87B2A8F8774058F5D37E16AB7BC0000000000000000000000000000000000000000000000000000000000000F03F000000000000F03F
310
000000000000000000000000000000003300780031003000000000000400000001000000FD754F18A4EA2240000000000000F03F0000000000000000000000000000F03F000000000000000000000000000000000000000000000000000000000100000000000000000000007400780074002E007300680078000000000000
310
000C00000016000000070000C30C00000017000000FDFFFFFF0C0000001200000000000000BC000000260000004443B596A016834058F5D37E16AB7BC0000000000000000000000000000000000000000000000000000000000000F03F000000000000F03F0000000000000000000000000000000033003500300000000300
310
000001000000FD754F18A4EA2240000000000000F03F0000000000000000000000000000F03F000000000000000000000000000000000000000000000000000000000100000000000000000000007400780074002E007300680078000000000000000C00000016000000070000C30C00000017000000FDFFFFFF0C00000012
310
00000000000000CC0000002600000057DB344348C84140A0BF1F1BEA3B7DC0000000000000000000000000000000000000000000000000000000000000F03F000000000000F03F0000000000000000000000000000000043004F004E005400410044004F005200200031000000186E0A00000001000000FD754F18A4EA2240
310
000000000000F03F0000000000000000000000000000F03F0000000000000000000000000000000000000000000000000000000001000000000000000000DB6D7400780074002E007300680078000000000000000C00000016000000070000C30C00000017000000FDFFFFFF0C0000001200000000000000BC000000260000
310
009C5DBE3B4DE76C40A0BF1F1BEA3B7DC0000000000000000000000000000000000000000000000000000000000000F03F000000000000F03F0000000000000000000000000000000043004500000000000200000001000000FD754F18A4EA2240000000000000F03F0000000000000000000000000000F03F000000000000
310
000000000000000000000000000000000000000000000100000000000000000000007400780074002E007300680078000000000000000C00000016000000070000C30C00000017000000FDFFFFFF0C0000001200000000000000C800000026000000F674D12829A47640A0BF1F1BEA3B7DC000000000000000000000000000
310
0000000000000000000000000000000000F03F000000000000F03F0000000000000000000000000000000043005500410044005200450054004500000000000800000001000000FD754F18A4EA2240000000000000F03F0000000000000000000000000000F03F000000000000000000000000000000000000000000000000
310
000000000100000000000000000000007400780074002E007300680078000000000000000C00000016000000070000C30C00000017000000FDFFFFFF0C0000001200000000000000BC000000260000004443B596A0168340A0BF1F1BEA3B7DC0000000000000000000000000000000000000000000000000000000000000F0
310
3F000000000000F03F0000000000000000000000000000000033003500300000000300000001000000FD754F18A4EA2240000000000000F03F0000000000000000000000000000F03F000000000000000000000000000000000000000000000000000000000100000000000000000000007400780074002E00730068007800
310
0000000000000C00000016000000070000C30C00000017000000FDFFFFFF0C0000001200000000000000CC000000260000006D36DC6C81FE4040E8896BB7BDCC7EC0000000000000000000000000000000000000000000000000000000000000F03F000000000000F03F0000000000000000000000000000000043004F004E
310
005400410044004F00520020003200000000000A00000001000000FD754F18A4EA2240000000000000F03F0000000000000000000000000000F03F000000000000000000000000000000000000000000000000000000000100000000000000000000007400780074002E007300680078000000000000000C00000016000000
310
070000C30C00000017000000FDFFFFFF0C0000001200000000000000BC000000260000009C5DBE3B4DE76C40E8896BB7BDCC7EC0000000000000000000000000000000000000000000000000000000000000F03F000000000000F03F0000000000000000000000000000000043004500000000000200000001000000FD754F
310
18A4EA2240000000000000F03F0000000000000000000000000000F03F000000000000000000000000000000000000000000000000000000000100000000000000000000007400780074002E007300680078000000000000000C00000016000000070000C30C00000017000000FDFFFFFF0C0000001200000000000000C800
310
000026000000F674D12829A47640E8896BB7BDCC7EC0000000000000000000000000000000000000000000000000000000000000F03F000000000000F03F0000000000000000000000000000000043005500410044005200450054004500000000000800000001000000FD754F18A4EA2240000000000000F03F0000000000
310
000000000000000000F03F000000000000000000000000000000000000000000000000000000000100000000000000000000007400780074002E007300680078000000000000000C00000016000000070000C30C00000017000000FDFFFFFF0C0000001200000000000000BC0000002600000093CD1A043D238340E8896BB7
310
BDCC7EC0000000000000000000000000000000000000000000000000000000000000F03F000000000000F03F0000000000000000000000000000000035003000300000000300000001000000FD754F18A4EA2240000000000000F03F0000000000000000000000000000F03F00000000000000000000000000000000000000
310
0000000000000000000100000000000000000000007400780074002E007300680078000000000000000C00000016000000070000C30C00000017000000FDFFFFFF0C0000001200000000000000CC000000260000006D36DC6C81FE404018AADBA9C82E80C00000000000000000000000000000000000000000000000000000
310
00000000F03F000000000000F03F0000000000000000000000000000000043004F004E005400410044004F00520020003300000000000A00000001000000FD754F18A4EA2240000000000000F03F0000000000000000000000000000F03F000000000000000000000000000000000000000000000000000000000100000000
310
000000000000007400780074002E007300680078000000000000000C00000016000000070000C30C00000017000000FDFFFFFF0C0000001200000000000000BC000000260000009C5DBE3B4DE76C4018AADBA9C82E80C0000000000000000000000000000000000000000000000000000000000000F03F000000000000F03F
310
000000000000000000000000000000004300450000007EC00200000001000000FD754F18A4EA2240000000000000F03F0000000000000000000000000000F03F000000000000000000000000000000000000000000000000000000000100000000000000000000007400780074002E007300680078000000000000000C0000
310
0016000000070000C30C00000017000000FDFFFFFF0C0000001200000000000000C800000026000000F674D12829A4764018AADBA9C82E80C0000000000000000000000000000000000000000000000000000000000000F03F000000000000F03F000000000000000000000000000000004300550041004400520045005400
310
4500000000000800000001000000FD754F18A4EA2240000000000000F03F0000000000000000000000000000F03F000000000000000000000000000000000000000000000000000000000100000000000000000000007400780074002E007300680078000000000000000C00000016000000070000C30C00000017000000FD
310
FFFFFF0C0000001200000000000000BC0000002600000093CD1A043D23834018AADBA9C82E80C0000000000000000000000000000000000000000000000000000000000000F03F000000000000F03F0000000000000000000000000000000036003000300000000300000001000000FD754F18A4EA2240000000000000F03F
310
0000000000000000000000000000F03F000000000000000000000000000000000000000000000000000000000100000000000000000000007400780074002E007300680078000000000000000C00000016000000070000C30C00000017000000FDFFFFFF0C0000001200000000000000540000002000000002000000000000
310
000000000000000000000000000000000000000000807273DA03ED83400000000000000000000000000000000000000000000000000000000000000000000000000000F03F0C00000016000000070000C30C00000017000000FDFFFFFF0C0000001200000000000000540000002000000002000000000000000000000000BF
310
EA3B5E413DC00000000000000000807273DA03ED834000BFEA3B5E413DC0000000000000000000000000000000000000000000000000000000000000F03F0C00000016000000070000C30C00000017000000FDFFFFFF0C00000012000000000000005400000020000000020000000000000000000000C0B153004C274BC000
310
00000000000000807273DA03ED8340C0B153004C274BC0000000000000000000000000000000000000000000000000000000000000F03F0C00000016000000070000C30C00000017000000FDFFFFFF0C0000001200000000000000540000002000000002000000000000000000000000025971F4D653C00000000000000000
310
807273DA03ED834000025971F4D653C0000000000000000000000000000000000000000000000000000000000000F03F0C00000016000000070000C30C00000017000000FDFFFFFF0C00000012000000000000005400000020000000020000000000000000000000202B88E2421A5AC00000000000000000807273DA03ED83
310
40202B88E2421A5AC0000000000000000000000000000000000000000000000000000000000000F03F0C00000016000000070000C30C00000017000000FDFFFFFF0C0000001200000000000000540000002000000002000000000000000000000020AADBA9C82E60C00000000000000000807273DA03ED834020AADBA9C82E
310
60C0000000000000000000000000000000000000000000000000000000000000F03F0C00000016000000070000C30C00000017000000FDFFFFFF0C00000012000000000000005400000020000000020000000000000000000000B03E73E26F5063C00000000000000000807273DA03ED8340B03E73E26F5063C00000000000
310
00000000000000000000000000000000000000000000000000F03F0C00000016000000070000C30C00000017000000FDFFFFFF0C0000001200000000000000540000002000000002000000000000000000000040D30A1B177266C00000000000000000807273DA03ED834040D30A1B177266C0000000000000000000000000
310
000000000000000000000000000000000000F03F0C00000016000000070000C30C00000017000000FDFFFFFF0C00000012000000000000005400000020000000020000000000000000000000D067A253BE9369C00000000000000000807273DA03ED8340D067A253BE9369C000000000000000000000000000000000000000
310
0000000000000000000000F03F0C00000016000000070000C30C00000017000000FDFFFFFF0C0000001200000000000000540000002000000002000000000000000000000060FC398C65B56CC00000000000000000807273DA03ED834060FC398C65B56CC00000000000000000000000000000000000000000000000000000
310
00000000F03F0C00000016000000070000C30C00000017000000FDFFFFFF0C00000012000000000000005400000020000000020000000000000000000000F090D1C40CD76FC00000000000000000807273DA03ED8340F090D1C40CD76FC0000000000000000000000000000000000000000000000000000000000000F03F0C
310
00000016000000070000C30C00000017000000FDFFFFFF0C00000012000000000000005400000020000000020000000000000000000000C092B4FE597C71C00000000000000000807273DA03ED8340C092B4FE597C71C0000000000000000000000000000000000000000000000000000000000000F03F0C00000016000000
310
070000C30C00000017000000FDFFFFFF0C00000012000000000000005400000020000000020000000000000000000000085D009B2D0D73C00000000000000000807273DA03ED8340085D009B2D0D73C0000000000000000000000000000000000000000000000000000000000000F03F0C00000016000000070000C30C0000
310
0017000000FDFFFFFF0C0000001200000000000000540000002000000002000000000000000000000050274C37019E74C00000000000000000807273DA03ED834050274C37019E74C0000000000000000000000000000000000000000000000000000000000000F03F0C00000016000000070000C30C00000017000000FDFF
310
FFFF0C0000001200000000000000540000002000000002000000000000000000000098F197D3D42E76C00000000000000000807273DA03ED834098F197D3D42E76C0000000000000000000000000000000000000000000000000000000000000F03F0C00000016000000070000C30C00000017000000FDFFFFFF0C00000012
310
000000000000005400000020000000020000000000000000000000E0BBE36FA8BF77C00000000000000000807273DA03ED8340E0BBE36FA8BF77C0000000000000000000000000000000000000000000000000000000000000F03F0C00000016000000070000C30C00000017000000FDFFFFFF0C0000001200000000000000
310
540000002000000002000000000000000000000028862F0C7C5079C00000000000000000807273DA03ED834028862F0C7C5079C0000000000000000000000000000000000000000000000000000000000000F03F0C00000016000000070000C30C00000017000000FDFFFFFF0C000000120000000000000054000000200000
310
0002000000000000000000000070507BA84FE17AC00000000000000000807273DA03ED834070507BA84FE17AC0000000000000000000000000000000000000000000000000000000000000F03F0C00000016000000070000C30C00000017000000FDFFFFFF0C00000012000000000000005400000020000000020000000000
310
000000000000B81AC74423727CC00000000000000000807273DA03ED8340B81AC74423727CC0000000000000000000000000000000000000000000000000000000000000F03F0C00000016000000070000C30C00000017000000FDFFFFFF0C0000001200000000000000540000002000000002000000000000000000000000
310
E512E1F6027EC00000000000000000807273DA03ED834000E512E1F6027EC0000000000000000000000000000000000000000000000000000000000000F03F0C00000016000000070000C30C00000017000000FDFFFFFF0C0000001200000000000000540000002000000002000000000000000000000048AF5E7DCA937FC0
310
0000000000000000807273DA03ED834048AF5E7DCA937FC0000000000000000000000000000000000000000000000000000000000000F03F0C00000016000000070000C30C00000017000000FDFFFFFF0C00000012000000000000005400000020000000020000000000000000000000C83CD50C4F9280C000000000000000
310
00807273DA03ED8340C83CD50C4F9280C0000000000000000000000000000000000000000000000000000000000000F03F0C00000016000000070000C30C00000017000000FDFFFFFF0C0000001200000000000000540000002000000002000000000000000000000000000000000000000000000000000000000000000000
310
0000C83CD50C4F9280C0000000000000000000000000000000000000000000000000000000000000F03F0C00000016000000070000C30C00000017000000FDFFFFFF0C0000001200000000000000540000002000000002000000807273DA03ED634000BFEA3B5E413DC00000000000000000807273DA03ED6340C83CD50C4F
310
9280C0000000000000000000000000000000000000000000000000000000000000F03F0C00000016000000070000C30C00000017000000FDFFFFFF0C0000001200000000000000540000002000000002000000807273DA03ED734000BFEA3B5E413DC00000000000000000807273DA03ED7340C83CD50C4F9280C000000000
310
0000000000000000000000000000000000000000000000000000F03F0C00000016000000070000C30C00000017000000FDFFFFFF0C0000001200000000000000540000002000000002000000C02BADC785E37D4000BFEA3B5E413DC00000000000000000C02BADC785E37D40C83CD50C4F9280C00000000000000000000000
310
00000000000000000000000000000000000000F03F0C00000016000000070000C30C00000017000000FDFFFFFF0C0000001200000000000000540000002000000002000000807273DA03ED834000000000000000000000000000000000807273DA03ED8340C83CD50C4F9280C0000000000000000000000000000000000000
310
000000000000000000000000F03F0C00000016000000080000C30C00000017000000000000000C00000012000000000000005400000020000000020000000000000000000000000000000000000000000000000000000000000000000000000000000000000000000000000000000000000000000000000000000000000000
310
0000000000F03F080000001F000000
100
AcDbBlockReference
  2
*T0
 10
3643.048802263038
 20
-2416.535816774138
 30
0.0
100
AcDbTable
280
     0
342
65
343
AD3D
 11
1.0
 21
0.0
 31
0.0
 90
       22
 91
       21
 92
        4
 93
  7340056
 94
        0
 95
        0
 96
        0
 40
3.152761065069776
 41
3.152761065069776
140
9.458283195209327
140
12.6110442602791
140
9.458283195209327
141
29.25534414750186
141
25.05166272740883
141
25.05166272740883
141
25.05166272740883
141
25.05166272740883
141
25.05166272740883
141
25.05166272740883
141
25.05166272740883
141
25.05166272740883
141
25.05166272740883
141
25.05166272740883
141
25.05166272740883
141
25.05166272740883
141
25.05166272740883
141
25.05166272740883
141
25.05166272740883
141
25.05166272740883
141
25.05166272740883
141
25.05166272740883
141
25.05166272740883
141
25.05166272740883
142
159.406720376475
142
159.406720376475
142
159.406720376475
142
159.406720376475
171
     1
172
     0
173
     0
174
     0
175
     4
176
     1
 91
   262176
178
     0
145
0.0
140
12.6110442602791
 92
        0
301
CELL_VALUE
 93
        6
 90
        4
  1
PLAN DE CABLES
 94
        0
300

302
PLAN DE CABLES
304
ACVALUE_END
171
     1
172
     0
173
     1
174
     0
175
     1
176
     1
 91
       32
178
     0
145
0.0
140
12.6110442602791
 92
        0
301
CELL_VALUE
 93
        3
 90
        0
 94
        0
300

302

304
ACVALUE_END
171
     1
172
     0
173
     1
174
     0
175
     1
176
     1
 91
       32
178
     0
145
0.0
140
12.6110442602791
 92
        0
301
CELL_VALUE
 93
        3
 90
        0
 94
        0
300

302

304
ACVALUE_END
171
     1
172
     0
173
     1
174
     0
175
     1
176
     1
 91
       32
178
     0
145
0.0
140
12.6110442602791
 92
        0
301
CELL_VALUE
 93
        3
 90
        0
 94
        0
300

302

304
ACVALUE_END
171
     1
172
     0
173
     0
174
     0
175
     1
176
     1
 91
   262176
178
     0
145
0.0
140
9.458283195209327
 92
        0
301
CELL_VALUE
 93
        6
 90
        4
  1
Descripción
 94
        0
300

302
Descripción
304
ACVALUE_END
171
     1
172
     0
173
     0
174
     0
175
     1
176
     1
 91
   262176
178
     0
145
0.0
140
9.458283195209327
 92
        0
301
CELL_VALUE
 93
        6
 90
        4
  1
Equipo
 94
        0
300

302
Equipo
304
ACVALUE_END
171
     1
172
     0
173
     0
174
     0
175
     1
176
     1
 91
   262176
178
     0
145
0.0
140
9.458283195209327
 92
        0
301
CELL_VALUE
 93
        6
 90
        4
  1
Cable
 94
        0
300

302
Cable
304
ACVALUE_END
171
     1
172
     0
173
     0
174
     0
175
     1
176
     1
 91
   262176
178
     0
145
0.0
140
9.458283195209327
 92
        0
301
CELL_VALUE
 93
        6
 90
        4
  1
Distancia [m]
 94
        0
300

302
Distancia [m]
304
ACVALUE_END
171
     1
172
     0
173
     0
174
     0
175
     1
176
     1
 91
   262176
178
     0
145
0.0
140
9.458283195209327
 92
        0
301
CELL_VALUE
 93
        6
 90
        4
  1
11A
 94
        0
300

302
11A
304
ACVALUE_END
171
     1
172
     0
173
     0
174
     0
175
     1
176
     1
 91
   262176
178
     0
145
0.0
140
9.458283195209327
 92
        0
301
CELL_VALUE
 93
        6
 90
        4
  1
MdC
 94
        0
300

302
MdC
304
ACVALUE_END
171
     1
172
     0
173
     0
174
     0
175
     1
176
     1
 91
   262176
178
     0
145
0.0
140
9.458283195209327
 92
        0
301
CELL_VALUE
 93
        6
 90
        4
  1
3x10 {\C256;+ 7x1,5}
 94
        0
300

302
3x10 {\C256;+ 7x1,5}
304
ACVALUE_END
171
     1
172
     0
173
     0
174
     0
175
     1
176
     1
 91
   262177
178
     0
145
0.0
170
     3
140
9.458283195209327
 92
        0
301
CELL_VALUE
 93
        4
 90
        1
 91
      400
 94
        0
300
%ds[\,]
302
400
304
ACVALUE_END
171
     1
172
     0
173
     0
174
     0
175
     1
176
     1
 91
   262176
178
     0
145
0.0
140
9.458283195209327
 92
        0
301
CELL_VALUE
 93
        6
 90
        4
  1
11B
 94
        0
300

302
11B
304
ACVALUE_END
171
     1
172
     0
173
     0
174
     0
175
     1
176
     1
 91
   262176
178
     0
145
0.0
140
9.458283195209327
 92
        0
301
CELL_VALUE
 93
        6
 90
        4
  1
MdC
 94
        0
300

302
MdC
304
ACVALUE_END
171
     1
172
     0
173
     0
174
     0
175
     1
176
     1
 91
   262176
178
     0
145
0.0
140
9.458283195209327
 92
        0
301
CELL_VALUE
 93
        6
 90
        4
  1
3x10{\C256; + 7x1,5}
 94
        0
300

302
3x10{\C256; + 7x1,5}
304
ACVALUE_END
171
     1
172
     0
173
     0
174
     0
175
     1
176
     1
 91
   262177
178
     0
145
0.0
170
     3
140
9.458283195209327
 92
        0
301
CELL_VALUE
 93
        4
 90
        1
 91
      450
 94
        0
300
%ds[\,]
302
450
304
ACVALUE_END
171
     1
172
     0
173
     0
174
     0
175
     1
176
     1
 91
   262176
178
     0
145
0.0
140
9.458283195209327
 92
        0
301
CELL_VALUE
 93
        6
 90
        4
  1
12A
 94
        0
300

302
12A
304
ACVALUE_END
171
     1
172
     0
173
     0
174
     0
175
     1
176
     1
 91
   262176
178
     0
145
0.0
140
9.458283195209327
 92
        0
301
CELL_VALUE
 93
        6
 90
        4
  1
MdC
 94
        0
300

302
MdC
304
ACVALUE_END
171
     1
172
     0
173
     0
174
     0
175
     1
176
     1
 91
   262176
178
     0
145
0.0
140
9.458283195209327
 92
        0
301
CELL_VALUE
 93
        6
 90
        4
  1
3x10{\C256; + 7x1,5}
 94
        0
300

302
3x10{\C256; + 7x1,5}
304
ACVALUE_END
171
     1
172
     0
173
     0
174
     0
175
     1
176
     1
 91
   262177
178
     0
145
0.0
170
     3
140
9.458283195209327
 92
        0
301
CELL_VALUE
 93
        4
 90
        1
 91
      450
 94
        0
300
%ds[\,]
302
450
304
ACVALUE_END
171
     1
172
     0
173
     0
174
     0
175
     1
176
     1
 91
   262176
178
     0
145
0.0
140
9.458283195209327
 92
        0
301
CELL_VALUE
 93
        6
 90
        4
  1
12B
 94
        0
300

302
12B
304
ACVALUE_END
171
     1
172
     0
173
     0
174
     0
175
     1
176
     1
 91
   262176
178
     0
145
0.0
140
9.458283195209327
 92
        0
301
CELL_VALUE
 93
        6
 90
        4
  1
MdC
 94
        0
300

302
MdC
304
ACVALUE_END
171
     1
172
     0
173
     0
174
     0
175
     1
176
     1
 91
   262176
178
     0
145
0.0
140
9.458283195209327
 92
        0
301
CELL_VALUE
 93
        6
 90
        4
  1
3x10{\C256; + 7x1,5}
 94
        0
300

302
3x10{\C256; + 7x1,5}
304
ACVALUE_END
171
     1
172
     0
173
     0
174
     0
175
     1
176
     1
 91
   262177
178
     0
145
0.0
170
     3
140
9.458283195209327
 92
        0
301
CELL_VALUE
 93
        4
 90
        1
 91
      500
 94
        0
300
%ds[\,]
302
500
304
ACVALUE_END
171
     1
172
     0
173
     0
174
     0
175
     1
176
     1
 91
   262176
178
     0
145
0.0
140
9.458283195209327
 92
        0
301
CELL_VALUE
 93
        6
 90
        4
  1
13A
 94
        0
300

302
13A
304
ACVALUE_END
171
     1
172
     0
173
     0
174
     0
175
     1
176
     1
 91
   262176
178
     0
145
0.0
140
9.458283195209327
 92
        0
301
CELL_VALUE
 93
        6
 90
        4
  1
MdC
 94
        0
300

302
MdC
304
ACVALUE_END
171
     1
172
     0
173
     0
174
     0
175
     1
176
     1
 91
   262176
178
     0
145
0.0
140
9.458283195209327
 92
        0
301
CELL_VALUE
 93
        6
 90
        4
  1
3x10{\C256; + 7x1,5}
 94
        0
300

302
3x10{\C256; + 7x1,5}
304
ACVALUE_END
171
     1
172
     0
173
     0
174
     0
175
     1
176
     1
 91
   262177
178
     0
145
0.0
170
     3
140
9.458283195209327
 92
        0
301
CELL_VALUE
 93
        4
 90
        1
 91
      500
 94
        0
300
%ds[\,]
302
500
304
ACVALUE_END
171
     1
172
     0
173
     0
174
     0
175
     1
176
     1
 91
   262176
178
     0
145
0.0
140
9.458283195209327
 92
        0
301
CELL_VALUE
 93
        6
 90
        4
  1
13B
 94
        0
300

302
13B
304
ACVALUE_END
171
     1
172
     0
173
     0
174
     0
175
     1
176
     1
 91
   262176
178
     0
145
0.0
140
9.458283195209327
 92
        0
301
CELL_VALUE
 93
        6
 90
        4
  1
MdC
 94
        0
300

302
MdC
304
ACVALUE_END
171
     1
172
     0
173
     0
174
     0
175
     1
176
     1
 91
   262176
178
     0
145
0.0
140
9.458283195209327
 92
        0
301
CELL_VALUE
 93
        6
 90
        4
  1
3x10{\C256; + 7x1,5}
 94
        0
300

302
3x10{\C256; + 7x1,5}
304
ACVALUE_END
171
     1
172
     0
173
     0
174
     0
175
     1
176
     1
 91
   262177
178
     0
145
0.0
170
     3
140
9.458283195209327
 92
        0
301
CELL_VALUE
 93
        6
 90
        1
 91
      600
 94
        0
300

302
600
304
ACVALUE_END
171
     1
172
     0
173
     0
174
     0
175
     1
176
     1
 91
   262176
178
     0
145
0.0
140
9.458283195209327
 92
        0
301
CELL_VALUE
 93
        6
 90
        4
  1
A1A
 94
        0
300

302
A1A
304
ACVALUE_END
171
     1
172
     0
173
     0
174
     0
175
     1
176
     1
 91
   262176
178
     0
145
0.0
140
9.458283195209327
 92
        0
301
CELL_VALUE
 93
        6
 90
        4
  1
SEÑAL
 94
        0
300

302
SEÑAL
304
ACVALUE_END
171
     1
172
     0
173
     0
174
     0
175
     1
176
     1
 91
   262176
178
     0
145
0.0
140
9.458283195209327
 92
        0
301
CELL_VALUE
 93
        6
 90
        4
  1
7x1,5 + C
 94
        0
300

302
7x1,5 + C
304
ACVALUE_END
171
     1
172
     0
173
     0
174
     0
175
     1
176
     1
 91
   262177
178
     0
145
0.0
170
     3
140
9.458283195209327
 92
        0
301
CELL_VALUE
 93
        4
 90
        1
 91
      900
 94
        0
300
%ds[\,]
302
900
304
ACVALUE_END
171
     1
172
     0
173
     0
174
     0
175
     1
176
     1
 91
   262176
178
     0
145
0.0
140
9.458283195209327
 92
        0
301
CELL_VALUE
 93
        6
 90
        4
  1
1A
 94
        0
300

302
1A
304
ACVALUE_END
171
     1
172
     0
173
     0
174
     0
175
     1
176
     1
 91
   262176
178
     0
145
0.0
140
9.458283195209327
 92
        0
301
CELL_VALUE
 93
        6
 90
        4
  1
SEÑAL
 94
        0
300

302
SEÑAL
304
ACVALUE_END
171
     1
172
     0
173
     0
174
     0
175
     1
176
     1
 91
   262176
178
     0
145
0.0
140
9.458283195209327
 92
        0
301
CELL_VALUE
 93
        6
 90
        4
  1
7x1,5 + C
 94
        0
300

302
7x1,5 + C
304
ACVALUE_END
171
     1
172
     0
173
     0
174
     0
175
     1
176
     1
 91
   262177
178
     0
145
0.0
170
     3
140
9.458283195209327
 92
        0
301
CELL_VALUE
 93
        4
 90
        1
 91
      300
 94
        0
300
%ds[\,]
302
300
304
ACVALUE_END
171
     1
172
     0
173
     0
174
     0
175
     1
176
     1
 91
   262176
178
     0
145
0.0
140
9.458283195209327
 92
        0
301
CELL_VALUE
 93
        6
 90
        4
  1
5ABF
 94
        0
300

302
5ABF
304
ACVALUE_END
171
     1
172
     0
173
     0
174
     0
175
     1
176
     1
 91
   262176
178
     0
145
0.0
140
9.458283195209327
 92
        0
301
CELL_VALUE
 93
        6
 90
        4
  1
SEÑAL
 94
        0
300

302
SEÑAL
304
ACVALUE_END
171
     1
172
     0
173
     0
174
     0
175
     1
176
     1
 91
   262176
178
     0
145
0.0
140
9.458283195209327
 92
        0
301
CELL_VALUE
 93
        6
 90
        4
  1
2x7x1,5 + C
 94
        0
300

302
2x7x1,5 + C
304
ACVALUE_END
171
     1
172
     0
173
     0
174
     0
175
     1
176
     1
 91
   262177
178
     0
145
0.0
170
     3
140
9.458283195209327
 92
        0
301
CELL_VALUE
 93
        6
 90
        1
 91
      350
 94
        0
300

302
350
304
ACVALUE_END
171
     1
172
     0
173
     0
174
     0
175
     1
176
     1
 91
   262176
178
     0
145
0.0
140
9.458283195209327
 92
        0
301
CELL_VALUE
 93
        6
 90
        4
  1
3AB/3AF
 94
        0
300

302
3AB/3AF
304
ACVALUE_END
171
     1
172
     0
173
     0
174
     0
175
     1
176
     1
 91
   262176
178
     0
145
0.0
140
9.458283195209327
 92
        0
301
CELL_VALUE
 93
        6
 90
        4
  1
SEÑAL
 94
        0
300

302
SEÑAL
304
ACVALUE_END
171
     1
172
     0
173
     0
174
     0
175
     1
176
     1
 91
   262176
178
     0
145
0.0
140
9.458283195209327
 92
        0
301
CELL_VALUE
 93
        6
 90
        4
  1
2x7x1,5 + C
 94
        0
300

302
2x7x1,5 + C
304
ACVALUE_END
171
     1
172
     0
173
     0
174
     0
175
     1
176
     1
 91
   262177
178
     0
145
0.0
170
     3
140
9.458283195209327
 92
        0
301
CELL_VALUE
 93
        6
 90
        1
 91
      450
 94
        0
300

302
450
304
ACVALUE_END
171
     1
172
     0
173
     0
174
     0
175
     1
176
     1
 91
   262176
178
     0
145
0.0
140
9.458283195209327
 92
        0
301
CELL_VALUE
 93
        6
 90
        4
  1
2DE/2DG
 94
        0
300

302
2DE/2DG
304
ACVALUE_END
171
     1
172
     0
173
     0
174
     0
175
     1
176
     1
 91
   262176
178
     0
145
0.0
140
9.458283195209327
 92
        0
301
CELL_VALUE
 93
        6
 90
        4
  1
SEÑAL
 94
        0
300

302
SEÑAL
304
ACVALUE_END
171
     1
172
     0
173
     0
174
     0
175
     1
176
     1
 91
   262176
178
     0
145
0.0
140
9.458283195209327
 92
        0
301
CELL_VALUE
 93
        6
 90
        4
  1
2x7x1,5 + C
 94
        0
300

302
2x7x1,5 + C
304
ACVALUE_END
171
     1
172
     0
173
     0
174
     0
175
     1
176
     1
 91
   262177
178
     0
145
0.0
170
     3
140
9.458283195209327
 92
        0
301
CELL_VALUE
 93
        4
 90
        1
 91
      500
 94
        0
300
%ds[\,]
302
500
304
ACVALUE_END
171
     1
172
     0
173
     0
174
     0
175
     1
176
     1
 91
   262176
178
     0
145
0.0
140
9.458283195209327
 92
        0
301
CELL_VALUE
 93
        6
 90
        4
  1
6DGE
 94
        0
300

302
6DGE
304
ACVALUE_END
171
     1
172
     0
173
     0
174
     0
175
     1
176
     1
 91
   262176
178
     0
145
0.0
140
9.458283195209327
 92
        0
301
CELL_VALUE
 93
        6
 90
        4
  1
SEÑAL
 94
        0
300

302
SEÑAL
304
ACVALUE_END
171
     1
172
     0
173
     0
174
     0
175
     1
176
     1
 91
   262176
178
     0
145
0.0
140
9.458283195209327
 92
        0
301
CELL_VALUE
 93
        6
 90
        4
  1
2x7x1,5 + C
 94
        0
300

302
2x7x1,5 + C
304
ACVALUE_END
171
     1
172
     0
173
     0
174
     0
175
     1
176
     1
 91
   262177
178
     0
145
0.0
170
     3
140
9.458283195209327
 92
        0
301
CELL_VALUE
 93
        4
 90
        1
 91
      600
 94
        0
300
%ds[\,]
302
600
304
ACVALUE_END
171
     1
172
     0
173
     0
174
     0
175
     1
176
     1
 91
   262176
178
     0
145
0.0
140
9.458283195209327
 92
        0
301
CELL_VALUE
 93
        6
 90
        4
  1
4D
 94
        0
300

302
4D
304
ACVALUE_END
171
     1
172
     0
173
     0
174
     0
175
     1
176
     1
 91
   262176
178
     0
145
0.0
140
9.458283195209327
 92
        0
301
CELL_VALUE
 93
        6
 90
        4
  1
SEÑAL
 94
        0
300

302
SEÑAL
304
ACVALUE_END
171
     1
172
     0
173
     0
174
     0
175
     1
176
     1
 91
   262176
178
     0
145
0.0
140
9.458283195209327
 92
        0
301
CELL_VALUE
 93
        6
 90
        4
  1
7x1,5 + C
 94
        0
300

302
7x1,5 + C
304
ACVALUE_END
171
     1
172
     0
173
     0
174
     0
175
     1
176
     1
 91
   262177
178
     0
145
0.0
170
     3
140
9.458283195209327
 92
        0
301
CELL_VALUE
 93
        4
 90
        1
 91
     1200
 94
        0
300
%ds[\,]
302
1200
304
ACVALUE_END
171
     1
172
     0
173
     0
174
     0
175
     1
176
     1
 91
   262176
178
     0
145
0.0
140
9.458283195209327
 92
        0
301
CELL_VALUE
 93
        6
 90
        4
  1
A4D
 94
        0
300

302
A4D
304
ACVALUE_END
171
     1
172
     0
173
     0
174
     0
175
     1
176
     1
 91
   262176
178
     0
145
0.0
140
9.458283195209327
 92
        0
301
CELL_VALUE
 93
        6
 90
        4
  1
SEÑAL
 94
        0
300

302
SEÑAL
304
ACVALUE_END
171
     1
172
     0
173
     0
174
     0
175
     1
176
     1
 91
   262176
178
     0
145
0.0
140
9.458283195209327
 92
        0
301
CELL_VALUE
 93
        6
 90
        4
  1
7x1,5 + C
 94
        0
300

302
7x1,5 + C
304
ACVALUE_END
171
     1
172
     0
173
     0
174
     0
175
     1
176
     1
 91
   262177
178
     0
145
0.0
170
     3
140
9.458283195209327
 92
        0
301
CELL_VALUE
 93
        4
 90
        1
 91
     1900
 94
        0
300
%ds[\,]
302
1900
304
ACVALUE_END
171
     1
172
     0
173
     0
174
     0
175
     1
176
     1
 91
   262176
178
     0
145
0.0
140
9.458283195209327
 92
        0
301
CELL_VALUE
 93
        6
 90
        4
  1
JUNTA ENLACE
 94
        0
300

302
JUNTA ENLACE
304
ACVALUE_END
171
     1
172
     0
173
     0
174
     0
175
     1
176
     1
 91
   262176
178
     0
145
0.0
140
9.458283195209327
 92
        0
301
CELL_VALUE
 93
        6
 90
        4
  1
CV
 94
        0
300

302
CV
304
ACVALUE_END
171
     1
172
     0
173
     0
174
     0
175
     1
176
     1
 91
   262176
178
     0
145
0.0
140
9.458283195209327
 92
        0
301
CELL_VALUE
 93
        6
 90
        4
  1
3x10
 94
        0
300

302
3x10
304
ACVALUE_END
171
     1
172
     0
173
     0
174
     0
175
     1
176
     1
 91
   262177
178
     0
145
0.0
170
     3
140
9.458283195209327
 92
        0
301
CELL_VALUE
 93
        6
 90
        1
 91
      600
 94
        0
300

302
600
304
ACVALUE_END
171
     1
172
     0
173
     0
174
     0
175
     1
176
     1
 91
   262176
178
     0
145
0.0
140
9.458283195209327
 92
        0
301
CELL_VALUE
 93
        6
 90
        4
  1
JUNTA CARGIL
 94
        0
300

302
JUNTA CARGIL
304
ACVALUE_END
171
     1
172
     0
173
     0
174
     0
175
     1
176
     1
 91
   262176
178
     0
145
0.0
140
9.458283195209327
 92
        0
301
CELL_VALUE
 93
        6
 90
        4
  1
CV
 94
        0
300

302
CV
304
ACVALUE_END
171
     1
172
     0
173
     0
174
     0
175
     1
176
     1
 91
   262176
178
     0
145
0.0
140
9.458283195209327
 92
        0
301
CELL_VALUE
 93
        6
 90
        4
  1
3x10
 94
        0
300

302
3x10
304
ACVALUE_END
171
     1
172
     0
173
     0
174
     0
175
     1
176
     1
 91
   262177
178
     0
145
0.0
170
     3
140
9.458283195209327
 92
        0
301
CELL_VALUE
 93
        6
 90
        1
 91
      350
 94
        0
300

302
350
304
ACVALUE_END
171
     1
172
     0
173
     0
174
     0
175
     1
176
     1
 91
   262176
178
     0
145
0.0
140
9.458283195209327
 92
        0
301
CELL_VALUE
 93
        6
 90
        4
  1
CONTADOR 1
 94
        0
300

302
CONTADOR 1
304
ACVALUE_END
171
     1
172
     0
173
     0
174
     0
175
     1
176
     1
 91
   262176
178
     0
145
0.0
140
9.458283195209327
 92
        0
301
CELL_VALUE
 93
        6
 90
        4
  1
CE
 94
        0
300

302
CE
304
ACVALUE_END
171
     1
172
     0
173
     0
174
     0
175
     1
176
     1
 91
   262176
178
     0
145
0.0
140
9.458283195209327
 92
        0
301
CELL_VALUE
 93
        6
 90
        4
  1
CUADRETE
 94
        0
300

302
CUADRETE
304
ACVALUE_END
171
     1
172
     0
173
     0
174
     0
175
     1
176
     1
 91
   262177
178
     0
145
0.0
170
     3
140
9.458283195209327
 92
        0
301
CELL_VALUE
 93
        6
 90
        1
 91
      350
 94
        0
300

302
350
304
ACVALUE_END
171
     1
172
     0
173
     0
174
     0
175
     1
176
     1
 91
   262176
178
     0
145
0.0
140
9.458283195209327
 92
        0
301
CELL_VALUE
 93
        6
 90
        4
  1
CONTADOR 2
 94
        0
300

302
CONTADOR 2
304
ACVALUE_END
171
     1
172
     0
173
     0
174
     0
175
     1
176
     1
 91
   262176
178
     0
145
0.0
140
9.458283195209327
 92
        0
301
CELL_VALUE
 93
        6
 90
        4
  1
CE
 94
        0
300

302
CE
304
ACVALUE_END
171
     1
172
     0
173
     0
174
     0
175
     1
176
     1
 91
   262176
178
     0
145
0.0
140
9.458283195209327
 92
        0
301
CELL_VALUE
 93
        6
 90
        4
  1
CUADRETE
 94
        0
300

302
CUADRETE
304
ACVALUE_END
171
     1
172
     0
173
     0
174
     0
175
     1
176
     1
 91
   262177
178
     0
145
0.0
170
     3
140
9.458283195209327
 92
        0
301
CELL_VALUE
 93
        6
 90
        1
 91
      500
 94
        0
300

302
500
304
ACVALUE_END
171
     1
172
     0
173
     0
174
     0
175
     1
176
     1
 91
   262176
178
     0
145
0.0
140
9.458283195209327
 92
        0
301
CELL_VALUE
 93
        6
 90
        4
  1
CONTADOR 3
 94
        0
300

302
CONTADOR 3
304
ACVALUE_END
171
     1
172
     0
173
     0
174
     0
175
     1
176
     1
 91
   262176
178
     0
145
0.0
140
9.458283195209327
 92
        0
301
CELL_VALUE
 93
        6
 90
        4
  1
CE
 94
        0
300

302
CE
304
ACVALUE_END
171
     1
172
     0
173
     0
174
     0
175
     1
176
     1
 91
   262176
178
     0
145
0.0
140
9.458283195209327
 92
        0
301
CELL_VALUE
 93
        6
 90
        4
  1
CUADRETE
 94
        0
300

302
CUADRETE
304
ACVALUE_END
171
     1
172
     0
173
     0
174
     0
175
     1
176
     1
 91
   262177
178
     0
145
0.0
170
     3
140
9.458283195209327
 92
        0
301
CELL_VALUE
 93
        6
 90
        1
 91
      600
 94
        0
300

302
600
304
ACVALUE_END
  0
LWPOLYLINE
  5
AF1F
330
70
100
AcDbEntity
  8
PDF2_Geometría
370
    -3
100
AcDbPolyline
 90
        2
 70
     0
 43
0.0
 10
-1044.157489001892
 20
-2786.754497570453
 10
-1044.157489001892
 20
-2841.85769578235
  0
LWPOLYLINE
  5
AF20
330
70
100
AcDbEntity
  8
PDF2_Geometría
370
    -3
100
AcDbPolyline
 90
        2
 70
     0
 43
0.0
 10
-1054.068298693969
 20
-2786.754497570453
 10
-1054.068298693969
 20
-2841.85769578235
  0
LWPOLYLINE
  5
AF21
330
70
100
AcDbEntity
  8
PDF2_Geometría
370
    -3
100
AcDbPolyline
 90
        2
 70
     0
 43
0.0
 10
-1038.209167284872
 20
-2841.85769578235
 10
-1044.157489001892
 20
-2841.85769578235
  0
LWPOLYLINE
  5
AF22
330
70
100
AcDbEntity
  8
PDF2_Geometría
370
    -3
100
AcDbPolyline
 90
        2
 70
     0
 43
0.0
 10
-1038.209167284872
 20
-2786.754497570453
 10
-1044.157489001892
 20
-2786.754497570453
  0
LWPOLYLINE
  5
AF23
330
70
100
AcDbEntity
  8
PDF2_Geometría
370
    -3
100
AcDbPolyline
 90
        2
 70
     0
 43
0.0
 10
-1054.068298693969
 20
-2841.85769578235
 10
-1060.016620410989
 20
-2841.85769578235
  0
LWPOLYLINE
  5
AF24
330
70
100
AcDbEntity
  8
PDF2_Geometría
370
    -3
100
AcDbPolyline
 90
        2
 70
     0
 43
0.0
 10
-1054.068298693969
 20
-2786.754497570453
 10
-1060.016620410989
 20
-2786.754497570453
  0
LWPOLYLINE
  5
AF26
330
70
100
AcDbEntity
  8
PDF2_Geometría
370
    -3
100
AcDbPolyline
 90
        2
 70
     0
 43
0.0
 10
-1044.157489001892
 20
-2814.306096676403
 10
-562.9346114314416
 20
-2814.306096676403
  0
INSERT
  5
B510
330
70
100
AcDbEntity
  8
Viewport
100
AcDbBlockReference
  2
a3
 10
-2239.469829869098
 20
-4228.489441185895
 30
0.0
 41
9.999999999999994
 42
9.999999999999994
 43
9.999999999999994
  0
INSERT
  5
B511
330
70
100
AcDbEntity
  8
Viewport
100
AcDbBlockReference
 66
     1
  2
Rotulo SOFSE2
 10
1860.530170130894
 20
-4128.489441185897
 30
0.0
 41
9.632292826152953
 42
9.632292826152953
 43
9.632292826152953
  0
ATTRIB
  5
B512
330
B511
100
AcDbEntity
  8
TEXTO
100
AcDbText
 10
209.9163907092597
 20
-4010.493854065525
 30
0.0
 40
24.08073206538239
  1
SUBGERENCIA DE SEÑALAMIENTO
 41
1.1
  7
ISOCPEUR
 72
     1
 11
473.4800031648699
 21
-3998.453488032833
 31
0.0
100
AcDbAttribute
280
     0
  2
AREA
 70
     0
 74
     2
280
     1
  0
ATTRIB
  5
B513
330
B511
100
AcDbEntity
  8
TEXTO
100
AcDbText
 10
1163.73010708699
 20
-3690.220117595938
 30
0.0
 40
28.89687847845886
  1
MÍMICO ALVEAR
 41
1.1
  7
ISOCPEUR
 72
     1
 11
1316.305625453253
 21
-3675.771678356709
 31
0.0
100
AcDbAttribute
280
     0
  2
ELEMENTO/CONJUNTO
 70
     0
 74
     2
280
     1
  0
ATTRIB
  5
B514
330
B511
100
AcDbEntity
  8
TEXTO
100
AcDbText
 10
1316.305625453253
 20
-3767.278460205162
 30
0.0
 40
28.89687847845886
  1

 41
1.1
  7
ISOCPEUR
 72
     1
 11
1316.305625453253
 21
-3752.830020965933
 31
0.0
100
AcDbAttribute
280
     0
  2
PARTE/GRUPO
 70
     0
 74
     2
280
     1
  0
ATTRIB
  5
B515
330
B511
100
AcDbEntity
  8
TEXTO
100
AcDbText
 10
1316.305625453253
 20
-3844.336802814386
 30
0.0
 40
28.89687847845886
  1

 41
1.1
  7
ISOCPEUR
 72
     1
 11
1316.305625453253
 21
-3829.888363575156
 31
0.0
100
AcDbAttribute
280
     0
  2
TEMA/CLASIFICACION
 70
     0
 74
     2
280
     1
  0
ATTRIB
  5
B516
330
B511
100
AcDbEntity
  8
TEXTO
100
AcDbText
 10
781.7133736017645
 20
-3898.759257282153
 30
0.0
 40
17.33812708707532
  1
RELEVO:
 41
1.1
  7
ISOCPEUR
 11
781.7133736017645
 21
-3890.090193738615
 31
0.0
100
AcDbAttribute
280
     0
  2
PROY./REL.
 70
     0
 74
     2
280
     1
  0
ATTRIB
  5
B517
330
B511
100
AcDbEntity
  8
TEXTO
100
AcDbText
 10
935.830058820211
 20
-3898.759257282153
 30
0.0
 40
17.33812708707532
  1

 41
1.1
  7
ISOCPEUR
 11
935.830058820211
 21
-3890.090193738615
 31
0.0
100
AcDbAttribute
280
     0
  2
PROYECTO/RELEVO
 70
     0
 74
     2
280
     1
  0
ATTRIB
  5
B518
330
B511
100
AcDbEntity
  8
TEXTO
100
AcDbText
 10
1388.547821649401
 20
-3898.759257282153
 30
0.0
 40
17.33812708707532
  1

 41
1.1
  7
ISOCPEUR
 72
     1
 11
1388.547821649401
 21
-3890.090193738615
 31
0.0
100
AcDbAttribute
280
     0
  2
FECHA_PROY_REL
 70
     0
 74
     2
280
     1
  0
ATTRIB
  5
B519
330
B511
100
AcDbEntity
  8
TEXTO
100
AcDbText
 10
935.830058820211
 20
-3942.104574999838
 30
0.0
 40
17.33812708707532
  1

 41
1.1
  7
ISOCPEUR
 11
935.830058820211
 21
-3933.435511456301
 31
0.0
100
AcDbAttribute
280
     0
  2
DIBUJO
 70
     0
 74
     2
280
     1
  0
ATTRIB
  5
B51A
330
B511
100
AcDbEntity
  8
TEXTO
100
AcDbText
 10
1388.547821649401
 20
-3942.104574999838
 30
0.0
 40
17.33812708707532
  1

 41
1.1
  7
ISOCPEUR
 72
     1
 11
1388.547821649401
 21
-3933.435511456301
 31
0.0
100
AcDbAttribute
280
     0
  2
FECHA_DIB
 70
     0
 74
     2
280
     1
  0
ATTRIB
  5
B51B
330
B511
100
AcDbEntity
  8
TEXTO
100
AcDbText
 10
935.830058820211
 20
-3985.449892717527
 30
0.0
 40
17.33812708707532
  1

 41
1.1
  7
ISOCPEUR
 11
935.830058820211
 21
-3976.780829173989
 31
0.0
100
AcDbAttribute
280
     0
  2
REVISO
 70
     0
 74
     2
280
     1
  0
ATTRIB
  5
B51C
330
B511
100
AcDbEntity
  8
TEXTO
100
AcDbText
 10
1388.547821649401
 20
-3985.449892717527
 30
0.0
 40
17.33812708707532
  1

 41
1.1
  7
ISOCPEUR
 72
     1
 11
1388.547821649401
 21
-3976.780829173989
 31
0.0
100
AcDbAttribute
280
     0
  2
FECHA_REV
 70
     0
 74
     2
280
     1
  0
ATTRIB
  5
B51D
330
B511
100
AcDbEntity
  8
TEXTO
100
AcDbText
 10
935.830058820211
 20
-4028.795210435215
 30
0.0
 40
17.33812708707532
  1

 41
1.1
  7
ISOCPEUR
 11
935.830058820211
 21
-4020.126146891677
 31
0.0
100
AcDbAttribute
280
     0
  2
APROBO
 70
     0
 74
     2
280
     1
  0
ATTRIB
  5
B51E
330
B511
100
AcDbEntity
  8
TEXTO
100
AcDbText
 10
1388.547821649401
 20
-4028.795210435215
 30
0.0
 40
17.33812708707532
  1

 41
1.1
  7
ISOCPEUR
 72
     1
 11
1388.547821649401
 21
-4020.126146891677
 31
0.0
100
AcDbAttribute
280
     0
  2
FECHA_APROBO
 70
     0
 74
     2
280
     1
  0
ATTRIB
  5
B51F
330
B511
100
AcDbEntity
  8
TEXTO
100
AcDbText
 10
1484.87074991093
 20
-3939.696501793302
 30
0.0
 40
28.89687847845886
  1

 41
1.1
  7
ISOCPEUR
 11
1484.87074991093
 21
-3925.248062554072
 31
0.0
100
AcDbAttribute
280
     0
  2
T.CC.P.GG.0000
 70
     0
 74
     2
280
     1
  0
ATTRIB
  5
B520
330
B511
100
AcDbEntity
  8
TEXTO
100
AcDbText
 10
1807.913770568035
 20
-3942.104574999838
 30
0.0
 40
24.08073206538239
  1
3
 41
1.1
  7
ISOCPEUR
 72
     1
 11
1817.184852413207
 21
-3930.064208967147
 31
0.0
100
AcDbAttribute
280
     0
  2
R
 70
     0
 74
     2
280
     1
  0
ATTRIB
  5
B521
330
B511
100
AcDbEntity
  8
TEXTO
100
AcDbText
 10
1484.87074991093
 20
-4026.38713722868
 30
0.0
 40
28.89687847845886
  1

 41
1.1
  7
ISOCPEUR
 11
1484.87074991093
 21
-4011.93869798945
 31
0.0
100
AcDbAttribute
280
     0
  2
T.CC.P.GG.0000
 70
     0
 74
     2
280
     1
  0
ATTRIB
  5
B522
330
B511
100
AcDbEntity
  8
TEXTO
100
AcDbText
 10
1484.87074991093
 20
-4113.077772664054
 30
0.0
 40
28.89687847845886
  1

 41
1.1
  7
ISOCPEUR
 11
1484.87074991093
 21
-4098.629333424823
 31
0.0
100
AcDbAttribute
280
     0
  2
NUM00000000000N
 70
     0
 74
     2
280
     1
  0
ATTRIB
  5
B523
330
B511
100
AcDbEntity
  8
TEXTO
100
AcDbText
 10
999.6343665006486
 20
-4108.261626250979
 30
0.0
 40
17.33812708707532
  1
N/A
 41
1.1
  7
ISOCPEUR
 72
     1
 11
1022.520694255588
 21
-4099.592562707441
 31
0.0
100
AcDbAttribute
280
     0
  2
ESCALA
 70
     0
 74
     2
280
     1
  0
ATTRIB
  5
B524
330
B511
100
AcDbEntity
  8
TEXTO
100
AcDbText
 10
1199.908998942021
 20
-4108.261626250979
 30
0.0
 40
17.33812708707532
  1
A3
 41
1.1
  7
ISOCPEUR
 72
     1
 11
1215.166550778647
 21
-4099.592562707441
 31
0.0
100
AcDbAttribute
280
     0
  2
FORMATO
 70
     0
 74
     2
280
     1
  0
ATTRIB
  5
B525
330
B511
100
AcDbEntity
  8
TEXTO
100
AcDbText
 10
1357.791910655493
 20
-4108.261626250979
 30
0.0
 40
17.33812708707532
  1
6
 41
1.1
  7
ISOCPEUR
 72
     1
 11
1364.467089584017
 21
-4099.592562707441
 31
0.0
100
AcDbAttribute
280
     0
  2
HN°
 70
     0
 74
     2
280
     1
  0
ATTRIB
  5
B526
330
B511
100
AcDbEntity
  8
TEXTO
100
AcDbText
 10
1405.953374786259
 20
-4108.261626250979
 30
0.0
 40
17.33812708707532
  1
8
 41
1.1
  7
ISOCPEUR
 72
     1
 11
1412.628553714783
 21
-4099.592562707441
 31
0.0
100
AcDbAttribute
280
     0
  2
HT
 70
     0
 74
     2
280
     1
  0
SEQEND
  5
B527
330
B511
100
AcDbEntity
  8
Viewport
  0
LWPOLYLINE
  5
BC99
330
70
100
AcDbEntity
  8
Señales
370
    -3
100
AcDbPolyline
 90
        2
 70
     0
 43
0.0
 10
-1234.554005011057
 20
-2511.289519226409
 10
-1234.554005011057
 20
-2493.849716207704
  0
MTEXT
  5
BC9A
330
70
100
AcDbEntity
  8
Fibra Óptica
100
AcDbMText
 10
1356.515819386308
 20
-2789.229606099213
 30
0.0
 40
23.64366620091967
 41
0.0
 46
0.0
 71
     7
 72
     5
  1
F.O.
  7
PDF Arial
 73
     1
 44
1.0
  0
LWPOLYLINE
  5
BC9B
330
70
100
AcDbEntity
  8
Señales
370
    -3
100
AcDbPolyline
 90
        2
 70
     0
 43
0.0
 10
508.0538834250717
 20
-2709.85271420729
 10
508.0538834250717
 20
-2727.292517225994
  0
LINE
  5
BCB9
330
70
100
AcDbEntity
  8
Fibra Óptica
100
AcDbLine
 10
1557.065629776601
 20
-2757.880912370439
 30
0.0
 11
211.7716890292995
 21
-2763.522915704029
 31
0.0
  0
LWPOLYLINE
  5
BCC0
330
70
100
AcDbEntity
  8
Canalizaciones
  6
Continuous
100
AcDbPolyline
 90
        2
 70
     0
 43
0.0
 10
1520.390112157814
 20
-873.0685850481805
 10
1520.390112157814
 20
-859.5189954253678
  0
LWPOLYLINE
  5
BCC1
330
70
100
AcDbEntity
  8
Canalizaciones
  6
Continuous
100
AcDbPolyline
 90
        2
 70
     0
 43
0.0
 10
1506.840522535002
 20
-859.5189954253678
 10
1520.390112157814
 20
-859.5189954253678
  0
LINE
  5
BCC2
330
70
100
AcDbEntity
  8
Canalizaciones
  6
Continuous
100
AcDbLine
 10
1506.840522535002
 20
-859.5189954253678
 30
0.0
 11
1506.840522535002
 21
-873.0685850481805
 31
0.0
  0
LINE
  5
BCC3
330
70
100
AcDbEntity
  8
Canalizaciones
  6
Continuous
100
AcDbLine
 10
1506.840522535002
 20
-873.0685850481805
 30
0.0
 11
1520.390112157814
 21
-873.0685850481805
 31
0.0
  0
LINE
  5
BCC4
330
70
100
AcDbEntity
  8
Canalizaciones
  6
Continuous
100
AcDbLine
 10
1506.840522535002
 20
-859.5189954253678
 30
0.0
 11
1520.390112157814
 21
-873.0685850481805
 31
0.0
  0
LINE
  5
BCC5
330
70
100
AcDbEntity
  8
Canalizaciones
  6
Continuous
100
AcDbLine
 10
1520.390112157814
 20
-859.5189954253678
 30
0.0
 11
1506.840522535002
 21
-873.0685850481805
 31
0.0
  0
LINE
  5
BCD2
330
70
100
AcDbEntity
  8
Canalizaciones
100
AcDbLine
 10
1503.489763589525
 20
-818.3264881826005
 30
0.0
 11
1513.615317346408
 21
-818.3264881826005
 31
0.0
  0
LINE
  5
BCD3
330
70
100
AcDbEntity
  8
Canalizaciones
100
AcDbLine
 10
1513.615317346408
 20
-818.3264881826005
 30
0.0
 11
1513.615317346408
 21
-822.6107923260849
 31
0.0
  0
LINE
  5
BCD4
330
70
100
AcDbEntity
  8
Canalizaciones
100
AcDbLine
 10
1513.615317346408
 20
-859.5189954253678
 30
0.0
 11
1513.615317346408
 21
-836.1603819488973
 31
0.0
  0
LINE
  5
BCD5
330
70
100
AcDbEntity
  8
Canalizaciones
 48
1.5
100
AcDbLine
 10
1513.615317346408
 20
-873.0685850481807
 30
0.0
 11
1513.615317346408
 21
-914.834963425368
 31
0.0
  0
LINE
  5
BCD6
330
70
100
AcDbEntity
  8
Canalizaciones
 48
1.5
100
AcDbLine
 10
1513.615317346408
 20
-928.3845530481809
 30
0.0
 11
1513.615317346408
 21
-961.2528274313083
 31
0.0
  0
LINE
  5
BCEF
330
70
100
AcDbEntity
  8
Canalizaciones
100
AcDbLine
 10
1977.890018067908
 20
-817.7295228568493
 30
0.0
 11
1977.890018067908
 21
-790.2199828737218
 31
0.0
  0
LINE
  5
BCF0
330
70
100
AcDbEntity
  8
Canalizaciones
 48
1.5
100
AcDbLine
 10
1977.890018067908
 20
-831.2791124796618
 30
0.0
 11
1977.890018067908
 21
-858.5834006300208
 31
0.0
  0
LINE
  5
BCF1
330
70
100
AcDbEntity
  8
Canalizaciones
 48
1.5
100
AcDbLine
 10
1977.890018067908
 20
-872.1329902528335
 30
0.0
 11
1977.890018067908
 21
-912.7032200764194
 31
0.0
  0
LINE
  5
BCF2
330
70
100
AcDbEntity
  8
Canalizaciones
 48
1.75
100
AcDbLine
 10
1520.390112157815
 20
-829.3819473481621
 30
0.0
 11
1686.083776527488
 21
-829.29292767329
 31
0.0
  0
LINE
  5
BCF3
330
70
100
AcDbEntity
  8
Canalizaciones
 48
1.75
100
AcDbLine
 10
1971.115223256502
 20
-783.4451880623153
 30
0.0
 11
1725.846313771449
 21
-783.4451880623155
 31
0.0
  0
LINE
  5
BCF4
330
70
100
AcDbEntity
  8
Canalizaciones
 48
1.75
100
AcDbLine
 10
1725.846313771449
 20
-783.4451880623155
 30
0.0
 11
1686.083776527488
 21
-829.29292767329
 31
0.0
  0
LINE
  5
BCF5
330
70
100
AcDbEntity
  8
Canalizaciones
 48
1.75
100
AcDbLine
 10
1984.664812879315
 20
-919.4780148878255
 30
0.0
 11
2215.465752554103
 21
-919.4780148878255
 31
0.0
  0
LINE
  5
BCF6
330
70
100
AcDbEntity
  8
Canalizaciones
 48
1.75
100
AcDbLine
 10
1070.940592669815
 20
-814.1794828993878
 30
0.0
 11
1467.104034389525
 21
-814.1794828993878
 31
0.0
  0
LINE
  5
BCF7
330
70
100
AcDbEntity
  8
Canalizaciones
 48
1.75
100
AcDbLine
 10
1802.422512764019
 20
-919.4780148878258
 30
0.0
 11
1759.419468872191
 21
-968.0276222427146
 31
0.0
  0
LINE
  5
BCF8
330
70
100
AcDbEntity
  8
Canalizaciones
 48
1.75
100
AcDbLine
 10
1520.390112157814
 20
-968.0276222427146
 30
0.0
 11
1759.419468872191
 21
-968.0276222427146
 31
0.0
  0
LINE
  5
BCF9
330
70
100
AcDbEntity
  8
Canalizaciones
 48
1.75
100
AcDbLine
 10
1971.115223256502
 20
-919.4780148878258
 30
0.0
 11
1802.422512764018
 21
-919.4780148878255
 31
0.0
  0
LINE
  5
BE28
330
70
100
AcDbEntity
  8
Canalizaciones
100
AcDbLine
 10
1506.840522535002
 20
-968.0276222427151
 30
0.0
 11
1268.528570956725
 21
-968.0276222427149
 31
0.0
  0
LWPOLYLINE
  5
BE46
330
70
100
AcDbEntity
  8
Canalizaciones
  6
Continuous
100
AcDbPolyline
 90
        2
 70
     0
 43
0.0
 10
1520.390112157815
 20
-836.1603819488975
 10
1520.390112157815
 20
-822.6107923260849
  0
LWPOLYLINE
  5
BE47
330
70
100
AcDbEntity
  8
Canalizaciones
  6
Continuous
100
AcDbPolyline
 90
        2
 70
     0
 43
0.0
 10
1506.840522535002
 20
-822.6107923260849
 10
1520.390112157814
 20
-822.6107923260849
  0
LINE
  5
BE48
330
70
100
AcDbEntity
  8
Canalizaciones
  6
Continuous
100
AcDbLine
 10
1506.840522535002
 20
-822.6107923260849
 30
0.0
 11
1506.840522535002
 21
-836.1603819488975
 31
0.0
  0
LINE
  5
BE49
330
70
100
AcDbEntity
  8
Canalizaciones
  6
Continuous
100
AcDbLine
 10
1506.840522535002
 20
-836.1603819488975
 30
0.0
 11
1520.390112157815
 21
-836.1603819488975
 31
0.0
  0
LINE
  5
BE4A
330
70
100
AcDbEntity
  8
Canalizaciones
  6
Continuous
100
AcDbLine
 10
1506.840522535002
 20
-822.6107923260849
 30
0.0
 11
1520.390112157815
 21
-836.1603819488975
 31
0.0
  0
LINE
  5
BE4B
330
70
100
AcDbEntity
  8
Canalizaciones
  6
Continuous
100
AcDbLine
 10
1520.390112157815
 20
-822.6107923260849
 30
0.0
 11
1506.840522535002
 21
-836.1603819488975
 31
0.0
  0
LWPOLYLINE
  5
BE4C
330
70
100
AcDbEntity
  8
Canalizaciones
  6
Continuous
100
AcDbPolyline
 90
        2
 70
     0
 43
0.0
 10
1520.390112157814
 20
-928.3845530481805
 10
1520.390112157814
 20
-914.834963425368
  0
LWPOLYLINE
  5
BE4D
330
70
100
AcDbEntity
  8
Canalizaciones
  6
Continuous
100
AcDbPolyline
 90
        2
 70
     0
 43
0.0
 10
1506.840522535002
 20
-914.834963425368
 10
1520.390112157814
 20
-914.834963425368
  0
LINE
  5
BE4E
330
70
100
AcDbEntity
  8
Canalizaciones
  6
Continuous
100
AcDbLine
 10
1506.840522535002
 20
-914.834963425368
 30
0.0
 11
1506.840522535002
 21
-928.3845530481805
 31
0.0
  0
LINE
  5
BE4F
330
70
100
AcDbEntity
  8
Canalizaciones
  6
Continuous
100
AcDbLine
 10
1506.840522535002
 20
-928.3845530481805
 30
0.0
 11
1520.390112157814
 21
-928.3845530481805
 31
0.0
  0
LINE
  5
BE50
330
70
100
AcDbEntity
  8
Canalizaciones
  6
Continuous
100
AcDbLine
 10
1506.840522535002
 20
-914.834963425368
 30
0.0
 11
1520.390112157814
 21
-928.3845530481805
 31
0.0
  0
LINE
  5
BE51
330
70
100
AcDbEntity
  8
Canalizaciones
  6
Continuous
100
AcDbLine
 10
1520.390112157814
 20
-914.834963425368
 30
0.0
 11
1506.840522535002
 21
-928.3845530481805
 31
0.0
  0
LWPOLYLINE
  5
BE52
330
70
100
AcDbEntity
  8
Canalizaciones
  6
Continuous
100
AcDbPolyline
 90
        2
 70
     0
 43
0.0
 10
1520.390112157814
 20
-974.802417054121
 10
1520.390112157814
 20
-961.2528274313083
  0
LWPOLYLINE
  5
BE53
330
70
100
AcDbEntity
  8
Canalizaciones
  6
Continuous
100
AcDbPolyline
 90
        2
 70
     0
 43
0.0
 10
1506.840522535002
 20
-961.2528274313083
 10
1520.390112157814
 20
-961.2528274313083
  0
LINE
  5
BE54
330
70
100
AcDbEntity
  8
Canalizaciones
  6
Continuous
100
AcDbLine
 10
1506.840522535002
 20
-961.2528274313083
 30
0.0
 11
1506.840522535002
 21
-974.802417054121
 31
0.0
  0
LINE
  5
BE55
330
70
100
AcDbEntity
  8
Canalizaciones
  6
Continuous
100
AcDbLine
 10
1506.840522535002
 20
-974.802417054121
 30
0.0
 11
1520.390112157814
 21
-974.802417054121
 31
0.0
  0
LINE
  5
BE56
330
70
100
AcDbEntity
  8
Canalizaciones
  6
Continuous
100
AcDbLine
 10
1506.840522535002
 20
-961.2528274313083
 30
0.0
 11
1520.390112157814
 21
-974.802417054121
 31
0.0
  0
LINE
  5
BE57
330
70
100
AcDbEntity
  8
Canalizaciones
  6
Continuous
100
AcDbLine
 10
1520.390112157814
 20
-961.2528274313083
 30
0.0
 11
1506.840522535002
 21
-974.802417054121
 31
0.0
  0
LWPOLYLINE
  5
BE58
330
70
100
AcDbEntity
  8
Canalizaciones
  6
Continuous
100
AcDbPolyline
 90
        2
 70
     0
 43
0.0
 10
1984.664812879315
 20
-790.2199828737218
 10
1984.664812879315
 20
-776.6703932509092
  0
LWPOLYLINE
  5
BE59
330
70
100
AcDbEntity
  8
Canalizaciones
  6
Continuous
100
AcDbPolyline
 90
        2
 70
     0
 43
0.0
 10
1971.115223256502
 20
-776.6703932509092
 10
1984.664812879314
 20
-776.6703932509092
  0
LINE
  5
BE5A
330
70
100
AcDbEntity
  8
Canalizaciones
  6
Continuous
100
AcDbLine
 10
1971.115223256502
 20
-776.6703932509092
 30
0.0
 11
1971.115223256502
 21
-790.2199828737218
 31
0.0
  0
LINE
  5
BE5B
330
70
100
AcDbEntity
  8
Canalizaciones
  6
Continuous
100
AcDbLine
 10
1971.115223256502
 20
-790.2199828737218
 30
0.0
 11
1984.664812879315
 21
-790.2199828737218
 31
0.0
  0
LINE
  5
BE5C
330
70
100
AcDbEntity
  8
Canalizaciones
  6
Continuous
100
AcDbLine
 10
1971.115223256502
 20
-776.6703932509092
 30
0.0
 11
1984.664812879315
 21
-790.2199828737218
 31
0.0
  0
LINE
  5
BE5D
330
70
100
AcDbEntity
  8
Canalizaciones
  6
Continuous
100
AcDbLine
 10
1984.664812879315
 20
-776.6703932509092
 30
0.0
 11
1971.115223256502
 21
-790.2199828737218
 31
0.0
  0
LWPOLYLINE
  5
BE5E
330
70
100
AcDbEntity
  8
Canalizaciones
  6
Continuous
100
AcDbPolyline
 90
        2
 70
     0
 43
0.0
 10
1984.664812879315
 20
-831.2791124796619
 10
1984.664812879315
 20
-817.7295228568493
  0
LWPOLYLINE
  5
BE5F
330
70
100
AcDbEntity
  8
Canalizaciones
  6
Continuous
100
AcDbPolyline
 90
        2
 70
     0
 43
0.0
 10
1971.115223256503
 20
-817.7295228568493
 10
1984.664812879315
 20
-817.7295228568493
  0
LINE
  5
BE60
330
70
100
AcDbEntity
  8
Canalizaciones
  6
Continuous
100
AcDbLine
 10
1971.115223256503
 20
-817.7295228568493
 30
0.0
 11
1971.115223256503
 21
-831.2791124796619
 31
0.0
  0
LINE
  5
BE61
330
70
100
AcDbEntity
  8
Canalizaciones
  6
Continuous
100
AcDbLine
 10
1971.115223256503
 20
-831.2791124796619
 30
0.0
 11
1984.664812879315
 21
-831.2791124796619
 31
0.0
  0
LINE
  5
BE62
330
70
100
AcDbEntity
  8
Canalizaciones
  6
Continuous
100
AcDbLine
 10
1971.115223256503
 20
-817.7295228568493
 30
0.0
 11
1984.664812879315
 21
-831.2791124796619
 31
0.0
  0
LINE
  5
BE63
330
70
100
AcDbEntity
  8
Canalizaciones
  6
Continuous
100
AcDbLine
 10
1984.664812879315
 20
-817.7295228568493
 30
0.0
 11
1971.115223256503
 21
-831.2791124796619
 31
0.0
  0
LWPOLYLINE
  5
BE64
330
70
100
AcDbEntity
  8
Canalizaciones
  6
Continuous
100
AcDbPolyline
 90
        2
 70
     0
 43
0.0
 10
1984.664812879315
 20
-872.1329902528335
 10
1984.664812879315
 20
-858.5834006300208
  0
LWPOLYLINE
  5
BE65
330
70
100
AcDbEntity
  8
Canalizaciones
  6
Continuous
100
AcDbPolyline
 90
        2
 70
     0
 43
0.0
 10
1971.115223256502
 20
-858.5834006300208
 10
1984.664812879314
 20
-858.5834006300208
  0
LINE
  5
BE66
330
70
100
AcDbEntity
  8
Canalizaciones
  6
Continuous
100
AcDbLine
 10
1971.115223256502
 20
-858.5834006300208
 30
0.0
 11
1971.115223256502
 21
-872.1329902528335
 31
0.0
  0
LINE
  5
BE67
330
70
100
AcDbEntity
  8
Canalizaciones
  6
Continuous
100
AcDbLine
 10
1971.115223256502
 20
-872.1329902528335
 30
0.0
 11
1984.664812879315
 21
-872.1329902528335
 31
0.0
  0
LINE
  5
BE68
330
70
100
AcDbEntity
  8
Canalizaciones
  6
Continuous
100
AcDbLine
 10
1971.115223256502
 20
-858.5834006300208
 30
0.0
 11
1984.664812879315
 21
-872.1329902528335
 31
0.0
  0
LINE
  5
BE69
330
70
100
AcDbEntity
  8
Canalizaciones
  6
Continuous
100
AcDbLine
 10
1984.664812879315
 20
-858.5834006300208
 30
0.0
 11
1971.115223256502
 21
-872.1329902528335
 31
0.0
  0
LWPOLYLINE
  5
BE6A
330
70
100
AcDbEntity
  8
Canalizaciones
  6
Continuous
100
AcDbPolyline
 90
        2
 70
     0
 43
0.0
 10
1984.664812879315
 20
-926.2528096992321
 10
1984.664812879315
 20
-912.7032200764194
  0
LWPOLYLINE
  5
BE6B
330
70
100
AcDbEntity
  8
Canalizaciones
  6
Continuous
100
AcDbPolyline
 90
        2
 70
     0
 43
0.0
 10
1971.115223256502
 20
-912.7032200764194
 10
1984.664812879314
 20
-912.7032200764194
  0
LINE
  5
BE6C
330
70
100
AcDbEntity
  8
Canalizaciones
  6
Continuous
100
AcDbLine
 10
1971.115223256502
 20
-912.7032200764194
 30
0.0
 11
1971.115223256502
 21
-926.2528096992321
 31
0.0
  0
LINE
  5
BE6D
330
70
100
AcDbEntity
  8
Canalizaciones
  6
Continuous
100
AcDbLine
 10
1971.115223256502
 20
-926.2528096992321
 30
0.0
 11
1984.664812879315
 21
-926.2528096992321
 31
0.0
  0
LINE
  5
BE6E
330
70
100
AcDbEntity
  8
Canalizaciones
  6
Continuous
100
AcDbLine
 10
1971.115223256502
 20
-912.7032200764194
 30
0.0
 11
1984.664812879315
 21
-926.2528096992321
 31
0.0
  0
LINE
  5
BE6F
330
70
100
AcDbEntity
  8
Canalizaciones
  6
Continuous
100
AcDbLine
 10
1984.664812879315
 20
-912.7032200764194
 30
0.0
 11
1971.115223256502
 21
-926.2528096992321
 31
0.0
  0
LINE
  5
BE70
330
70
100
AcDbEntity
  8
Canalizaciones
100
AcDbLine
 10
1268.528570956725
 20
-968.0276222427149
 30
0.0
 11
1268.528570956725
 21
-992.2152427403139
 31
0.0
  0
LWPOLYLINE
  5
BE71
330
70
100
AcDbEntity
  8
Canalizaciones
  6
Continuous
100
AcDbPolyline
 90
        4
 70
     1
 43
0.0
 10
1260.275812275671
 20
-992.2152427403139
 10
1276.781329637779
 20
-992.2152427403139
 10
1276.781329637779
 20
-992.2152427403139
 10
1260.275812275671
 20
-992.2152427403139
  0
LWPOLYLINE
  5
BE73
330
70
100
AcDbEntity
  8
Canalizaciones
  6
Continuous
100
AcDbPolyline
 90
        4
 70
     1
 43
0.0
 10
1260.275812275671
 20
-1008.720760102421
 10
1260.275812275671
 20
-992.2152427403139
 10
1260.275812275671
 20
-992.2152427403139
 10
1260.275812275671
 20
-1008.720760102421
  0
LINE
  5
BE76
330
70
100
AcDbEntity
  8
Canalizaciones
  6
Continuous
100
AcDbLine
 10
1260.275812275671
 20
-1008.720760102421
 30
0.0
 11
1276.781329637779
 21
-1008.720760102421
 31
0.0
  0
LINE
  5
BE77
330
70
100
AcDbEntity
  8
Canalizaciones
  6
Continuous
100
AcDbLine
 10
1276.781329637779
 20
-1008.720760102421
 30
0.0
 11
1276.781329637779
 21
-992.2152427403139
 31
0.0
  0
LINE
  5
BE79
330
70
100
AcDbEntity
  8
Canalizaciones
  6
Continuous
100
AcDbLine
 10
1268.01093286652
 20
-998.5361497687895
 30
0.0
 11
1269.04620904693
 21
-1002.399853073945
 31
0.0
  0
LINE
  5
BE7A
330
70
100
AcDbEntity
  8
Canalizaciones
  6
Continuous
100
AcDbLine
 10
1269.04620904693
 20
-1002.399853073945
 30
0.0
 11
1272.04620904693
 21
-997.2037006512394
 31
0.0
  0
LINE
  5
BE7B
330
70
100
AcDbEntity
  8
Canalizaciones
  6
Continuous
100
AcDbLine
 10
1268.01093286652
 20
-998.5361497687895
 30
0.0
 11
1265.01093286652
 21
-1003.732302191496
 31
0.0
  0
LINE
  5
BE7C
330
70
100
AcDbEntity
  8
Canalizaciones
  6
Continuous
100
AcDbLine
 10
1272.04620904693
 20
-997.2037006512394
 30
0.0
 11
1270.98554887515
 21
-998.2643608230191
 31
0.0
  0
LINE
  5
BE7D
330
70
100
AcDbEntity
  8
Canalizaciones
  6
Continuous
100
AcDbLine
 10
1272.04620904693
 20
-997.2037006512394
 30
0.0
 11
1271.657980479276
 21
-998.652589390673
 31
0.0
  0
HATCH
  5
BEF2
330
70
100
AcDbEntity
  8
Señales
 62
     7
420
 16777215
100
AcDbHatch
 10
0.0
 20
0.0
 30
0.0
210
0.0
220
0.0
230
1.0
  2
SOLID
 70
     1
 71
     1
 91
        1
 92
        7
 72
     1
 73
     1
 93
        2
 10
316.6619797526735
 20
-2541.809174509144
 42
1.0
 10
270.7008853124846
 20
-2541.809174509144
 42
1.0
 97
        1
330
9BF1
 75
     1
 76
     1
 47
0.1420866857311364
 98
        1
 10
302.1038947953157
 20
-2552.142503509984
450
        0
451
        0
460
0.0
461
0.0
452
        0
462
0.0
453
        2
463
0.0
 63
     5
421
      255
463
1.0
 63
     2
421
 16776960
470
LINEAR
1001
GradientColor1ACI
1070
     5
1001
GradientColor2ACI
1070
     2
1001
ACAD
1010
0.0
1020
0.0
1030
0.0
  0
MTEXT
  5
BEFA
330
70
100
AcDbEntity
  8
Señales
 62
   250
100
AcDbMText
 10
288.1015154834368
 20
-2547.303944959554
 30
0.0
 40
12.6110442602791
 41
0.0
 46
0.0
 71
     7
 72
     5
  1
G
  7
PDF Arial
 73
     1
 44
1.0
  0
HATCH
  5
BF3D
330
70
100
AcDbEntity
  8
Señales
 62
     7
420
 16777215
100
AcDbHatch
 10
0.0
 20
0.0
 30
0.0
210
0.0
220
0.0
230
1.0
  2
SOLID
 70
     1
 71
     1
 91
        1
 92
        7
 72
     1
 73
     1
 93
        2
 10
316.6619797526735
 20
-2405.560713425514
 42
1.0
 10
270.7008853124846
 20
-2405.560713425514
 42
1.0
 97
        1
330
BF3E
 75
     1
 76
     1
 47
0.1420866857311364
 98
        1
 10
302.1038947953157
 20
-2415.894042426355
450
        0
451
        0
460
0.0
461
0.0
452
        0
462
0.0
453
        2
463
0.0
 63
     5
421
      255
463
1.0
 63
     2
421
 16776960
470
LINEAR
1001
GradientColor1ACI
1070
     5
1001
GradientColor2ACI
1070
     2
1001
ACAD
1010
0.0
1020
0.0
1030
0.0
  0
CIRCLE
  5
BF3E
102
{ACAD_REACTORS
330
BF3D
102
}
330
70
100
AcDbEntity
  8
Señales
370
    -3
100
AcDbCircle
 10
293.681432532579
 20
-2405.560713425514
 30
0.0
 40
22.98054722009443
  0
MTEXT
  5
BF3F
330
70
100
AcDbEntity
  8
Señales
 62
   250
100
AcDbMText
 10
286.8596700228818
 20
-2411.055483875923
 30
0.0
 40
12.6110442602791
 41
0.0
 46
0.0
 71
     7
 72
     5
  1
E
  7
PDF Arial
 73
     1
 44
1.0
  0
HATCH
  5
BF44
330
70
100
AcDbEntity
  8
Señales
 62
     7
420
 16777215
100
AcDbHatch
 10
0.0
 20
0.0
 30
0.0
210
0.0
220
0.0
230
1.0
  2
SOLID
 70
     1
 71
     1
 91
        1
 92
        7
 72
     1
 73
     1
 93
        2
 10
705.0004050683408
 20
-2678.057635592774
 42
1.0
 10
659.0393106281519
 20
-2678.057635592774
 42
1.0
 97
        1
330
BF45
 75
     1
 76
     1
 47
0.1420866857311364
 98
        1
 10
690.4423201109832
 20
-2688.390964593615
450
        0
451
        0
460
0.0
461
0.0
452
        0
462
0.0
453
        2
463
0.0
 63
     5
421
      255
463
1.0
 63
     2
421
 16776960
470
LINEAR
1001
GradientColor1ACI
1070
     5
1001
GradientColor2ACI
1070
     2
1001
ACAD
1010
0.0
1020
0.0
1030
0.0
  0
CIRCLE
  5
BF45
102
{ACAD_REACTORS
330
BF44
102
}
330
70
100
AcDbEntity
  8
Señales
370
    -3
100
AcDbCircle
 10
682.0198578482464
 20
-2678.057635592774
 30
0.0
 40
22.98054722009443
  0
MTEXT
  5
BF46
330
70
100
AcDbEntity
  8
Señales
 62
   250
100
AcDbMText
 10
677.5834998580858
 20
-2683.552406043183
 30
0.0
 40
12.6110442602791
 41
0.0
 46
0.0
 71
     7
 72
     5
  1
A
  7
PDF Arial
 73
     1
 44
1.0
  0
HATCH
  5
BF47
330
70
100
AcDbEntity
  8
Señales
 62
     7
420
 16777215
100
AcDbHatch
 10
0.0
 20
0.0
 30
0.0
210
0.0
220
0.0
230
1.0
  2
SOLID
 70
     1
 71
     1
 91
        1
 92
        7
 72
     1
 73
     1
 93
        2
 10
-1332.134724210654
 20
-2541.809174509144
 42
1.0
 10
-1378.095818650843
 20
-2541.809174509144
 42
1.0
 97
        1
330
BF48
 75
     1
 76
     1
 47
0.1420866857311364
 98
        1
 10
-1346.692809168012
 20
-2552.142503509984
450
        0
451
        0
460
0.0
461
0.0
452
        0
462
0.0
453
        2
463
0.0
 63
     5
421
      255
463
1.0
 63
     2
421
 16776960
470
LINEAR
1001
GradientColor1ACI
1070
     5
1001
GradientColor2ACI
1070
     2
1001
ACAD
1010
0.0
1020
0.0
1030
0.0
  0
CIRCLE
  5
BF48
102
{ACAD_REACTORS
330
BF47
102
}
330
70
100
AcDbEntity
  8
Señales
370
    -3
100
AcDbCircle
 10
-1355.115271430748
 20
-2541.809174509144
 30
0.0
 40
22.98054722009443
  0
MTEXT
  5
BF49
330
70
100
AcDbEntity
  8
Señales
 62
   250
100
AcDbMText
 10
-1360.356420985294
 20
-2547.303944959554
 30
0.0
 40
12.6110442602791
 41
0.0
 46
0.0
 71
     7
 72
     5
  1
C
  7
PDF Arial
 73
     1
 44
1.0
  0
HATCH
  5
BF4A
330
70
100
AcDbEntity
  8
Señales
 62
     7
420
 16777215
100
AcDbHatch
 10
0.0
 20
0.0
 30
0.0
210
0.0
220
0.0
230
1.0
  2
SOLID
 70
     1
 71
     1
 91
        1
 92
        7
 72
     1
 73
     1
 93
        2
 10
-1142.491075998553
 20
-2678.057635592772
 42
1.0
 10
-1188.452170438742
 20
-2678.057635592772
 42
1.0
 97
        1
330
BF4B
 75
     1
 76
     1
 47
0.1420866857311364
 98
        1
 10
-1157.049160955911
 20
-2688.390964593614
450
        0
451
        0
460
0.0
461
0.0
452
        0
462
0.0
453
        2
463
0.0
 63
     5
421
      255
463
1.0
 63
     2
421
 16776960
470
LINEAR
1001
GradientColor1ACI
1070
     5
1001
GradientColor2ACI
1070
     2
1001
ACAD
1010
0.0
1020
0.0
1030
0.0
  0
CIRCLE
  5
BF4B
102
{ACAD_REACTORS
330
BF4A
102
}
330
70
100
AcDbEntity
  8
Señales
370
    -3
100
AcDbCircle
 10
-1165.471623218648
 20
-2678.057635592772
 30
0.0
 40
22.98054722009443
  0
MTEXT
  5
BF4C
330
70
100
AcDbEntity
  8
Señales
 62
   250
100
AcDbMText
 10
-1169.317684520643
 20
-2683.552406043183
 30
0.0
 40
12.6110442602791
 41
0.0
 46
0.0
 71
     7
 72
     5
  1
B
  7
PDF Arial
 73
     1
 44
1.0
  0
HATCH
  5
BF4D
330
70
100
AcDbEntity
  8
Señales
 62
     7
420
 16777215
100
AcDbHatch
 10
0.0
 20
0.0
 30
0.0
210
0.0
220
0.0
230
1.0
  2
SOLID
 70
     1
 71
     1
 91
        1
 92
        7
 72
     1
 73
     1
 93
        2
 10
-1317.954796724528
 20
-2814.306096676402
 42
1.0
 10
-1363.915891164716
 20
-2814.306096676402
 42
1.0
 97
        1
330
BF4E
 75
     1
 76
     1
 47
0.1420866857311364
 98
        1
 10
-1332.512881681885
 20
-2824.639425677244
450
        0
451
        0
460
0.0
461
0.0
452
        0
462
0.0
453
        2
463
0.0
 63
     5
421
      255
463
1.0
 63
     2
421
 16776960
470
LINEAR
1001
GradientColor1ACI
1070
     5
1001
GradientColor2ACI
1070
     2
1001
ACAD
1010
0.0
1020
0.0
1030
0.0
  0
CIRCLE
  5
BF4E
102
{ACAD_REACTORS
330
BF4D
102
}
330
70
100
AcDbEntity
  8
Señales
370
    -3
100
AcDbCircle
 10
-1340.935343944622
 20
-2814.306096676402
 30
0.0
 40
22.98054722009443
  0
MTEXT
  5
BF4F
330
70
100
AcDbEntity
  8
Señales
 62
   250
100
AcDbMText
 10
-1344.763606335692
 20
-2821.843953943051
 30
0.0
 40
12.6110442602791
 41
0.0
 46
0.0
 71
     7
 72
     5
  1
F
  7
PDF Arial
 73
     1
 44
1.0
  0
HATCH
  5
BF9C
330
70
100
AcDbEntity
  8
Bases
100
AcDbHatch
 10
0.0
 20
0.0
 30
0.0
210
0.0
220
0.0
230
1.0
  2
SOLID
 70
     1
 71
     1
 91
        1
 92
        7
 72
     0
 73
     1
 93
        4
 10
2381.026517176067
 20
-956.0186768495169
 10
2372.729121976067
 20
-956.0186768495169
 10
2372.729121976067
 20
-964.3160720495171
 10
2381.026517176067
 20
-964.3160720495171
 97
        4
330
BF9E
330
BF9F
330
BFA0
330
BF9D
 75
     1
 76
     1
 47
0.0619391587218809
 98
        1
 10
2377.565941202
 20
-959.8335938816754
450
        0
451
        0
460
0.0
461
0.0
452
        0
462
0.0
453
        2
463
0.0
 63
     5
421
      255
463
1.0
 63
     2
421
 16776960
470
LINEAR
1001
GradientColor1ACI
1070
     5
1001
GradientColor2ACI
1070
     2
1001
ACAD
1010
0.0
1020
0.0
1030
0.0
  0
LWPOLYLINE
  5
BF9D
102
{ACAD_REACTORS
330
BF9C
102
}
330
70
100
AcDbEntity
  8
Bases
370
    -3
100
AcDbPolyline
 90
        2
 70
     0
 43
0.0
 10
2381.026517176067
 20
-964.3160720495171
 10
2381.026517176067
 20
-956.0186768495169
  0
LWPOLYLINE
  5
BF9E
102
{ACAD_REACTORS
330
BF9C
102
}
330
70
100
AcDbEntity
  8
Bases
370
    -3
100
AcDbPolyline
 90
        2
 70
     0
 43
0.0
 10
2372.729121976067
 20
-956.0186768495169
 10
2381.026517176066
 20
-956.0186768495169
  0
LINE
  5
BF9F
102
{ACAD_REACTORS
330
BF9C
102
}
330
70
100
AcDbEntity
  8
Bases
100
AcDbLine
 10
2372.729121976067
 20
-956.0186768495169
 30
0.0
 11
2372.729121976067
 21
-964.3160720495171
 31
0.0
  0
LINE
  5
BFA0
102
{ACAD_REACTORS
330
BF9C
102
}
330
70
100
AcDbEntity
  8
Bases
100
AcDbLine
 10
2372.729121976067
 20
-964.3160720495171
 30
0.0
 11
2381.026517176067
 21
-964.3160720495171
 31
0.0
  0
LWPOLYLINE
  5
BFA1
330
70
100
AcDbEntity
  8
Canalizaciones
  6
Continuous
100
AcDbPolyline
 90
        2
 70
     0
 43
0.0
 10
2383.652614387472
 20
-937.9147518327899
 10
2383.652614387472
 20
-924.3651622099774
  0
LWPOLYLINE
  5
BFA2
330
70
100
AcDbEntity
  8
Canalizaciones
  6
Continuous
100
AcDbPolyline
 90
        2
 70
     0
 43
0.0
 10
2370.103024764659
 20
-924.3651622099774
 10
2383.652614387472
 20
-924.3651622099774
  0
LINE
  5
BFA3
330
70
100
AcDbEntity
  8
Canalizaciones
  6
Continuous
100
AcDbLine
 10
2370.103024764659
 20
-924.3651622099774
 30
0.0
 11
2370.103024764659
 21
-937.9147518327899
 31
0.0
  0
LINE
  5
BFA4
330
70
100
AcDbEntity
  8
Canalizaciones
  6
Continuous
100
AcDbLine
 10
2370.103024764659
 20
-937.9147518327899
 30
0.0
 11
2383.652614387472
 21
-937.9147518327899
 31
0.0
  0
LINE
  5
BFA5
330
70
100
AcDbEntity
  8
Canalizaciones
  6
Continuous
100
AcDbLine
 10
2370.103024764659
 20
-924.3651622099774
 30
0.0
 11
2383.652614387472
 21
-937.9147518327899
 31
0.0
  0
LINE
  5
BFA6
330
70
100
AcDbEntity
  8
Canalizaciones
  6
Continuous
100
AcDbLine
 10
2383.652614387472
 20
-924.3651622099774
 30
0.0
 11
2370.103024764659
 21
-937.9147518327899
 31
0.0
  0
LWPOLYLINE
  5
BFA7
330
70
100
AcDbEntity
  8
Canalizaciones
  6
Continuous
100
AcDbPolyline
 90
        4
 70
     1
 43
0.0
 10
2368.930092278112
 20
-1042.615149441553
 10
2385.43560964022
 20
-1042.615149441553
 10
2385.43560964022
 20
-1042.615149441553
 10
2368.930092278112
 20
-1042.615149441553
  0
LWPOLYLINE
  5
BFA8
330
70
100
AcDbEntity
  8
Canalizaciones
  6
Continuous
100
AcDbPolyline
 90
        4
 70
     1
 43
0.0
 10
2368.930092278112
 20
-1059.120666803661
 10
2368.930092278112
 20
-1042.615149441553
 10
2368.930092278112
 20
-1042.615149441553
 10
2368.930092278112
 20
-1059.120666803661
  0
LINE
  5
BFA9
330
70
100
AcDbEntity
  8
Canalizaciones
  6
Continuous
100
AcDbLine
 10
2368.930092278112
 20
-1059.120666803661
 30
0.0
 11
2385.43560964022
 21
-1059.120666803661
 31
0.0
  0
LINE
  5
BFAA
330
70
100
AcDbEntity
  8
Canalizaciones
  6
Continuous
100
AcDbLine
 10
2385.43560964022
 20
-1059.120666803661
 30
0.0
 11
2385.43560964022
 21
-1042.615149441553
 31
0.0
  0
LINE
  5
BFAB
330
70
100
AcDbEntity
  8
Canalizaciones
  6
Continuous
100
AcDbLine
 10
2376.665212868961
 20
-1048.936056470029
 30
0.0
 11
2377.70048904937
 21
-1052.799759775185
 31
0.0
  0
LINE
  5
BFAC
330
70
100
AcDbEntity
  8
Canalizaciones
  6
Continuous
100
AcDbLine
 10
2377.70048904937
 20
-1052.799759775185
 30
0.0
 11
2380.700489049371
 21
-1047.603607352479
 31
0.0
  0
LINE
  5
BFAD
330
70
100
AcDbEntity
  8
Canalizaciones
  6
Continuous
100
AcDbLine
 10
2376.665212868961
 20
-1048.936056470029
 30
0.0
 11
2373.66521286896
 21
-1054.132208892735
 31
0.0
  0
LINE
  5
BFAE
330
70
100
AcDbEntity
  8
Canalizaciones
  6
Continuous
100
AcDbLine
 10
2380.700489049371
 20
-1047.603607352479
 30
0.0
 11
2379.639828877591
 21
-1048.664267524259
 31
0.0
  0
LINE
  5
BFAF
330
70
100
AcDbEntity
  8
Canalizaciones
  6
Continuous
100
AcDbLine
 10
2380.700489049371
 20
-1047.603607352479
 30
0.0
 11
2380.312260481717
 21
-1049.052496091913
 31
0.0
  0
LWPOLYLINE
  5
C0D5
330
70
100
AcDbEntity
  8
Señales
370
    -3
100
AcDbPolyline
 90
        2
 70
     0
 43
0.0
 10
-1013.40591335615
 20
-2763.440004538515
 10
-1013.40591335615
 20
-2780.879807557219
  0
CIRCLE
  5
C24A
330
70
100
AcDbEntity
  8
ATS+CE
100
AcDbCircle
 10
-421.5042083555217
 20
-2616.648713955809
 30
0.0
 40
7.827116121967398
  0
CIRCLE
  5
C24B
330
70
100
AcDbEntity
  8
ATS+CE
100
AcDbCircle
 10
-435.2106491860199
 20
-2624.226562273166
 30
0.0
 40
7.827116121967398
  0
LINE
  5
C24C
330
70
100
AcDbEntity
  8
ATS+CE
100
AcDbLine
 10
-412.1691899448751
 20
-2611.487683865619
 30
0.0
 11
-444.0932527515928
 21
-2629.137466811809
 31
0.0
  0
LWPOLYLINE
  5
C24D
330
70
100
AcDbEntity
  8
PDF2_Geometría
370
    -3
100
AcDbPolyline
 90
        2
 70
     0
 43
0.0
 10
-431.3596523932615
 20
-2615.084648854541
 10
-437.136416543045
 20
-2604.782161247376
  0
LWPOLYLINE
  5
C257
330
70
100
AcDbEntity
  8
Canalizaciones
  6
Continuous
100
AcDbPolyline
 90
        2
 70
     0
 43
0.0
 10
1077.715387481221
 20
-836.1603819488975
 10
1077.715387481221
 20
-822.6107923260849
  0
LWPOLYLINE
  5
C258
330
70
100
AcDbEntity
  8
Canalizaciones
  6
Continuous
100
AcDbPolyline
 90
        2
 70
     0
 43
0.0
 10
1064.165797858409
 20
-822.6107923260849
 10
1077.715387481221
 20
-822.6107923260849
  0
LINE
  5
C259
330
70
100
AcDbEntity
  8
Canalizaciones
  6
Continuous
100
AcDbLine
 10
1064.165797858409
 20
-822.6107923260849
 30
0.0
 11
1064.165797858409
 21
-836.1603819488975
 31
0.0
  0
LINE
  5
C25A
330
70
100
AcDbEntity
  8
Canalizaciones
  6
Continuous
100
AcDbLine
 10
1064.165797858409
 20
-836.1603819488975
 30
0.0
 11
1077.715387481221
 21
-836.1603819488975
 31
0.0
  0
LINE
  5
C25B
330
70
100
AcDbEntity
  8
Canalizaciones
  6
Continuous
100
AcDbLine
 10
1064.165797858409
 20
-822.6107923260849
 30
0.0
 11
1077.715387481221
 21
-836.1603819488975
 31
0.0
  0
LINE
  5
C25C
330
70
100
AcDbEntity
  8
Canalizaciones
  6
Continuous
100
AcDbLine
 10
1077.715387481221
 20
-822.6107923260849
 30
0.0
 11
1064.165797858409
 21
-836.1603819488975
 31
0.0
  0
LINE
  5
C273
330
70
100
AcDbEntity
  8
Canalizaciones
100
AcDbLine
 10
1070.940592669815
 20
-814.1794828993878
 30
0.0
 11
1070.940592669815
 21
-822.6107923260849
 31
0.0
  0
LINE
  5
C275
330
70
100
AcDbEntity
  8
Canalizaciones
100
AcDbLine
 10
1885.916044552112
 20
-865.6851279531323
 30
0.0
 11
1971.115223256502
 21
-865.6851279531323
 31
0.0
  0
LINE
  5
C276
330
70
100
AcDbEntity
  8
Canalizaciones
 48
1.5
100
AcDbLine
 10
1977.890018067908
 20
-872.1329902528335
 30
0.0
 11
1977.890018067908
 21
-873.0454908568493
 31
0.0
  0
LINE
  5
C277
330
70
100
AcDbEntity
  8
Canalizaciones
100
AcDbLine
 10
1742.789745688322
 20
-861.3556566103083
 30
0.0
 11
1685.604326622924
 21
-861.3556566103083
 31
0.0
  0
LINE
  5
C278
330
70
100
AcDbEntity
  8
Canalizaciones
100
AcDbLine
 10
1685.604326622924
 20
-861.3556566103083
 30
0.0
 11
1685.604326622924
 21
-829.2931852599322
 31
0.0
  0
LWPOLYLINE
  5
C47C
330
70
100
AcDbEntity
  8
Señales
370
    -3
100
AcDbPolyline
 90
        4
 70
     1
 43
0.0
 10
132.7225778144579
 20
-2440.167823560187
 10
124.0026763051041
 20
-2440.167823560187
 10
124.0026763051041
 20
-2448.88772506954
 10
132.7225778144579
 20
-2448.88772506954
  0
MTEXT
  5
C47D
330
70
100
AcDbEntity
  8
Señales
100
AcDbMText
 10
130.4789785722591
 20
-2446.019088750753
 30
0.0
 40
4.349551874734894
 41
0.0
 46
0.0
 71
     7
 72
     5
  1
2
  7
PDF Arial
 11
0.0000000000000006
 21
1.0
 31
0.0
 73
     1
 44
1.0
  0
LWPOLYLINE
  5
C484
330
70
100
AcDbEntity
  8
Señales
370
    -3
100
AcDbPolyline
 90
        4
 70
     1
 43
0.0
 10
-987.2462114409769
 20
-2776.61069041636
 10
-978.5263099316235
 20
-2776.61069041636
 10
-978.5263099316235
 20
-2767.890788907008
 10
-987.2462114409769
 20
-2767.890788907008
  0
MTEXT
  5
C485
330
70
100
AcDbEntity
  8
Señales
100
AcDbMText
 10
-985.0026121987779
 20
-2770.759425225794
 30
0.0
 40
4.349551874734894
 41
0.0
 46
0.0
 71
     7
 72
     5
  1
2
  7
PDF Arial
 11
-0.0000000000000004
 21
-1.0
 31
0.0
 73
     1
 44
1.0
  0
MTEXT
  5
C52F
330
70
100
AcDbEntity
  8
ATS+CE
100
AcDbMText
 10
-507.1534426864546
 20
-2622.094138707785
 30
0.0
 40
12.61003333068995
 41
0.0
 46
0.0
 71
     7
 72
     5
  1
CE10
  7
PDF Arial
 73
     1
 44
1.0
  0
MTEXT
  5
C533
330
70
100
AcDbEntity
  8
ATS+CE
100
AcDbMText
 10
849.3526846829663
 20
-2634.672015661749
 30
0.0
 40
12.61003333068995
 41
0.0
 46
0.0
 71
     7
 72
     5
  1
CE1
  7
PDF Arial
 73
     1
 44
1.0
  0
MTEXT
  5
C535
330
70
100
AcDbEntity
  8
ATS+CE
100
AcDbMText
 10
492.5479915340231
 20
-2633.613446083731
 30
0.0
 40
12.61003333068995
 41
0.0
 46
0.0
 71
     7
 72
     5
  1
CE3
  7
PDF Arial
 73
     1
 44
1.0
  0
MTEXT
  5
C536
330
70
100
AcDbEntity
  8
ATS+CE
100
AcDbMText
 10
21.45397708657629
 20
-2569.564821538099
 30
0.0
 40
12.61003333068995
 41
0.0
 46
0.0
 71
     7
 72
     5
  1
CE8
  7
PDF Arial
 73
     1
 44
1.0
  0
MTEXT
  5
C537
330
70
100
AcDbEntity
  8
ATS+CE
100
AcDbMText
 10
141.0834741888843
 20
-2372.614394804118
 30
0.0
 40
12.61003333068995
 41
0.0
 46
0.0
 71
     7
 72
     5
  1
CE9
  7
PDF Arial
 73
     1
 44
1.0
  0
MTEXT
  5
C538
330
70
100
AcDbEntity
  8
ATS+CE
100
AcDbMText
 10
-558.8584236497572
 20
-2573.809717124799
 30
0.0
 40
12.61003333068995
 41
0.0
 46
0.0
 71
     7
 72
     5
  1
CE6
  7
PDF Arial
 73
     1
 44
1.0
  0
MTEXT
  5
C539
330
70
100
AcDbEntity
  8
ATS+CE
100
AcDbMText
 10
-1007.343229825845
 20
-2668.941875329345
 30
0.0
 40
12.61003333068995
 41
0.0
 46
0.0
 71
     7
 72
     5
  1
CE7
  7
PDF Arial
 73
     1
 44
1.0
  0
MTEXT
  5
C53A
330
70
100
AcDbEntity
  8
ATS+CE
100
AcDbMText
 10
-338.6995936145945
 20
-2662.225759535703
 30
0.0
 40
12.61003333068995
 41
0.0
 46
0.0
 71
     7
 72
     5
  1
CE5
  7
PDF Arial
 73
     1
 44
1.0
  0
MTEXT
  5
C53B
330
70
100
AcDbEntity
  8
ATS+CE
100
AcDbMText
 10
-992.862596361766
 20
-2843.001148312955
 30
0.0
 40
12.61003333068995
 41
0.0
 46
0.0
 71
     7
 72
     5
  1
CE11
  7
PDF Arial
 73
     1
 44
1.0
  0
MTEXT
  5
C53C
330
70
100
AcDbEntity
  8
ATS+CE
100
AcDbMText
 10
-1207.339123187603
 20
-2566.786425350136
 30
0.0
 40
12.61003333068995
 41
0.0
 46
0.0
 71
     7
 72
     5
  1
CE4
  7
PDF Arial
 73
     1
 44
1.0
  0
MTEXT
  5
C53D
330
70
100
AcDbEntity
  8
ATS+CE
100
AcDbMText
 10
-1508.403195676491
 20
-2568.923588582996
 30
0.0
 40
12.61003333068995
 41
0.0
 46
0.0
 71
     7
 72
     5
  1
CE2
  7
PDF Arial
 73
     1
 44
1.0
  0
LWPOLYLINE
  5
C7D0
330
70
100
AcDbEntity
  8
PDF2_Geometría
370
    -3
100
AcDbPolyline
 90
        2
 70
     0
 43
0.0
 10
1312.667909040138
 20
-2036.555243000487
 10
1312.667909040138
 20
-2226.327920591865
  0
MTEXT
  5
C7D1
330
70
100
AcDbEntity
  8
0
100
AcDbMText
 10
1324.865183898046
 20
-2035.996478803663
 30
0.0
 40
12.6110442602791
 41
38.06953414606725
 46
0.0
 71
     4
 72
     5
  1
286+630
 11
-0.0000000000000044
 21
-1.0
 31
0.0
 73
     1
 44
1.0
101
Embedded Object
 70
     4
 10
-0.0000000000000044
 20
-1.0
 30
0.0
 11
1324.865183898046
 21
-2035.996478803663
 31
0.0
 40
38.06953414606725
 41
0.0
 42
81.97178769181418
 43
12.6110442602791
 71
     2
 72
     1
 44
38.06953414606725
 45
26.27300887558147
 73
     0
 74
     0
 46
0.0
  0
MTEXT
  5
C7D7
330
70
100
AcDbEntity
  8
0
100
AcDbMText
 10
1295.947861923038
 20
-2036.6226540931
 30
0.0
 40
12.6110442602791
 41
182.4517619930412
 46
0.0
 71
     4
 72
     5
  1
SALA SEÑALERO
 11
-0.0000000000000044
 21
-1.0
 31
0.0
 73
     1
 44
1.0
101
Embedded Object
 70
     4
 10
-0.0000000000000044
 20
-1.0
 30
0.0
 11
1295.947861923038
 21
-2036.6226540931
 31
0.0
 40
182.4517619930412
 41
0.0
 42
159.7398939635353
 43
12.6110442602791
 71
     2
 72
     1
 44
182.4517619930412
 45
26.27300887558147
 73
     0
 74
     0
 46
0.0
  0
LWPOLYLINE
  5
C7D8
330
70
100
AcDbEntity
  8
0
370
    13
100
AcDbPolyline
 90
        4
 70
     1
 43
0.0
 10
1350.906412488781
 20
-2497.599728999591
 10
1274.429405591492
 20
-2497.599728999591
 10
1274.429405591492
 20
-2446.548323871819
 10
1350.906412488781
 20
-2446.548323871819
  0
CIRCLE
  5
C7D9
330
70
100
AcDbEntity
  8
0
370
    13
100
AcDbCircle
 10
1312.768052353502
 20
-2477.079023635081
 30
0.0
 40
6.706710703807153
  0
LWPOLYLINE
  5
C7DA
330
70
100
AcDbEntity
  8
0
370
    13
100
AcDbPolyline
 90
        2
 70
     0
 43
0.0
 10
1330.485850437673
 20
-2458.960822373474
 10
1294.849967642602
 20
-2458.960822373474
  0
LWPOLYLINE
  5
C8D6
330
70
100
AcDbEntity
  8
PDF2_Geometría
370
    -3
100
AcDbPolyline
 90
        2
 70
     0
 43
0.0
 10
438.8209036042362
 20
-2378.009114319567
 10
438.8209036042362
 20
-2433.112312531463
  0
LWPOLYLINE
  5
C8D7
330
70
100
AcDbEntity
  8
PDF2_Geometría
370
    -3
100
AcDbPolyline
 90
        2
 70
     0
 43
0.0
 10
428.9100939121595
 20
-2378.009114319567
 10
428.9100939121595
 20
-2433.112312531463
  0
LWPOLYLINE
  5
C8D8
330
70
100
AcDbEntity
  8
PDF2_Geometría
370
    -3
100
AcDbPolyline
 90
        2
 70
     0
 43
0.0
 10
444.7692253212564
 20
-2433.112312531463
 10
438.8209036042362
 20
-2433.112312531463
  0
LWPOLYLINE
  5
C8D9
330
70
100
AcDbEntity
  8
PDF2_Geometría
370
    -3
100
AcDbPolyline
 90
        2
 70
     0
 43
0.0
 10
444.7692253212564
 20
-2378.009114319567
 10
438.8209036042362
 20
-2378.009114319567
  0
LWPOLYLINE
  5
C8DA
330
70
100
AcDbEntity
  8
PDF2_Geometría
370
    -3
100
AcDbPolyline
 90
        2
 70
     0
 43
0.0
 10
428.9100939121595
 20
-2433.112312531463
 10
422.9617721951392
 20
-2433.112312531463
  0
LWPOLYLINE
  5
C8DB
330
70
100
AcDbEntity
  8
PDF2_Geometría
370
    -3
100
AcDbPolyline
 90
        2
 70
     0
 43
0.0
 10
428.9100939121595
 20
-2378.009114319567
 10
422.9617721951392
 20
-2378.009114319567
  0
LWPOLYLINE
  5
C8DC
330
70
100
AcDbEntity
  8
PDF2_Geometría
370
    -3
100
AcDbPolyline
 90
        2
 70
     0
 43
0.0
 10
586.6733551365341
 20
-2378.009114319565
 10
586.6733551365341
 20
-2433.112312531461
  0
LWPOLYLINE
  5
C8DD
330
70
100
AcDbEntity
  8
PDF2_Geometría
370
    -3
100
AcDbPolyline
 90
        2
 70
     0
 43
0.0
 10
576.7625454444574
 20
-2378.009114319565
 10
576.7625454444574
 20
-2433.112312531461
  0
LWPOLYLINE
  5
C8DE
330
70
100
AcDbEntity
  8
PDF2_Geometría
370
    -3
100
AcDbPolyline
 90
        2
 70
     0
 43
0.0
 10
592.6216768535543
 20
-2433.112312531461
 10
586.6733551365341
 20
-2433.112312531461
  0
LWPOLYLINE
  5
C8DF
330
70
100
AcDbEntity
  8
PDF2_Geometría
370
    -3
100
AcDbPolyline
 90
        2
 70
     0
 43
0.0
 10
592.6216768535543
 20
-2378.009114319565
 10
586.6733551365341
 20
-2378.009114319565
  0
LWPOLYLINE
  5
C8E0
330
70
100
AcDbEntity
  8
PDF2_Geometría
370
    -3
100
AcDbPolyline
 90
        2
 70
     0
 43
0.0
 10
576.7625454444574
 20
-2433.112312531461
 10
570.8142237274371
 20
-2433.112312531461
  0
LWPOLYLINE
  5
C8E1
330
70
100
AcDbEntity
  8
PDF2_Geometría
370
    -3
100
AcDbPolyline
 90
        2
 70
     0
 43
0.0
 10
576.7625454444574
 20
-2378.009114319565
 10
570.8142237274371
 20
-2378.009114319565
  0
LWPOLYLINE
  5
C8E2
330
70
100
AcDbEntity
  8
PDF2_Geometría
370
    -3
100
AcDbPolyline
 90
        2
 70
     0
 43
0.0
 10
438.8209036042362
 20
-2405.560713425514
 10
463.2489140017849
 20
-2405.560713425514
  0
LWPOLYLINE
  5
C8E3
330
70
100
AcDbEntity
  8
PDF2_Geometría
370
    -3
100
AcDbPolyline
 90
        3
 70
     0
 43
0.0
 10
586.6733551365341
 20
-2405.560713425514
 10
754.7305963514004
 20
-2405.560713425514
 10
1557.065629776601
 20
-2405.560713425515
  0
CIRCLE
  5
C995
330
70
100
AcDbEntity
  8
Señales
370
    -3
100
AcDbCircle
 10
115.5552706984549
 20
-2444.436943026936
 30
0.0
 40
8.629068182499082
  0
LWPOLYLINE
  5
C996
330
70
100
AcDbEntity
  8
Señales
370
    -3
100
AcDbPolyline
 90
        2
 70
     0
 43
0.0
 10
116.1910978696414
 20
-2435.98953742029
 10
116.1910978696414
 20
-2453.247675824216
  0
LWPOLYLINE
  5
C997
330
70
100
AcDbEntity
  8
Señales
370
    -3
100
AcDbPolyline
 90
        2
 70
     0
 43
0.0
 10
114.5561163366392
 20
-2435.98953742029
 10
114.5561163366392
 20
-2453.247675824216
  0
LINE
  5
C998
330
70
100
AcDbEntity
  8
Señales
100
AcDbLine
 10
124.0026763051041
 20
-2444.527774314864
 30
0.0
 11
106.9266805832999
 21
-2444.527774314864
 31
0.0
  0
CIRCLE
  5
C999
330
70
100
AcDbEntity
  8
Señales
370
    -3
100
AcDbCircle
 10
-969.897719816468
 20
-2772.159908373757
 30
0.0
 40
8.629068182499082
  0
LWPOLYLINE
  5
C99A
330
70
100
AcDbEntity
  8
Señales
370
    -3
100
AcDbPolyline
 90
        2
 70
     0
 43
0.0
 10
-969.2618926452814
 20
-2763.712502767111
 10
-969.2618926452814
 20
-2780.970641171036
  0
LWPOLYLINE
  5
C99B
330
70
100
AcDbEntity
  8
Señales
370
    -3
100
AcDbPolyline
 90
        2
 70
     0
 43
0.0
 10
-970.8968741782838
 20
-2763.712502767111
 10
-970.8968741782838
 20
-2780.970641171036
  0
LINE
  5
C99C
330
70
100
AcDbEntity
  8
Señales
100
AcDbLine
 10
-961.4503142098188
 20
-2772.250739661684
 30
0.0
 11
-978.5263099316235
 21
-2772.250739661684
 31
0.0
  0
CIRCLE
  5
C99D
330
70
100
AcDbEntity
  8
Señales
370
    -3
100
AcDbCircle
 10
-401.3894927731808
 20
-2738.387751816837
 30
0.0
 40
8.629068182499082
  0
LWPOLYLINE
  5
C99E
330
70
100
AcDbEntity
  8
Señales
370
    -3
100
AcDbPolyline
 90
        2
 70
     0
 43
0.0
 10
-400.7536656019942
 20
-2729.940346210191
 10
-400.7536656019942
 20
-2747.198484614117
  0
LWPOLYLINE
  5
C99F
330
70
100
AcDbEntity
  8
Señales
370
    -3
100
AcDbPolyline
 90
        2
 70
     0
 43
0.0
 10
-402.3886471349965
 20
-2729.940346210191
 10
-402.3886471349965
 20
-2747.198484614117
  0
LINE
  5
C9A0
330
70
100
AcDbEntity
  8
Señales
100
AcDbLine
 10
-392.9420871665311
 20
-2738.478583104763
 30
0.0
 11
-410.0180828883358
 21
-2738.478583104763
 31
0.0
  0
CIRCLE
  5
C9A1
330
70
100
AcDbEntity
  8
Señales
370
    -3
100
AcDbCircle
 10
-459.2920634259085
 20
-2485.47751409101
 30
0.0
 40
8.629068182499082
  0
LWPOLYLINE
  5
C9A2
330
70
100
AcDbEntity
  8
Señales
370
    -3
100
AcDbPolyline
 90
        2
 70
     0
 43
0.0
 10
-458.6562362547219
 20
-2477.030108484363
 10
-458.6562362547219
 20
-2494.28824688829
  0
LWPOLYLINE
  5
C9A3
330
70
100
AcDbEntity
  8
Señales
370
    -3
100
AcDbPolyline
 90
        2
 70
     0
 43
0.0
 10
-460.2912177877242
 20
-2477.030108484363
 10
-460.2912177877242
 20
-2494.28824688829
  0
LINE
  5
C9A4
330
70
100
AcDbEntity
  8
Señales
100
AcDbLine
 10
-450.8446578192588
 20
-2485.568345378937
 30
0.0
 11
-467.9206535410635
 21
-2485.568345378937
 31
0.0
  0
LWPOLYLINE
  5
C9CA
330
70
100
AcDbEntity
  8
PDF2_Geometría
370
    -3
100
AcDbPolyline
 90
        2
 70
     0
 43
0.0
 10
90.6214744932331
 20
-2036.55524300048
 10
90.62147449323266
 20
-2226.327920591858
  0
MTEXT
  5
C9CB
330
70
100
AcDbEntity
  8
0
100
AcDbMText
 10
102.8187493511409
 20
-2035.996478803657
 30
0.0
 40
12.6110442602791
 41
38.06953414606725
 46
0.0
 71
     4
 72
     5
  1
288+478
 11
-0.0000000000000044
 21
-1.0
 31
0.0
 73
     1
 44
1.0
101
Embedded Object
 70
     4
 10
-0.0000000000000044
 20
-1.0
 30
0.0
 11
102.8187493511409
 21
-2035.996478803657
 31
0.0
 40
38.06953414606725
 41
0.0
 42
84.07362840186069
 43
12.6110442602791
 71
     2
 72
     1
 44
38.06953414606725
 45
26.27300887558147
 73
     0
 74
     0
 46
0.0
  0
MTEXT
  5
C9CC
330
70
100
AcDbEntity
  8
0
100
AcDbMText
 10
75.2272923646301
 20
-2036.622654093094
 30
0.0
 40
12.6110442602791
 41
139.5374267877626
 46
0.0
 71
     4
 72
     5
  1
CONTADOR
 11
-0.0000000000000044
 21
-1.0
 31
0.0
 73
     1
 44
1.0
101
Embedded Object
 70
     4
 10
-0.0000000000000044
 20
-1.0
 30
0.0
 11
75.2272923646301
 21
-2036.622654093094
 31
0.0
 40
139.5374267877626
 41
0.0
 42
96.6846726621398
 43
12.6110442602791
 71
     2
 72
     1
 44
139.5374267877626
 45
26.27300887558147
 73
     0
 74
     0
 46
0.0
  0
LWPOLYLINE
  5
C9D7
330
70
100
AcDbEntity
  8
PDF2_Geometría
370
    -3
100
AcDbPolyline
 90
        2
 70
     0
 43
0.0
 10
-233.4787260283933
 20
-2036.55524300048
 10
-233.4787260283938
 20
-2226.327920591858
  0
MTEXT
  5
C9D8
330
70
100
AcDbEntity
  8
0
100
AcDbMText
 10
-221.281451170486
 20
-2035.996478803656
 30
0.0
 40
12.6110442602791
 41
38.06953414606725
 46
0.0
 71
     4
 72
     5
  1
288+558
 11
-0.0000000000000044
 21
-1.0
 31
0.0
 73
     1
 44
1.0
101
Embedded Object
 70
     4
 10
-0.0000000000000044
 20
-1.0
 30
0.0
 11
-221.281451170486
 21
-2035.996478803656
 31
0.0
 40
38.06953414606725
 41
0.0
 42
84.07362840186069
 43
12.6110442602791
 71
     2
 72
     1
 44
38.06953414606725
 45
26.27300887558147
 73
     0
 74
     0
 46
0.0
  0
MTEXT
  5
C9D9
330
70
100
AcDbEntity
  8
0
100
AcDbMText
 10
-248.8729081569968
 20
-2036.622654093093
 30
0.0
 40
12.6110442602791
 41
139.5374267877626
 46
0.0
 71
     4
 72
     5
  1
LIBRANZA 11A
 11
-0.0000000000000044
 21
-1.0
 31
0.0
 73
     1
 44
1.0
101
Embedded Object
 70
     4
 10
-0.0000000000000044
 20
-1.0
 30
0.0
 11
-248.8729081569968
 21
-2036.622654093093
 31
0.0
 40
139.5374267877626
 41
0.0
 42
134.5178054429771
 43
12.61104426027911
 71
     2
 72
     1
 44
139.5374267877626
 45
26.27300887558147
 73
     0
 74
     0
 46
0.0
  0
LWPOLYLINE
  5
C9F8
330
70
100
AcDbEntity
  8
PDF2_Geometría
370
    -3
100
AcDbPolyline
 90
        2
 70
     0
 43
0.0
 10
-306.3724185679039
 20
-2036.55524300048
 10
-306.3724185679043
 20
-2226.327920591857
  0
MTEXT
  5
C9F9
330
70
100
AcDbEntity
  8
0
100
AcDbMText
 10
-294.1751437099965
 20
-2035.996478803656
 30
0.0
 40
12.6110442602791
 41
38.06953414606725
 46
0.0
 71
     4
 72
     5
  1
288+578
 11
-0.0000000000000044
 21
-1.0
 31
0.0
 73
     1
 44
1.0
101
Embedded Object
 70
     4
 10
-0.0000000000000044
 20
-1.0
 30
0.0
 11
-294.1751437099965
 21
-2035.996478803656
 31
0.0
 40
38.06953414606725
 41
0.0
 42
84.07362840186069
 43
12.6110442602791
 71
     2
 72
     1
 44
38.06953414606725
 45
26.27300887558147
 73
     0
 74
     0
 46
0.0
  0
MTEXT
  5
C9FA
330
70
100
AcDbEntity
  8
0
100
AcDbMText
 10
-321.7666006965073
 20
-2036.622654093092
 30
0.0
 40
12.6110442602791
 41
139.5374267877626
 46
0.0
 71
     4
 72
     5
  1
LIBRANZA 12B
 11
-0.0000000000000044
 21
-1.0
 31
0.0
 73
     1
 44
1.0
101
Embedded Object
 70
     4
 10
-0.0000000000000044
 20
-1.0
 30
0.0
 11
-321.7666006965073
 21
-2036.622654093092
 31
0.0
 40
139.5374267877626
 41
0.0
 42
138.7214868630701
 43
12.6110442602791
 71
     2
 72
     1
 44
139.5374267877626
 45
26.27300887558147
 73
     0
 74
     0
 46
0.0
  0
LWPOLYLINE
  5
CA3E
330
70
100
AcDbEntity
  8
PDF2_Geometría
370
    -3
100
AcDbPolyline
 90
        2
 70
     0
 43
0.0
 10
438.8209036042362
 20
-2405.560713425514
 10
576.7625454444574
 20
-2405.560713425514
  0
LWPOLYLINE
  5
CA49
330
70
100
AcDbEntity
  8
PDF2_Geometría
370
    -3
100
AcDbPolyline
 90
        2
 70
     0
 43
0.0
 10
158.9575584392091
 20
-2036.55524300048
 10
158.9575584392087
 20
-2226.327920591858
  0
MTEXT
  5
CA4A
330
70
100
AcDbEntity
  8
0
100
AcDbMText
 10
171.1548332971165
 20
-2035.996478803657
 30
0.0
 40
12.6110442602791
 41
38.06953414606725
 46
0.0
 71
     4
 72
     5
  1
288+458
 11
-0.0000000000000044
 21
-1.0
 31
0.0
 73
     1
 44
1.0
101
Embedded Object
 70
     4
 10
-0.0000000000000044
 20
-1.0
 30
0.0
 11
171.1548332971165
 21
-2035.996478803657
 31
0.0
 40
38.06953414606725
 41
0.0
 42
84.07362840186069
 43
12.6110442602791
 71
     2
 72
     1
 44
38.06953414606725
 45
26.27300887558147
 73
     0
 74
     0
 46
0.0
  0
MTEXT
  5
CA4B
330
70
100
AcDbEntity
  8
0
100
AcDbMText
 10
143.5633763106061
 20
-2036.622654093094
 30
0.0
 40
12.6110442602791
 41
139.5374267877626
 46
0.0
 71
     4
 72
     5
  1
SEÑAL
 11
-0.0000000000000044
 21
-1.0
 31
0.0
 73
     1
 44
1.0
101
Embedded Object
 70
     4
 10
-0.0000000000000044
 20
-1.0
 30
0.0
 11
143.5633763106061
 21
-2036.622654093094
 31
0.0
 40
139.5374267877626
 41
0.0
 42
58.85153988130248
 43
12.61104426027911
 71
     2
 72
     1
 44
139.5374267877626
 45
26.27300887558147
 73
     0
 74
     0
 46
0.0
  0
LWPOLYLINE
  5
CA50
330
70
100
AcDbEntity
  8
PDF2_Geometría
370
    -3
100
AcDbPolyline
 90
        2
 70
     0
 43
0.0
 10
-307.4461333529894
 20
-2541.809174509144
 10
-561.0499355833167
 20
-2678.057635592773
  0
LWPOLYLINE
  5
CA64
330
70
100
AcDbEntity
  8
PDF2_Geometría
370
    -3
100
AcDbPolyline
 90
        2
 70
     0
 43
0.0
 10
-319.0134810273139
 20
-2548.023723761108
 10
-319.0134810273139
 20
-2541.809174509144
  0
LWPOLYLINE
  5
CA71
330
70
100
AcDbEntity
  8
PDF2_Geometría
370
    -3
100
AcDbPolyline
 90
        2
 70
     0
 43
0.0
 10
-949.9967895159057
 20
-2036.063889896263
 10
-949.9967895159057
 20
-2225.836567487641
  0
MTEXT
  5
CA72
330
70
100
AcDbEntity
  8
0
100
AcDbMText
 10
-937.7995146579984
 20
-2035.505125699439
 30
0.0
 40
12.6110442602791
 41
38.06953414606725
 46
0.0
 71
     4
 72
     5
  1
288+746
 11
-0.0000000000000044
 21
-1.0
 31
0.0
 73
     1
 44
1.0
101
Embedded Object
 70
     4
 10
-0.0000000000000044
 20
-1.0
 30
0.0
 11
-937.7995146579984
 21
-2035.505125699439
 31
0.0
 40
38.06953414606725
 41
0.0
 42
84.07362840186069
 43
12.6110442602791
 71
     2
 72
     1
 44
38.06953414606725
 45
26.27300887558147
 73
     0
 74
     0
 46
0.0
  0
MTEXT
  5
CA73
330
70
100
AcDbEntity
  8
0
100
AcDbMText
 10
-965.3909716445086
 20
-2036.131300988877
 30
0.0
 40
12.6110442602791
 41
139.5374267877626
 46
0.0
 71
     4
 72
     5
  1
CONTADOR
 11
-0.0000000000000044
 21
-1.0
 31
0.0
 73
     1
 44
1.0
101
Embedded Object
 70
     4
 10
-0.0000000000000044
 20
-1.0
 30
0.0
 11
-965.3909716445086
 21
-2036.131300988877
 31
0.0
 40
139.5374267877626
 41
0.0
 42
96.6846726621398
 43
12.6110442602791
 71
     2
 72
     1
 44
139.5374267877626
 45
26.27300887558147
 73
     0
 74
     0
 46
0.0
  0
LWPOLYLINE
  5
CA7F
330
70
100
AcDbEntity
  8
PDF2_Geometría
370
    -3
100
AcDbPolyline
 90
        2
 70
     0
 43
0.0
 10
-494.2677377679529
 20
-2036.55524300048
 10
-494.2677377679533
 20
-2226.327920591858
  0
MTEXT
  5
CA80
330
70
100
AcDbEntity
  8
0
100
AcDbMText
 10
-482.0704629100455
 20
-2035.996478803656
 30
0.0
 40
12.6110442602791
 41
38.06953414606725
 46
0.0
 71
     4
 72
     5
  1
288+623
 11
-0.0000000000000044
 21
-1.0
 31
0.0
 73
     1
 44
1.0
101
Embedded Object
 70
     4
 10
-0.0000000000000044
 20
-1.0
 30
0.0
 11
-482.0704629100455
 21
-2035.996478803656
 31
0.0
 40
38.06953414606725
 41
0.0
 42
84.07362840186069
 43
12.6110442602791
 71
     2
 72
     1
 44
38.06953414606725
 45
26.27300887558147
 73
     0
 74
     0
 46
0.0
  0
MTEXT
  5
CA81
330
70
100
AcDbEntity
  8
0
100
AcDbMText
 10
-509.6619198965559
 20
-2036.622654093094
 30
0.0
 40
12.6110442602791
 41
139.5374267877626
 46
0.0
 71
     4
 72
     5
  1
SEÑAL
 11
-0.0000000000000044
 21
-1.0
 31
0.0
 73
     1
 44
1.0
101
Embedded Object
 70
     4
 10
-0.0000000000000044
 20
-1.0
 30
0.0
 11
-509.6619198965559
 21
-2036.622654093094
 31
0.0
 40
139.5374267877626
 41
0.0
 42
58.85153988130248
 43
12.61104426027911
 71
     2
 72
     1
 44
139.5374267877626
 45
26.27300887558147
 73
     0
 74
     0
 46
0.0
  0
LWPOLYLINE
  5
CA96
330
70
100
AcDbEntity
  8
PDF2_Geometría
370
    -3
100
AcDbPolyline
 90
        2
 70
     0
 43
0.0
 10
-561.0499355833162
 20
-2036.55524300048
 10
-561.0499355833167
 20
-2226.327920591858
  0
MTEXT
  5
CA97
330
70
100
AcDbEntity
  8
0
100
AcDbMText
 10
-548.8526607254089
 20
-2035.996478803656
 30
0.0
 40
12.6110442602791
 41
38.06953414606725
 46
0.0
 71
     4
 72
     5
  1
288+646
 11
-0.0000000000000044
 21
-1.0
 31
0.0
 73
     1
 44
1.0
101
Embedded Object
 70
     4
 10
-0.0000000000000044
 20
-1.0
 30
0.0
 11
-548.8526607254089
 21
-2035.996478803656
 31
0.0
 40
38.06953414606725
 41
0.0
 42
84.07362840186069
 43
12.6110442602791
 71
     2
 72
     1
 44
38.06953414606725
 45
26.27300887558147
 73
     0
 74
     0
 46
0.0
  0
MTEXT
  5
CA98
330
70
100
AcDbEntity
  8
0
100
AcDbMText
 10
-576.4441177119192
 20
-2036.622654093093
 30
0.0
 40
12.6110442602791
 41
139.5374267877626
 46
0.0
 71
     4
 72
     5
  1
LIBRANZA 12A
 11
-0.0000000000000044
 21
-1.0
 31
0.0
 73
     1
 44
1.0
101
Embedded Object
 70
     4
 10
-0.0000000000000044
 20
-1.0
 30
0.0
 11
-576.4441177119192
 21
-2036.622654093093
 31
0.0
 40
139.5374267877626
 41
0.0
 42
138.7214868630701
 43
12.6110442602791
 71
     2
 72
     1
 44
139.5374267877626
 45
26.27300887558147
 73
     0
 74
     0
 46
0.0
  0
LWPOLYLINE
  5
CAC3
330
70
100
AcDbEntity
  8
PDF2_Geometría
370
    -3
100
AcDbPolyline
 90
        2
 70
     0
 43
0.0
 10
-641.03412288247
 20
-2678.057635592772
 10
-894.6379251127977
 20
-2814.306096676403
  0
LWPOLYLINE
  5
CAC5
330
70
100
AcDbEntity
  8
PDF2_Geometría
370
    -3
100
AcDbPolyline
 90
        2
 70
     0
 43
0.0
 10
-652.6014705567954
 20
-2684.272184844739
 10
-652.6014705567954
 20
-2678.057635592773
  0
LWPOLYLINE
  5
CAC6
330
70
100
AcDbEntity
  8
PDF2_Geometría
370
    -3
100
AcDbPolyline
 90
        2
 70
     0
 43
0.0
 10
-883.2093272853608
 20
-2814.306096676403
 10
-883.2093272853608
 20
-2808.166090680287
  0
LWPOLYLINE
  5
CAD1
330
70
100
AcDbEntity
  8
PDF2_Geometría
370
    -3
100
AcDbPolyline
 90
        2
 70
     0
 43
0.0
 10
-641.0341228824695
 20
-2036.55524300048
 10
-641.03412288247
 20
-2226.327920591858
  0
MTEXT
  5
CAD2
330
70
100
AcDbEntity
  8
0
100
AcDbMText
 10
-628.8368480245622
 20
-2035.996478803657
 30
0.0
 40
12.6110442602791
 41
38.06953414606725
 46
0.0
 71
     4
 72
     5
  1
288+666
 11
-0.0000000000000044
 21
-1.0
 31
0.0
 73
     1
 44
1.0
101
Embedded Object
 70
     4
 10
-0.0000000000000044
 20
-1.0
 30
0.0
 11
-628.8368480245622
 21
-2035.996478803657
 31
0.0
 40
38.06953414606725
 41
0.0
 42
84.07362840186069
 43
12.6110442602791
 71
     2
 72
     1
 44
38.06953414606725
 45
26.27300887558147
 73
     0
 74
     0
 46
0.0
  0
MTEXT
  5
CAD3
330
70
100
AcDbEntity
  8
0
100
AcDbMText
 10
-656.428305011073
 20
-2036.622654093093
 30
0.0
 40
12.6110442602791
 41
139.5374267877626
 46
0.0
 71
     4
 72
     5
  1
LIBRANZA 13B
 11
-0.0000000000000044
 21
-1.0
 31
0.0
 73
     1
 44
1.0
101
Embedded Object
 70
     4
 10
-0.0000000000000044
 20
-1.0
 30
0.0
 11
-656.428305011073
 21
-2036.622654093093
 31
0.0
 40
139.5374267877626
 41
0.0
 42
138.7214868630701
 43
12.6110442602791
 71
     2
 72
     1
 44
139.5374267877626
 45
26.27300887558147
 73
     0
 74
     0
 46
0.0
  0
LWPOLYLINE
  5
CAD4
330
70
100
AcDbEntity
  8
PDF2_Geometría
370
    -3
100
AcDbPolyline
 90
        2
 70
     0
 43
0.0
 10
-894.6379251127973
 20
-2036.063889896263
 10
-894.6379251127977
 20
-2225.836567487641
  0
MTEXT
  5
CAD5
330
70
100
AcDbEntity
  8
0
100
AcDbMText
 10
-882.4406502548894
 20
-2035.505125699439
 30
0.0
 40
12.6110442602791
 41
38.06953414606725
 46
0.0
 71
     4
 72
     5
  1
288+734
 11
-0.0000000000000044
 21
-1.0
 31
0.0
 73
     1
 44
1.0
101
Embedded Object
 70
     4
 10
-0.0000000000000044
 20
-1.0
 30
0.0
 11
-882.4406502548894
 21
-2035.505125699439
 31
0.0
 40
38.06953414606725
 41
0.0
 42
84.07362840186069
 43
12.6110442602791
 71
     2
 72
     1
 44
38.06953414606725
 45
26.27300887558147
 73
     0
 74
     0
 46
0.0
  0
MTEXT
  5
CAD6
330
70
100
AcDbEntity
  8
0
100
AcDbMText
 10
-910.0321072414002
 20
-2036.131300988877
 30
0.0
 40
12.6110442602791
 41
139.5374267877626
 46
0.0
 71
     4
 72
     5
  1
LIBRANZA 13B
 11
-0.0000000000000044
 21
-1.0
 31
0.0
 73
     1
 44
1.0
101
Embedded Object
 70
     4
 10
-0.0000000000000044
 20
-1.0
 30
0.0
 11
-910.0321072414002
 21
-2036.131300988877
 31
0.0
 40
139.5374267877626
 41
0.0
 42
138.7214868630701
 43
12.6110442602791
 71
     2
 72
     1
 44
139.5374267877626
 45
26.27300887558147
 73
     0
 74
     0
 46
0.0
  0
LWPOLYLINE
  5
CAFF
330
70
100
AcDbEntity
  8
PDF2_Geometría
370
    -3
100
AcDbPolyline
 90
        2
 70
     0
 43
0.0
 10
-1013.466468227741
 20
-2036.063889896263
 10
-1013.466468227742
 20
-2225.836567487641
  0
MTEXT
  5
CB00
330
70
100
AcDbEntity
  8
0
100
AcDbMText
 10
-1001.269193369834
 20
-2035.505125699439
 30
0.0
 40
12.6110442602791
 41
38.06953414606725
 46
0.0
 71
     4
 72
     5
  1
288+764
 11
-0.0000000000000044
 21
-1.0
 31
0.0
 73
     1
 44
1.0
101
Embedded Object
 70
     4
 10
-0.0000000000000044
 20
-1.0
 30
0.0
 11
-1001.269193369834
 21
-2035.505125699439
 31
0.0
 40
38.06953414606725
 41
0.0
 42
84.07362840186069
 43
12.6110442602791
 71
     2
 72
     1
 44
38.06953414606725
 45
26.27300887558147
 73
     0
 74
     0
 46
0.0
  0
MTEXT
  5
CB01
330
70
100
AcDbEntity
  8
0
100
AcDbMText
 10
-1028.860650356345
 20
-2036.131300988877
 30
0.0
 40
12.6110442602791
 41
204.3764600165104
 46
0.0
 71
     4
 72
     5
  1
SEÑAL Y JUNTA
 11
-0.0000000000000044
 21
-1.0
 31
0.0
 73
     1
 44
1.0
101
Embedded Object
 70
     4
 10
-0.0000000000000044
 20
-1.0
 30
0.0
 11
-1028.860650356345
 21
-2036.131300988877
 31
0.0
 40
204.3764600165104
 41
0.0
 42
159.7398939635353
 43
12.61104426027911
 71
     2
 72
     1
 44
204.3764600165104
 45
26.27300887558147
 73
     0
 74
     0
 46
0.0
  0
LWPOLYLINE
  5
CB0C
330
70
100
AcDbEntity
  8
PDF2_Geometría
370
    -3
100
AcDbPolyline
 90
        2
 70
     0
 43
0.0
 10
-1420.369833382035
 20
-2814.306096676401
 10
-1367.220483030778
 20
-2814.306096676401
  0
LWPOLYLINE
  5
CB29
330
70
100
AcDbEntity
  8
PDF2_Geometría
370
    -3
100
AcDbPolyline
 90
        2
 70
     0
 43
0.0
 10
-1234.554005011055
 20
-2036.063889896263
 10
-1234.554005011057
 20
-2225.836567487641
  0
MTEXT
  5
CB2A
330
70
100
AcDbEntity
  8
0
100
AcDbMText
 10
-1222.356730153148
 20
-2035.505125699438
 30
0.0
 40
12.6110442602791
 41
38.06953414606725
 46
0.0
 71
     4
 72
     5
  1
289+323
 11
-0.0000000000000044
 21
-1.0
 31
0.0
 73
     1
 44
1.0
101
Embedded Object
 70
     4
 10
-0.0000000000000044
 20
-1.0
 30
0.0
 11
-1222.356730153148
 21
-2035.505125699438
 31
0.0
 40
38.06953414606725
 41
0.0
 42
84.07362840186069
 43
12.6110442602791
 71
     2
 72
     1
 44
38.06953414606725
 45
26.27300887558147
 73
     0
 74
     0
 46
0.0
  0
MTEXT
  5
CB2B
330
70
100
AcDbEntity
  8
0
100
AcDbMText
 10
-1249.948187139659
 20
-2036.131300988877
 30
0.0
 40
12.6110442602791
 41
139.5374267877626
 46
0.0
 71
     4
 72
     5
  1
SEÑAL
 11
-0.0000000000000044
 21
-1.0
 31
0.0
 73
     1
 44
1.0
101
Embedded Object
 70
     4
 10
-0.0000000000000044
 20
-1.0
 30
0.0
 11
-1249.948187139659
 21
-2036.131300988877
 31
0.0
 40
139.5374267877626
 41
0.0
 42
58.85153988130248
 43
12.61104426027911
 71
     2
 72
     1
 44
139.5374267877626
 45
26.27300887558147
 73
     0
 74
     0
 46
0.0
  0
LWPOLYLINE
  5
CB4A
330
70
100
AcDbEntity
  8
PDF2_Geometría
370
    -3
100
AcDbPolyline
 90
        2
 70
     0
 43
0.0
 10
-1450.026253739614
 20
-2036.063889896263
 10
-1450.026253739615
 20
-2225.83656748764
  0
MTEXT
  5
CB4B
330
70
100
AcDbEntity
  8
0
100
AcDbMText
 10
-1437.828978881706
 20
-2035.505125699438
 30
0.0
 40
12.6110442602791
 41
38.06953414606725
 46
0.0
 71
     4
 72
     5
  1
290+023
 11
-0.0000000000000044
 21
-1.0
 31
0.0
 73
     1
 44
1.0
101
Embedded Object
 70
     4
 10
-0.0000000000000044
 20
-1.0
 30
0.0
 11
-1437.828978881706
 21
-2035.505125699438
 31
0.0
 40
38.06953414606725
 41
0.0
 42
79.86994698176765
 43
12.6110442602791
 71
     2
 72
     1
 44
38.06953414606725
 45
26.27300887558147
 73
     0
 74
     0
 46
0.0
  0
MTEXT
  5
CB4C
330
70
100
AcDbEntity
  8
0
100
AcDbMText
 10
-1465.420435868217
 20
-2036.131300988877
 30
0.0
 40
12.6110442602791
 41
139.5374267877626
 46
0.0
 71
     4
 72
     5
  1
SEÑAL
 11
-0.0000000000000044
 21
-1.0
 31
0.0
 73
     1
 44
1.0
101
Embedded Object
 70
     4
 10
-0.0000000000000044
 20
-1.0
 30
0.0
 11
-1465.420435868217
 21
-2036.131300988877
 31
0.0
 40
139.5374267877626
 41
0.0
 42
58.85153988130248
 43
12.61104426027911
 71
     2
 72
     1
 44
139.5374267877626
 45
26.27300887558147
 73
     0
 74
     0
 46
0.0
  0
MTEXT
  5
CB5C
330
70
100
AcDbEntity
  8
Señales
100
AcDbMText
 10
-1152.406274374551
 20
-2779.804948035904
 30
0.0
 40
12.61003333068995
 41
0.0
 46
0.0
 71
     7
 72
     5
  1
IND-2
  7
PDF Arial
 11
0.9999153438341188
 21
0.0130117318253948
 31
0.0
 73
     1
 44
1.0
  0
LWPOLYLINE
  5
CB5D
330
70
100
AcDbEntity
  8
Señales
370
    -3
100
AcDbPolyline
 90
        2
 70
     0
 43
0.0
 10
-1211.225221869691
 20
-2772.341570662643
 10
-1176.344184090224
 20
-2772.341570662643
  0
LWPOLYLINE
  5
CB5E
330
70
100
AcDbEntity
  8
Señales
370
    -3
100
AcDbPolyline
 90
        2
 70
     0
 43
0.0
 10
-1211.225221869691
 20
-2781.061472171996
 10
-1211.225221869691
 20
-2763.621669153291
  0
LWPOLYLINE
  5
CB5F
330
70
100
AcDbEntity
  8
Señales
370
    -3
100
AcDbPolyline
 90
        2
 70
     0
 43
0.0
 10
-1211.225221869691
 20
-2763.440004538515
 10
-1211.225221869691
 20
-2780.879807557219
  0
CIRCLE
  5
CB62
330
70
100
AcDbEntity
  8
Señales
370
    -3
100
AcDbCircle
 10
-1167.717028330008
 20
-2772.159908373757
 30
0.0
 40
8.629068182499082
  0
LWPOLYLINE
  5
CB63
330
70
100
AcDbEntity
  8
Señales
370
    -3
100
AcDbPolyline
 90
        2
 70
     0
 43
0.0
 10
-1167.081201158822
 20
-2763.712502767111
 10
-1167.081201158822
 20
-2780.970641171036
  0
LWPOLYLINE
  5
CB64
330
70
100
AcDbEntity
  8
Señales
370
    -3
100
AcDbPolyline
 90
        2
 70
     0
 43
0.0
 10
-1168.716182691824
 20
-2763.712502767111
 10
-1168.716182691824
 20
-2780.970641171036
  0
LINE
  5
CB65
330
70
100
AcDbEntity
  8
Señales
100
AcDbLine
 10
-1159.269622723359
 20
-2772.250739661684
 30
0.0
 11
-1176.345618445164
 21
-2772.250739661684
 31
0.0
  0
LWPOLYLINE
  5
CB70
330
70
100
AcDbEntity
  8
PDF2_Geometría
370
    -3
100
AcDbPolyline
 90
        2
 70
     0
 43
0.0
 10
-103.7805748561531
 20
-2036.55524300048
 10
-103.7805748561536
 20
-2226.327920591858
  0
MTEXT
  5
CB71
330
70
100
AcDbEntity
  8
0
100
AcDbMText
 10
-91.58329999824536
 20
-2035.996478803656
 30
0.0
 40
12.6110442602791
 41
38.06953414606725
 46
0.0
 71
     4
 72
     5
  1
288+540
 11
-0.0000000000000044
 21
-1.0
 31
0.0
 73
     1
 44
1.0
101
Embedded Object
 70
     4
 10
-0.0000000000000044
 20
-1.0
 30
0.0
 11
-91.58329999824536
 21
-2035.996478803656
 31
0.0
 40
38.06953414606725
 41
0.0
 42
81.97178769181418
 43
12.6110442602791
 71
     2
 72
     1
 44
38.06953414606725
 45
26.27300887558147
 73
     0
 74
     0
 46
0.0
  0
MTEXT
  5
CB72
330
70
100
AcDbEntity
  8
0
100
AcDbMText
 10
-119.1747569847562
 20
-2036.622654093093
 30
0.0
 40
12.6110442602791
 41
139.5374267877626
 46
0.0
 71
     4
 72
     5
  1
bÚNGALOW
 11
-0.0000000000000044
 21
-1.0
 31
0.0
 73
     1
 44
1.0
101
Embedded Object
 70
     4
 10
-0.0000000000000044
 20
-1.0
 30
0.0
 11
-119.1747569847562
 21
-2036.622654093093
 31
0.0
 40
139.5374267877626
 41
0.0
 42
100.8883540822328
 43
12.61104426027911
 71
     2
 72
     1
 44
139.5374267877626
 45
26.27300887558147
 73
     0
 74
     0
 46
8.857556919121153
  0
MTEXT
  5
CCAF
330
70
100
AcDbEntity
  8
CV2
100
AcDbMText
 10
199.4372996009974
 20
-2706.80236730449
 30
0.0
 40
12.61003333068993
 41
0.0
 46
0.0
 71
     7
 72
     5
  1
1AT
  7
PDF Arial
 73
     1
 44
1.0
  0
MTEXT
  5
CCC8
330
70
100
AcDbEntity
  8
PDF2_Texto
100
AcDbMText
 10
-699.1609560949146
 20
-2736.07732702599
 30
0.0
 40
12.61003333068995
 41
0.0
 46
0.0
 71
     7
 72
     5
  1
3AT
  7
PDF Arial
 73
     1
 44
1.0
  0
MTEXT
  5
CCC9
330
70
100
AcDbEntity
  8
CV3
100
AcDbMText
 10
-699.1609560949146
 20
-2736.07732702599
 30
0.0
 40
12.61003333068993
 41
0.0
 46
0.0
 71
     7
 72
     5
  1
3AT
  7
PDF Arial
 73
     1
 44
1.0
  0
MTEXT
  5
CCD6
330
70
100
AcDbEntity
  8
PDF2_Texto
100
AcDbMText
 10
-176.9450033131288
 20
-2471.50999546262
 30
0.0
 40
12.61003333068995
 41
0.0
 46
0.0
 71
     7
 72
     5
  1
2DT
  7
PDF Arial
 73
     1
 44
1.0
  0
MTEXT
  5
CCD7
330
70
100
AcDbEntity
  8
CV1
100
AcDbMText
 10
-176.9450033131288
 20
-2471.50999546262
 30
0.0
 40
12.61003333068993
 41
0.0
 46
0.0
 71
     7
 72
     5
  1
2DT
  7
PDF Arial
 73
     1
 44
1.0
  0
MTEXT
  5
CCD8
330
70
100
AcDbEntity
  8
CV6
100
AcDbMText
 10
-846.3695205109807
 20
-2537.118894707198
 30
0.0
 40
12.61003333068995
 41
0.0
 46
0.0
 71
     7
 72
     5
  1
4DT
  7
PDF Arial
 73
     1
 44
1.0
  0
MTEXT
  5
CCD9
330
70
100
AcDbEntity
  8
CV7
100
AcDbMText
 10
-1320.514352199251
 20
-2562.204534329306
 30
0.0
 40
12.61003333068995
 41
0.0
 46
1.036504509314589
 71
     7
 72
     5
  1
A4DT
  7
PDF Arial
 73
     1
 44
1.0
  0
LWPOLYLINE
  5
CCF2
330
70
100
AcDbEntity
  8
ATS+CE
370
    -3
100
AcDbPolyline
 90
        2
 70
     0
 43
0.0
 10
-365.2104431147541
 20
-2683.755606736593
 10
-365.2104431147541
 20
-2671.944076144074
  0
MTEXT
  5
CCF3
330
70
100
AcDbEntity
  8
ASR ASC
 62
     1
100
AcDbMText
 10
-469.2942116708973
 20
-2701.232920644026
 30
0.0
 40
12.61
 41
0.0
 46
0.0
 71
     7
 72
     5
  1
3A-ASR
  7
PDF Arial
 73
     1
 44
1.0
  0
CIRCLE
  5
CCF4
330
70
100
AcDbEntity
  8
ASR ASC
 62
     1
100
AcDbCircle
 10
-365.2104431147541
 20
-2677.953738516553
 30
0.0
 40
1.5
  0
LINE
  5
CCF5
330
70
100
AcDbEntity
  8
ASR ASC
 62
     1
100
AcDbLine
 10
-407.7233375135924
 20
-2674.550226881546
 30
0.0
 11
-407.7233375135924
 21
-2681.258387211354
 31
0.0
  0
HATCH
  5
CCF6
330
70
100
AcDbEntity
  8
ASR ASC
 62
     1
100
AcDbHatch
 10
0.0
 20
0.0
 30
0.0
210
0.0
220
0.0
230
1.0
  2
SOLID
 70
     1
 71
     0
 91
        3
 92
        1
 93
        1
 72
     2
 10
-365.2104431147541
 20
-2677.849841440333
 40
1.5
 50
0.0
 51
360.0
 73
     1
 97
        0
 92
        1
 93
        3
 72
     1
 10
-407.7233375135924
 20
-2681.307818681457
 11
-407.7233375135924
 21
-2677.953738516553
 72
     1
 10
-407.7233375135924
 20
-2677.953738516553
 11
-413.5327747718656
 21
-2677.953738516553
 72
     1
 10
-413.5327747718656
 20
-2677.953738516553
 11
-407.7233375135924
 21
-2681.307818681457
 97
        0
 92
        1
 93
        3
 72
     1
 10
-413.5327747718656
 20
-2677.953738516553
 11
-407.7233375135924
 21
-2677.953738516553
 72
     1
 10
-407.7233375135924
 20
-2677.953738516553
 11
-407.7233375135924
 21
-2674.599658351649
 72
     1
 10
-407.7233375135924
 20
-2674.599658351649
 11
-413.5327747718656
 21
-2677.953738516553
 97
        0
 75
     1
 76
     1
 98
        3
 10
-383.5225423156126
 20
-2678.726102375597
 10
-408.7408656891375
 20
-2679.038556410709
 10
-408.48851025376
 20
-2676.433871941474
450
        0
451
        0
460
0.0
461
0.0
452
        0
462
0.0
453
        2
463
0.0
 63
     5
421
      255
463
1.0
 63
     2
421
 16776960
470
LINEAR
1001
GradientColor1ACI
1070
     5
1001
GradientColor2ACI
1070
     2
1001
ACAD
1010
0.0
1020
0.0
1030
0.0
  0
LWPOLYLINE
  5
CCF7
330
70
100
AcDbEntity
  8
ASR ASC
 62
     1
100
AcDbPolyline
 90
        6
 70
     1
 43
0.0
 10
-413.4404291536302
 20
-2677.953738516553
 10
-363.7104431147541
 20
-2677.953738516553
 10
-413.4404291536302
 20
-2677.953738516553
 10
-407.630991895357
 20
-2674.599658351649
 10
-413.4404291536302
 20
-2677.953738516553
 10
-407.630991895357
 20
-2681.307818681457
  0
LINE
  5
CD06
330
70
100
AcDbEntity
  8
ASR ASC
 62
     1
100
AcDbLine
 10
20.12507620193401
 20
-2405.560713425514
 30
0.0
 11
158.9575584392087
 21
-2405.560713425514
 31
0.0
  0
LINE
  5
CD07
330
70
100
AcDbEntity
  8
ASR ASC
 62
     1
100
AcDbLine
 10
-233.4787260283933
 20
-2541.809174509144
 30
0.0
 11
20.12507620193401
 21
-2405.560713425514
 31
0.0
  0
LINE
  5
CD08
330
70
100
AcDbEntity
  8
ASR ASC
 62
     1
100
AcDbLine
 10
-307.4461333529894
 20
-2541.809174509144
 30
0.0
 11
-233.4787260283933
 21
-2541.809174509144
 31
0.0
  0
LINE
  5
CD0E
330
70
100
AcDbEntity
  8
ASR ASC
100
AcDbLine
 10
-434.2480344681532
 20
-2609.933405050958
 30
0.0
 11
-561.0499355833167
 21
-2678.057635592773
 31
0.0
  0
LINE
  5
CD0F
330
70
100
AcDbEntity
  8
ASR ASC
100
AcDbLine
 10
-473.1544380956913
 20
-2678.057635592773
 30
0.0
 11
-949.9967895159057
 21
-2678.057635592773
 31
0.0
  0
HATCH
  5
CD10
330
70
100
AcDbEntity
  8
ASR ASC
100
AcDbHatch
 10
0.0
 20
0.0
 30
0.0
210
0.0
220
0.0
230
1.0
  2
SOLID
 70
     1
 71
     0
 91
        2
 92
        7
 72
     0
 73
     1
 93
        3
 10
-944.1873522576321
 20
-2681.411715757677
 10
-944.1873522576321
 20
-2678.107067062876
 10
-949.9111716981941
 20
-2678.107067062876
 97
        0
 92
        7
 72
     0
 73
     1
 93
        3
 10
-949.9967895159057
 20
-2678.057635592773
 10
-944.1873522576321
 20
-2678.057635592773
 10
-944.1873522576321
 20
-2674.703555427869
 97
        0
 75
     1
 76
     1
 47
0.0953676286497374
 98
        2
 10
-946.2867611071846
 20
-2678.493487294657
 10
-946.0003291290846
 20
-2676.681510090797
450
        0
451
        0
460
0.0
461
0.0
452
        0
462
0.0
453
        2
463
0.0
 63
     5
421
      255
463
1.0
 63
     2
421
 16776960
470
LINEAR
1001
GradientColor1ACI
1070
     5
1001
GradientColor2ACI
1070
     2
1001
ACAD
1010
0.0
1020
0.0
1030
0.0
  0
LINE
  5
CD11
330
70
100
AcDbEntity
  8
ASR ASC
100
AcDbLine
 10
-944.1873522576321
 20
-2674.703555427869
 30
0.0
 11
-944.1873522576321
 21
-2681.411715757677
 31
0.0
  0
LINE
  5
CD12
330
70
100
AcDbEntity
  8
ASR ASC
100
AcDbLine
 10
-949.9967895159057
 20
-2678.057635592773
 30
0.0
 11
-944.1873522576321
 21
-2681.411715757677
 31
0.0
  0
LINE
  5
CD13
330
70
100
AcDbEntity
  8
ASR ASC
100
AcDbLine
 10
-949.9967895159057
 20
-2678.057635592773
 30
0.0
 11
-944.1873522576321
 21
-2674.703555427869
 31
0.0
  0
LINE
  5
CD14
330
70
100
AcDbEntity
  8
ASR ASC
100
AcDbLine
 10
-894.6379251127977
 20
-2814.306096676403
 30
0.0
 11
-641.03412288247
 21
-2678.057635592772
 31
0.0
  0
MTEXT
  5
CD1A
330
70
100
AcDbEntity
  8
ASR DESC
 62
     1
100
AcDbMText
 10
-455.9349432498565
 20
-2564.984459560396
 30
0.0
 40
12.61
 41
0.0
 46
0.0
 71
     7
 72
     5
  1
2D-ASR
  7
PDF Arial
 73
     1
 44
1.0
  0
CIRCLE
  5
CD1B
330
70
100
AcDbEntity
  8
ASR DESC
 62
     1
100
AcDbCircle
 10
-494.2677377679533
 20
-2541.705277432923
 30
0.0
 40
1.5
  0
LINE
  5
CD1C
330
70
100
AcDbEntity
  8
ASR DESC
 62
     1
100
AcDbLine
 10
-451.7548433691149
 20
-2545.10878906793
 30
0.0
 11
-451.7548433691149
 21
-2538.400628738121
 31
0.0
  0
HATCH
  5
CD1D
330
70
100
AcDbEntity
  8
ASR DESC
 62
     1
100
AcDbHatch
 10
0.0
 20
0.0
 30
0.0
210
0.0
220
0.0
230
1.0
  2
SOLID
 70
     1
 71
     0
 91
        3
 92
        1
 93
        1
 72
     2
 10
-494.2677377679533
 20
-2541.809174509142
 40
1.5
 50
180.0
 51
540.0
 73
     1
 97
        0
 92
        1
 93
        3
 72
     1
 10
-451.7548433691149
 20
-2538.351197268019
 11
-451.7548433691149
 21
-2541.705277432923
 72
     1
 10
-451.7548433691149
 20
-2541.705277432923
 11
-445.9454061108417
 21
-2541.705277432923
 72
     1
 10
-445.9454061108417
 20
-2541.705277432923
 11
-451.7548433691149
 21
-2538.351197268019
 97
        0
 92
        1
 93
        3
 72
     1
 10
-445.9454061108417
 20
-2541.705277432923
 11
-451.7548433691149
 21
-2541.705277432923
 72
     1
 10
-451.7548433691149
 20
-2541.705277432923
 11
-451.7548433691149
 21
-2545.059357597827
 72
     1
 10
-451.7548433691149
 20
-2545.059357597827
 11
-445.9454061108417
 21
-2541.705277432923
 97
        0
 75
     1
 76
     1
 98
        3
 10
-475.9556385670948
 20
-2540.932913573879
 10
-450.7373151935698
 20
-2540.620459538767
 10
-450.9896706289473
 20
-2543.225144008002
450
        0
451
        0
460
0.0
461
0.0
452
        0
462
0.0
453
        2
463
0.0
 63
     5
421
      255
463
1.0
 63
     2
421
 16776960
470
LINEAR
1001
GradientColor1ACI
1070
     5
1001
GradientColor2ACI
1070
     2
1001
ACAD
1010
0.0
1020
0.0
1030
0.0
  0
LWPOLYLINE
  5
CD1E
330
70
100
AcDbEntity
  8
ASR DESC
 62
     1
100
AcDbPolyline
 90
        6
 70
     1
 43
0.0
 10
-446.0377517290772
 20
-2541.705277432923
 10
-495.7677377679533
 20
-2541.705277432923
 10
-446.0377517290772
 20
-2541.705277432923
 10
-451.8471889873503
 20
-2545.059357597827
 10
-446.0377517290772
 20
-2541.705277432923
 10
-451.8471889873503
 20
-2538.351197268019
  0
MTEXT
  5
CD1F
330
70
100
AcDbEntity
  8
ASR DESC
 62
     1
100
AcDbMText
 10
-888.9272510193986
 20
-2764.294163326136
 30
0.0
 40
12.61
 41
0.0
 46
0.0
 71
     7
 72
     5
  1
6D-ASR
  7
PDF Arial
 73
     1
 44
1.0
  0
CIRCLE
  5
CD20
330
70
100
AcDbEntity
  8
ASR DESC
 62
     1
100
AcDbCircle
 10
-1013.411209106235
 20
-2814.306096676403
 30
0.0
 40
1.5
  0
MTEXT
  5
CD24
330
70
100
AcDbEntity
  8
ASR DESC
 62
     1
100
AcDbMText
 10
-1166.30835781567
 20
-2535.071606883106
 30
0.0
 40
12.61
 41
0.0
 46
0.0
 71
     7
 72
     5
  1
4D-ASR
  7
PDF Arial
 73
     1
 44
1.0
  0
CIRCLE
  5
CD25
330
70
100
AcDbEntity
  8
ASR DESC
 62
     1
100
AcDbCircle
 10
-1234.554005011057
 20
-2541.705277432923
 30
0.0
 40
1.5
  0
LINE
  5
CD26
330
70
100
AcDbEntity
  8
ASR DESC
 62
     1
100
AcDbLine
 10
-1192.041110612218
 20
-2545.10878906793
 30
0.0
 11
-1192.041110612218
 21
-2538.400628738121
 31
0.0
  0
HATCH
  5
CD27
330
70
100
AcDbEntity
  8
ASR DESC
 62
     1
100
AcDbHatch
 10
0.0
 20
0.0
 30
0.0
210
0.0
220
0.0
230
1.0
  2
SOLID
 70
     1
 71
     0
 91
        3
 92
        1
 93
        1
 72
     2
 10
-1234.554005011057
 20
-2541.809174509142
 40
1.5
 50
180.0
 51
540.0
 73
     1
 97
        0
 92
        1
 93
        3
 72
     1
 10
-1192.041110612218
 20
-2538.351197268019
 11
-1192.041110612218
 21
-2541.705277432923
 72
     1
 10
-1192.041110612218
 20
-2541.705277432923
 11
-1186.231673353945
 21
-2541.705277432923
 72
     1
 10
-1186.231673353945
 20
-2541.705277432923
 11
-1192.041110612218
 21
-2538.351197268019
 97
        0
 92
        1
 93
        3
 72
     1
 10
-1186.231673353945
 20
-2541.705277432923
 11
-1192.041110612218
 21
-2541.705277432923
 72
     1
 10
-1192.041110612218
 20
-2541.705277432923
 11
-1192.041110612218
 21
-2545.059357597827
 72
     1
 10
-1192.041110612218
 20
-2545.059357597827
 11
-1186.231673353945
 21
-2541.705277432923
 97
        0
 75
     1
 76
     1
 98
        3
 10
-1216.241905810198
 20
-2540.932913573879
 10
-1191.023582436673
 20
-2540.620459538767
 10
-1191.275937872051
 20
-2543.225144008002
450
        0
451
        0
460
0.0
461
0.0
452
        0
462
0.0
453
        2
463
0.0
 63
     5
421
      255
463
1.0
 63
     2
421
 16776960
470
LINEAR
1001
GradientColor1ACI
1070
     5
1001
GradientColor2ACI
1070
     2
1001
ACAD
1010
0.0
1020
0.0
1030
0.0
  0
LWPOLYLINE
  5
CD28
330
70
100
AcDbEntity
  8
ASR DESC
 62
     1
100
AcDbPolyline
 90
        6
 70
     1
 43
0.0
 10
-1186.32401897218
 20
-2541.705277432923
 10
-1236.054005011056
 20
-2541.705277432923
 10
-1186.32401897218
 20
-2541.705277432923
 10
-1192.133456230453
 20
-2545.059357597827
 10
-1186.32401897218
 20
-2541.705277432923
 10
-1192.133456230453
 20
-2538.351197268019
  0
LINE
  5
CD29
330
70
100
AcDbEntity
  8
ASR DESC
 62
     1
100
AcDbLine
 10
-1013.411209106235
 20
-2814.306096676402
 30
0.0
 11
-894.6379251127977
 21
-2814.306096676403
 31
0.0
  0
LINE
  5
CD2A
330
70
100
AcDbEntity
  8
ASR DESC
 62
     1
100
AcDbLine
 10
-894.6379251127977
 20
-2814.306096676403
 30
0.0
 11
-641.0341228824709
 21
-2678.057635592773
 31
0.0
  0
LINE
  5
CD2B
330
70
100
AcDbEntity
  8
ASR DESC
 62
     1
100
AcDbLine
 10
-641.0341228824709
 20
-2678.057635592773
 30
0.0
 11
-561.0499355833169
 21
-2678.057635592773
 31
0.0
  0
HATCH
  5
CD32
330
70
100
AcDbEntity
  8
ASR DESC
 62
     1
100
AcDbHatch
 10
0.0
 20
0.0
 30
0.0
210
0.0
220
0.0
230
1.0
  2
SOLID
 70
     1
 71
     0
 91
        2
 92
        7
 72
     0
 73
     1
 93
        3
 10
-436.8115171020481
 20
-2614.12648617453
 10
-439.1610905582429
 20
-2609.80990452963
 10
-436.8356786138392
 20
-2609.868358897375
 97
        0
 92
        7
 72
     0
 73
     1
 93
        3
 10
-436.8115171020481
 20
-2614.12648617453
 10
-436.8356786138392
 20
-2609.868358897375
 10
-434.248034468153
 20
-2609.933405050958
 97
        0
 75
     1
 76
     1
 47
0.0280572226518056
 98
        2
 10
-437.8671351585589
 20
-2610.720848269455
 10
-435.7169410209953
 20
-2610.79775573593
450
        0
451
        0
460
0.0
461
0.0
452
        0
462
0.0
453
        2
463
0.0
 63
     5
421
      255
463
1.0
 63
     2
421
 16776960
470
LINEAR
1001
GradientColor1ACI
1070
     5
1001
GradientColor2ACI
1070
     2
1001
ACAD
1010
0.0
1020
0.0
1030
0.0
  0
LINE
  5
CD33
330
70
100
AcDbEntity
  8
ASR DESC
 62
     1
100
AcDbLine
 10
-436.8115171020481
 20
-2614.12648617453
 30
0.0
 11
-434.248034468153
 21
-2609.933405050958
 31
0.0
  0
LINE
  5
CD34
330
70
100
AcDbEntity
  8
ASR DESC
 62
     1
100
AcDbLine
 10
-434.248034468153
 20
-2609.933405050958
 30
0.0
 11
-439.1610905582429
 21
-2609.80990452963
 31
0.0
  0
LINE
  5
CD35
330
70
100
AcDbEntity
  8
ASR DESC
 62
     1
100
AcDbLine
 10
-436.8115171020481
 20
-2614.12648617453
 30
0.0
 11
-439.1610905582429
 21
-2609.80990452963
 31
0.0
  0
LINE
  5
CD3B
330
70
100
AcDbEntity
  8
ASR DESC
 62
     1
100
AcDbLine
 10
-561.0499355833167
 20
-2678.057635592773
 30
0.0
 11
-437.9863038301455
 21
-2611.96819535208
 31
0.0
  0
LINE
  5
CD3C
330
70
100
AcDbEntity
  8
ASR DESC
100
AcDbLine
 10
-434.2480344681535
 20
-2609.933405050958
 30
0.0
 11
-307.4461333529898
 21
-2541.809174509144
 31
0.0
  0
LINE
  5
CD3D
330
70
100
AcDbEntity
  8
ASR DESC
100
AcDbLine
 10
-307.4461333529898
 20
-2541.809174509144
 30
0.0
 11
-233.4787260283933
 21
-2541.809174509144
 31
0.0
  0
LINE
  5
CD3E
330
70
100
AcDbEntity
  8
ASR DESC
100
AcDbLine
 10
-233.4787260283933
 20
-2541.809174509144
 30
0.0
 11
20.12507620193401
 21
-2405.560713425514
 31
0.0
  0
HATCH
  5
CD3F
330
70
100
AcDbEntity
  8
ASR DESC
100
AcDbHatch
 10
0.0
 20
0.0
 30
0.0
210
0.0
220
0.0
230
1.0
  2
SOLID
 70
     1
 71
     0
 91
        2
 92
        7
 72
     0
 73
     1
 93
        3
 10
154.7013829972948
 20
-2408.018017462621
 10
154.7013829972948
 20
-2403.103409388406
 10
156.7158849750082
 20
-2404.266482647522
 97
        0
 92
        7
 72
     0
 73
     1
 93
        3
 10
154.7013829972948
 20
-2408.018017462621
 10
156.7158849750082
 20
-2404.266482647522
 10
158.9575584392087
 20
-2405.560713425514
 97
        0
 75
     1
 76
     1
 47
0.0280572226518056
 98
        2
 10
155.402381905934
 20
-2404.52211993097
 10
157.2541651342067
 20
-2405.617632807709
450
        0
451
        0
460
0.0
461
0.0
452
        0
462
0.0
453
        2
463
0.0
 63
     5
421
      255
463
1.0
 63
     2
421
 16776960
470
LINEAR
1001
GradientColor1ACI
1070
     5
1001
GradientColor2ACI
1070
     2
1001
ACAD
1010
0.0
1020
0.0
1030
0.0
  0
LINE
  5
CD40
330
70
100
AcDbEntity
  8
ASR DESC
100
AcDbLine
 10
154.7013829972948
 20
-2408.018017462621
 30
0.0
 11
158.9575584392087
 21
-2405.560713425514
 31
0.0
  0
LINE
  5
CD41
330
70
100
AcDbEntity
  8
ASR DESC
100
AcDbLine
 10
158.9575584392087
 20
-2405.560713425514
 30
0.0
 11
154.7013829972948
 21
-2403.103409388406
 31
0.0
  0
LINE
  5
CD42
330
70
100
AcDbEntity
  8
ASR DESC
100
AcDbLine
 10
154.7013829972948
 20
-2408.018017462621
 30
0.0
 11
154.7013829972948
 21
-2403.103409388406
 31
0.0
  0
LINE
  5
CD44
330
70
100
AcDbEntity
  8
ASR DESC
100
AcDbLine
 10
20.12507620193401
 20
-2405.560713425514
 30
0.0
 11
154.7013829972948
 21
-2405.560713425514
 31
0.0
  0
HATCH
  5
CD45
330
70
100
AcDbEntity
  8
ASR DESC
100
AcDbHatch
 10
0.0
 20
0.0
 30
0.0
210
0.0
220
0.0
230
1.0
  2
SOLID
 70
     1
 71
     0
 91
        2
 92
        7
 72
     0
 73
     1
 93
        3
 10
-98.90241923303257
 20
-2544.266478546251
 10
-98.90241923303257
 20
-2539.351870472036
 10
-96.88791725531917
 20
-2540.514943731152
 97
        0
 92
        7
 72
     0
 73
     1
 93
        3
 10
-98.90241923303257
 20
-2544.266478546251
 10
-96.88791725531917
 20
-2540.514943731152
 10
-94.64624379111866
 20
-2541.809174509144
 97
        0
 75
     1
 76
     1
 47
0.0280572226518056
 98
        2
 10
-98.20142032439328
 20
-2540.7705810146
 10
-96.3496370961206
 20
-2541.866093891339
450
        0
451
        0
460
0.0
461
0.0
452
        0
462
0.0
453
        2
463
0.0
 63
     5
421
      255
463
1.0
 63
     2
421
 16776960
470
LINEAR
1001
GradientColor1ACI
1070
     5
1001
GradientColor2ACI
1070
     2
1001
ACAD
1010
0.0
1020
0.0
1030
0.0
  0
LINE
  5
CD46
330
70
100
AcDbEntity
  8
ASR DESC
100
AcDbLine
 10
-98.90241923303257
 20
-2544.266478546251
 30
0.0
 11
-94.64624379111866
 21
-2541.809174509144
 31
0.0
  0
LINE
  5
CD47
330
70
100
AcDbEntity
  8
ASR DESC
100
AcDbLine
 10
-94.64624379111866
 20
-2541.809174509144
 30
0.0
 11
-98.90241923303257
 21
-2539.351870472036
 31
0.0
  0
LINE
  5
CD48
330
70
100
AcDbEntity
  8
ASR DESC
100
AcDbLine
 10
-98.90241923303257
 20
-2544.266478546251
 30
0.0
 11
-98.90241923303257
 21
-2539.351870472036
 31
0.0
  0
LINE
  5
CD49
330
70
100
AcDbEntity
  8
ASR DESC
100
AcDbLine
 10
-233.4787260283933
 20
-2541.809174509144
 30
0.0
 11
-98.90241923303257
 21
-2541.809174509144
 31
0.0
  0
HATCH
  5
CD4A
330
70
100
AcDbEntity
  8
ASR DESC
100
AcDbHatch
 10
0.0
 20
0.0
 30
0.0
210
0.0
220
0.0
230
1.0
  2
SOLID
 70
     1
 71
     0
 91
        2
 92
        7
 72
     1
 73
     1
 93
        3
 10
-401.6863379460992
 20
-2541.809174509144
 42
0.123825276655039
 10
-401.5078605940561
 20
-2542.518806731451
 42
0.0
 10
-398.8648152981423
 20
-2541.099542286837
 42
0.7796360711451728
 97
        0
 92
        7
 72
     1
 73
     1
 93
        3
 10
-398.6863379460992
 20
-2541.809174509144
 42
0.1238252766550332
 10
-398.8648152981423
 20
-2541.099542286837
 42
0.0
 10
-401.5078605940561
 20
-2542.518806731451
 42
0.7796360711451728
 97
        0
 75
     1
 76
     1
 47
0.0602496633423661
 98
        2
 10
-400.2887967696781
 20
-2540.830941229191
 10
-400.1078228125455
 20
-2542.216681450342
450
        0
451
        0
460
0.0
461
0.0
452
        0
462
0.0
453
        2
463
0.0
 63
     5
421
      255
463
1.0
 63
     2
421
 16776960
470
LINEAR
1001
GradientColor1ACI
1070
     5
1001
GradientColor2ACI
1070
     2
1001
ACAD
1010
0.0
1020
0.0
1030
0.0
  0
CIRCLE
  5
CD4B
330
70
100
AcDbEntity
  8
ASR DESC
100
AcDbCircle
 10
-400.1863379460992
 20
-2541.809174509144
 30
0.0
 40
1.5
  0
HATCH
  5
CD4C
330
70
100
AcDbEntity
  8
ASR DESC
 62
     1
100
AcDbHatch
 10
0.0
 20
0.0
 30
0.0
210
0.0
220
0.0
230
1.0
  2
SOLID
 70
     1
 71
     0
 91
        2
 92
        7
 72
     1
 73
     1
 93
        3
 10
-1014.911209106235
 20
-2814.306096676402
 42
0.123825276655039
 10
-1014.732731754191
 20
-2815.015728898709
 42
0.0
 10
-1012.089686458278
 20
-2813.596464454095
 42
0.7796360711451728
 97
        0
 92
        7
 72
     1
 73
     1
 93
        3
 10
-1011.911209106234
 20
-2814.306096676402
 42
0.1238252766550332
 10
-1012.089686458278
 20
-2813.596464454095
 42
0.0
 10
-1014.732731754191
 20
-2815.015728898709
 42
0.7796360711451728
 97
        0
 75
     1
 76
     1
 47
0.0602496633423661
 98
        2
 10
-1013.513667929814
 20
-2813.32786339645
 10
-1013.332693972681
 20
-2814.7136036176
450
        0
451
        0
460
0.0
461
0.0
452
        0
462
0.0
453
        2
463
0.0
 63
     5
421
      255
463
1.0
 63
     2
421
 16776960
470
LINEAR
1001
GradientColor1ACI
1070
     5
1001
GradientColor2ACI
1070
     2
1001
ACAD
1010
0.0
1020
0.0
1030
0.0
  0
CIRCLE
  5
CD4D
330
70
100
AcDbEntity
  8
ASR DESC
 62
     1
100
AcDbCircle
 10
-1013.411209106235
 20
-2814.306096676402
 30
0.0
 40
1.5
  0
LINE
  5
CD4E
330
70
100
AcDbEntity
  8
ASR DESC
100
AcDbLine
 10
-400.1863379460992
 20
-2541.809174509144
 30
0.0
 11
-307.4461333529898
 21
-2541.809174509144
 31
0.0
  0
MTEXT
  5
CD5B
330
70
100
AcDbEntity
  8
ASR DESC
 62
     1
100
AcDbMText
 10
18.6233388954177
 20
-2437.826951098069
 30
0.0
 40
12.61
 41
0.0
 46
0.0
 71
     7
 72
     5
  1
{\C256;11TD}
  7
PDF Arial
 73
     1
 44
1.0
  0
HATCH
  5
CD68
330
70
100
AcDbEntity
  8
Bases
100
AcDbHatch
 10
0.0
 20
0.0
 30
0.0
210
0.0
220
0.0
230
1.0
  2
SOLID
 70
     1
 71
     1
 91
        1
 92
        7
 72
     0
 73
     1
 93
        4
 10
855.4788208370114
 20
-2726.793967019645
 10
872.9186238557167
 20
-2726.793967019645
 10
872.9186238557167
 20
-2709.354164000938
 10
855.4788208370114
 20
-2709.354164000938
 97
        4
330
CD6A
330
CD6B
330
CD6C
330
CD69
 75
     1
 76
     1
 47
0.0619391587218809
 98
        1
 10
862.7524002995128
 20
-2718.775619096003
450
        0
451
        0
460
0.0
461
0.0
452
        0
462
0.0
453
        2
463
0.0
 63
     5
421
      255
463
1.0
 63
     2
421
 16776960
470
LINEAR
1001
GradientColor1ACI
1070
     5
1001
GradientColor2ACI
1070
     2
1001
ACAD
1010
0.0
1020
0.0
1030
0.0
  0
LWPOLYLINE
  5
CD69
102
{ACAD_REACTORS
330
CD68
102
}
330
70
100
AcDbEntity
  8
Bases
370
    -3
100
AcDbPolyline
 90
        2
 70
     0
 43
0.0
 10
855.4788208370114
 20
-2709.354164000938
 10
855.4788208370114
 20
-2726.793967019645
  0
LWPOLYLINE
  5
CD6A
102
{ACAD_REACTORS
330
CD68
102
}
330
70
100
AcDbEntity
  8
Bases
370
    -3
100
AcDbPolyline
 90
        2
 70
     0
 43
0.0
 10
872.9186238557167
 20
-2726.793967019645
 10
855.4788208370114
 20
-2726.793967019645
  0
LINE
  5
CD6B
102
{ACAD_REACTORS
330
CD68
102
}
330
70
100
AcDbEntity
  8
Bases
100
AcDbLine
 10
872.9186238557167
 20
-2726.793967019645
 30
0.0
 11
872.9186238557167
 21
-2709.354164000938
 31
0.0
  0
LINE
  5
CD6C
102
{ACAD_REACTORS
330
CD68
102
}
330
70
100
AcDbEntity
  8
Bases
100
AcDbLine
 10
872.9186238557167
 20
-2709.354164000938
 30
0.0
 11
855.4788208370114
 21
-2709.354164000938
 31
0.0
  0
HATCH
  5
CD6D
330
70
100
AcDbEntity
  8
Bases
100
AcDbHatch
 10
0.0
 20
0.0
 30
0.0
210
0.0
220
0.0
230
1.0
  2
SOLID
 70
     1
 71
     1
 91
        1
 92
        7
 72
     0
 73
     1
 93
        4
 10
901.9637624495636
 20
-2726.793967019645
 10
919.4035654682689
 20
-2726.793967019645
 10
919.4035654682689
 20
-2709.354164000938
 10
901.9637624495636
 20
-2709.354164000938
 97
        4
330
CD6F
330
CD70
330
CD71
330
CD6E
 75
     1
 76
     1
 47
0.0619391587218809
 98
        1
 10
909.2373419120651
 20
-2718.775619096003
450
        0
451
        0
460
0.0
461
0.0
452
        0
462
0.0
453
        2
463
0.0
 63
     5
421
      255
463
1.0
 63
     2
421
 16776960
470
LINEAR
1001
GradientColor1ACI
1070
     5
1001
GradientColor2ACI
1070
     2
1001
ACAD
1010
0.0
1020
0.0
1030
0.0
  0
LWPOLYLINE
  5
CD6E
102
{ACAD_REACTORS
330
CD6D
102
}
330
70
100
AcDbEntity
  8
Bases
370
    -3
100
AcDbPolyline
 90
        2
 70
     0
 43
0.0
 10
901.9637624495636
 20
-2709.354164000938
 10
901.9637624495636
 20
-2726.793967019645
  0
LWPOLYLINE
  5
CD6F
102
{ACAD_REACTORS
330
CD6D
102
}
330
70
100
AcDbEntity
  8
Bases
370
    -3
100
AcDbPolyline
 90
        2
 70
     0
 43
0.0
 10
919.4035654682689
 20
-2726.793967019645
 10
901.9637624495636
 20
-2726.793967019645
  0
LINE
  5
CD70
102
{ACAD_REACTORS
330
CD6D
102
}
330
70
100
AcDbEntity
  8
Bases
100
AcDbLine
 10
919.4035654682689
 20
-2726.793967019645
 30
0.0
 11
919.4035654682689
 21
-2709.354164000938
 31
0.0
  0
LINE
  5
CD71
102
{ACAD_REACTORS
330
CD6D
102
}
330
70
100
AcDbEntity
  8
Bases
100
AcDbLine
 10
919.4035654682689
 20
-2709.354164000938
 30
0.0
 11
901.9637624495636
 21
-2709.354164000938
 31
0.0
  0
HATCH
  5
CD72
330
70
100
AcDbEntity
  8
Bases
100
AcDbHatch
 10
0.0
 20
0.0
 30
0.0
210
0.0
220
0.0
230
1.0
  2
SOLID
 70
     1
 71
     1
 91
        1
 92
        7
 72
     0
 73
     1
 93
        4
 10
499.3339819157189
 20
-2727.292517225996
 10
516.7737849344242
 20
-2727.292517225996
 10
516.7737849344242
 20
-2709.85271420729
 10
499.3339819157189
 20
-2709.85271420729
 97
        4
330
CD74
330
CD75
330
CD76
330
CD73
 75
     1
 76
     1
 47
0.0619391587218809
 98
        1
 10
506.6075613782203
 20
-2719.274169302355
450
        0
451
        0
460
0.0
461
0.0
452
        0
462
0.0
453
        2
463
0.0
 63
     5
421
      255
463
1.0
 63
     2
421
 16776960
470
LINEAR
1001
GradientColor1ACI
1070
     5
1001
GradientColor2ACI
1070
     2
1001
ACAD
1010
0.0
1020
0.0
1030
0.0
  0
LWPOLYLINE
  5
CD73
102
{ACAD_REACTORS
330
CD72
102
}
330
70
100
AcDbEntity
  8
Bases
370
    -3
100
AcDbPolyline
 90
        2
 70
     0
 43
0.0
 10
499.3339819157189
 20
-2709.85271420729
 10
499.3339819157189
 20
-2727.292517225996
  0
LWPOLYLINE
  5
CD74
102
{ACAD_REACTORS
330
CD72
102
}
330
70
100
AcDbEntity
  8
Bases
370
    -3
100
AcDbPolyline
 90
        2
 70
     0
 43
0.0
 10
516.7737849344242
 20
-2727.292517225996
 10
499.3339819157189
 20
-2727.292517225996
  0
LINE
  5
CD75
102
{ACAD_REACTORS
330
CD72
102
}
330
70
100
AcDbEntity
  8
Bases
100
AcDbLine
 10
516.7737849344242
 20
-2727.292517225996
 30
0.0
 11
516.7737849344242
 21
-2709.85271420729
 31
0.0
  0
LINE
  5
CD76
102
{ACAD_REACTORS
330
CD72
102
}
330
70
100
AcDbEntity
  8
Bases
100
AcDbLine
 10
516.7737849344242
 20
-2709.85271420729
 30
0.0
 11
499.3339819157189
 21
-2709.85271420729
 31
0.0
  0
HATCH
  5
CD77
330
70
100
AcDbEntity
  8
Bases
100
AcDbHatch
 10
0.0
 20
0.0
 30
0.0
210
0.0
220
0.0
230
1.0
  2
SOLID
 70
     1
 71
     1
 91
        1
 92
        7
 72
     0
 73
     1
 93
        4
 10
-375.3206215719778
 20
-2727.851204159703
 10
-357.8808185532724
 20
-2727.851204159703
 10
-357.8808185532724
 20
-2710.411401140997
 10
-375.3206215719778
 20
-2710.411401140997
 97
        4
330
CD79
330
CD7A
330
CD7B
330
CD78
 75
     1
 76
     1
 47
0.0619391587218809
 98
        1
 10
-368.0470421094764
 20
-2719.832856236062
450
        0
451
        0
460
0.0
461
0.0
452
        0
462
0.0
453
        2
463
0.0
 63
     5
421
      255
463
1.0
 63
     2
421
 16776960
470
LINEAR
1001
GradientColor1ACI
1070
     5
1001
GradientColor2ACI
1070
     2
1001
ACAD
1010
0.0
1020
0.0
1030
0.0
  0
LWPOLYLINE
  5
CD78
102
{ACAD_REACTORS
330
CD77
102
}
330
70
100
AcDbEntity
  8
Bases
370
    -3
100
AcDbPolyline
 90
        2
 70
     0
 43
0.0
 10
-375.3206215719778
 20
-2710.411401140997
 10
-375.3206215719778
 20
-2727.851204159703
  0
LWPOLYLINE
  5
CD79
102
{ACAD_REACTORS
330
CD77
102
}
330
70
100
AcDbEntity
  8
Bases
370
    -3
100
AcDbPolyline
 90
        2
 70
     0
 43
0.0
 10
-357.8808185532724
 20
-2727.851204159703
 10
-375.3206215719778
 20
-2727.851204159703
  0
LINE
  5
CD7A
102
{ACAD_REACTORS
330
CD77
102
}
330
70
100
AcDbEntity
  8
Bases
100
AcDbLine
 10
-357.8808185532724
 20
-2727.851204159703
 30
0.0
 11
-357.8808185532724
 21
-2710.411401140997
 31
0.0
  0
LINE
  5
CD7B
102
{ACAD_REACTORS
330
CD77
102
}
330
70
100
AcDbEntity
  8
Bases
100
AcDbLine
 10
-357.8808185532724
 20
-2710.411401140997
 30
0.0
 11
-375.3206215719778
 21
-2710.411401140997
 31
0.0
  0
HATCH
  5
CD7C
330
70
100
AcDbEntity
  8
Bases
100
AcDbHatch
 10
0.0
 20
0.0
 30
0.0
210
0.0
220
0.0
230
1.0
  2
SOLID
 70
     1
 71
     1
 91
        1
 92
        7
 72
     0
 73
     1
 93
        4
 10
-1022.125814865503
 20
-2780.87980755722
 10
-1004.686011846797
 20
-2780.87980755722
 10
-1004.686011846797
 20
-2763.440004538514
 10
-1022.125814865503
 20
-2763.440004538514
 97
        4
330
CD7E
330
CD7F
330
CD80
330
CD7D
 75
     1
 76
     1
 47
0.0619391587218809
 98
        1
 10
-1014.852235403001
 20
-2772.861459633578
450
        0
451
        0
460
0.0
461
0.0
452
        0
462
0.0
453
        2
463
0.0
 63
     5
421
      255
463
1.0
 63
     2
421
 16776960
470
LINEAR
1001
GradientColor1ACI
1070
     5
1001
GradientColor2ACI
1070
     2
1001
ACAD
1010
0.0
1020
0.0
1030
0.0
  0
LWPOLYLINE
  5
CD7D
102
{ACAD_REACTORS
330
CD7C
102
}
330
70
100
AcDbEntity
  8
Bases
370
    -3
100
AcDbPolyline
 90
        2
 70
     0
 43
0.0
 10
-1022.125814865503
 20
-2763.440004538514
 10
-1022.125814865503
 20
-2780.87980755722
  0
LWPOLYLINE
  5
CD7E
102
{ACAD_REACTORS
330
CD7C
102
}
330
70
100
AcDbEntity
  8
Bases
370
    -3
100
AcDbPolyline
 90
        2
 70
     0
 43
0.0
 10
-1004.686011846797
 20
-2780.87980755722
 10
-1022.125814865503
 20
-2780.87980755722
  0
LINE
  5
CD7F
102
{ACAD_REACTORS
330
CD7C
102
}
330
70
100
AcDbEntity
  8
Bases
100
AcDbLine
 10
-1004.686011846797
 20
-2780.87980755722
 30
0.0
 11
-1004.686011846797
 21
-2763.440004538514
 31
0.0
  0
LINE
  5
CD80
102
{ACAD_REACTORS
330
CD7C
102
}
330
70
100
AcDbEntity
  8
Bases
100
AcDbLine
 10
-1004.686011846797
 20
-2763.440004538514
 30
0.0
 11
-1022.125814865503
 21
-2763.440004538514
 31
0.0
  0
HATCH
  5
CD81
330
70
100
AcDbEntity
  8
Bases
100
AcDbHatch
 10
0.0
 20
0.0
 30
0.0
210
0.0
220
0.0
230
1.0
  2
SOLID
 70
     1
 71
     1
 91
        1
 92
        7
 72
     0
 73
     1
 93
        4
 10
-1219.945123379044
 20
-2781.061472171997
 10
-1202.505320360338
 20
-2781.061472171997
 10
-1202.505320360338
 20
-2763.621669153291
 10
-1219.945123379044
 20
-2763.621669153291
 97
        4
330
CD83
330
CD84
330
CD85
330
CD82
 75
     1
 76
     1
 47
0.0619391587218809
 98
        1
 10
-1212.671543916542
 20
-2773.043124248355
450
        0
451
        0
460
0.0
461
0.0
452
        0
462
0.0
453
        2
463
0.0
 63
     5
421
      255
463
1.0
 63
     2
421
 16776960
470
LINEAR
1001
GradientColor1ACI
1070
     5
1001
GradientColor2ACI
1070
     2
1001
ACAD
1010
0.0
1020
0.0
1030
0.0
  0
LWPOLYLINE
  5
CD82
102
{ACAD_REACTORS
330
CD81
102
}
330
70
100
AcDbEntity
  8
Bases
370
    -3
100
AcDbPolyline
 90
        2
 70
     0
 43
0.0
 10
-1219.945123379044
 20
-2763.621669153291
 10
-1219.945123379044
 20
-2781.061472171997
  0
LWPOLYLINE
  5
CD83
102
{ACAD_REACTORS
330
CD81
102
}
330
70
100
AcDbEntity
  8
Bases
370
    -3
100
AcDbPolyline
 90
        2
 70
     0
 43
0.0
 10
-1202.505320360338
 20
-2781.061472171997
 10
-1219.945123379044
 20
-2781.061472171997
  0
LINE
  5
CD84
102
{ACAD_REACTORS
330
CD81
102
}
330
70
100
AcDbEntity
  8
Bases
100
AcDbLine
 10
-1202.505320360338
 20
-2781.061472171997
 30
0.0
 11
-1202.505320360338
 21
-2763.621669153291
 31
0.0
  0
LINE
  5
CD85
102
{ACAD_REACTORS
330
CD81
102
}
330
70
100
AcDbEntity
  8
Bases
100
AcDbLine
 10
-1202.505320360338
 20
-2763.621669153291
 30
0.0
 11
-1219.945123379044
 21
-2763.621669153291
 31
0.0
  0
HATCH
  5
CD86
330
70
100
AcDbEntity
  8
Bases
100
AcDbHatch
 10
0.0
 20
0.0
 30
0.0
210
0.0
220
0.0
230
1.0
  2
SOLID
 70
     1
 71
     1
 91
        1
 92
        7
 72
     0
 73
     1
 93
        4
 10
-1458.746155248968
 20
-2511.289519226411
 10
-1441.306352230262
 20
-2511.289519226411
 10
-1441.306352230262
 20
-2493.849716207705
 10
-1458.746155248968
 20
-2493.849716207705
 97
        4
330
CD88
330
CD89
330
CD8A
330
CD87
 75
     1
 76
     1
 47
0.0619391587218809
 98
        1
 10
-1451.472575786467
 20
-2503.271171302769
450
        0
451
        0
460
0.0
461
0.0
452
        0
462
0.0
453
        2
463
0.0
 63
     5
421
      255
463
1.0
 63
     2
421
 16776960
470
LINEAR
1001
GradientColor1ACI
1070
     5
1001
GradientColor2ACI
1070
     2
1001
ACAD
1010
0.0
1020
0.0
1030
0.0
  0
LWPOLYLINE
  5
CD87
102
{ACAD_REACTORS
330
CD86
102
}
330
70
100
AcDbEntity
  8
Bases
370
    -3
100
AcDbPolyline
 90
        2
 70
     0
 43
0.0
 10
-1458.746155248968
 20
-2493.849716207705
 10
-1458.746155248968
 20
-2511.289519226411
  0
LWPOLYLINE
  5
CD88
102
{ACAD_REACTORS
330
CD86
102
}
330
70
100
AcDbEntity
  8
Bases
370
    -3
100
AcDbPolyline
 90
        2
 70
     0
 43
0.0
 10
-1441.306352230262
 20
-2511.289519226411
 10
-1458.746155248968
 20
-2511.289519226411
  0
LINE
  5
CD89
102
{ACAD_REACTORS
330
CD86
102
}
330
70
100
AcDbEntity
  8
Bases
100
AcDbLine
 10
-1441.306352230262
 20
-2511.289519226411
 30
0.0
 11
-1441.306352230262
 21
-2493.849716207705
 31
0.0
  0
LINE
  5
CD8A
102
{ACAD_REACTORS
330
CD86
102
}
330
70
100
AcDbEntity
  8
Bases
100
AcDbLine
 10
-1441.306352230262
 20
-2493.849716207705
 30
0.0
 11
-1458.746155248968
 21
-2493.849716207705
 31
0.0
  0
HATCH
  5
CD8B
330
70
100
AcDbEntity
  8
Bases
100
AcDbHatch
 10
0.0
 20
0.0
 30
0.0
210
0.0
220
0.0
230
1.0
  2
SOLID
 70
     1
 71
     1
 91
        1
 92
        7
 72
     0
 73
     1
 93
        4
 10
-1243.273906520409
 20
-2511.289519226411
 10
-1225.834103501704
 20
-2511.289519226411
 10
-1225.834103501704
 20
-2493.849716207705
 10
-1243.273906520409
 20
-2493.849716207705
 97
        4
330
CD8D
330
CD8E
330
CD8F
330
CD8C
 75
     1
 76
     1
 47
0.0619391587218809
 98
        1
 10
-1236.000327057908
 20
-2503.271171302769
450
        0
451
        0
460
0.0
461
0.0
452
        0
462
0.0
453
        2
463
0.0
 63
     5
421
      255
463
1.0
 63
     2
421
 16776960
470
LINEAR
1001
GradientColor1ACI
1070
     5
1001
GradientColor2ACI
1070
     2
1001
ACAD
1010
0.0
1020
0.0
1030
0.0
  0
LWPOLYLINE
  5
CD8C
102
{ACAD_REACTORS
330
CD8B
102
}
330
70
100
AcDbEntity
  8
Bases
370
    -3
100
AcDbPolyline
 90
        2
 70
     0
 43
0.0
 10
-1243.273906520409
 20
-2493.849716207705
 10
-1243.273906520409
 20
-2511.289519226411
  0
LWPOLYLINE
  5
CD8D
102
{ACAD_REACTORS
330
CD8B
102
}
330
70
100
AcDbEntity
  8
Bases
370
    -3
100
AcDbPolyline
 90
        2
 70
     0
 43
0.0
 10
-1225.834103501704
 20
-2511.289519226411
 10
-1243.273906520409
 20
-2511.289519226411
  0
LINE
  5
CD8E
102
{ACAD_REACTORS
330
CD8B
102
}
330
70
100
AcDbEntity
  8
Bases
100
AcDbLine
 10
-1225.834103501704
 20
-2511.289519226411
 30
0.0
 11
-1225.834103501704
 21
-2493.849716207705
 31
0.0
  0
LINE
  5
CD8F
102
{ACAD_REACTORS
330
CD8B
102
}
330
70
100
AcDbEntity
  8
Bases
100
AcDbLine
 10
-1225.834103501704
 20
-2493.849716207705
 30
0.0
 11
-1243.273906520409
 21
-2493.849716207705
 31
0.0
  0
HATCH
  5
CD90
330
70
100
AcDbEntity
  8
Bases
100
AcDbHatch
 10
0.0
 20
0.0
 30
0.0
210
0.0
220
0.0
230
1.0
  2
SOLID
 70
     1
 71
     1
 91
        1
 92
        7
 72
     0
 73
     1
 93
        4
 10
-502.9823435272208
 20
-2513.363031439998
 10
-485.5425405085155
 20
-2513.363031439998
 10
-485.5425405085155
 20
-2495.923228421292
 10
-502.9823435272208
 20
-2495.923228421292
 97
        4
330
CD92
330
CD93
330
CD94
330
CD91
 75
     1
 76
     1
 47
0.0619391587218809
 98
        1
 10
-495.7087640647195
 20
-2505.344683516356
450
        0
451
        0
460
0.0
461
0.0
452
        0
462
0.0
453
        2
463
0.0
 63
     5
421
      255
463
1.0
 63
     2
421
 16776960
470
LINEAR
1001
GradientColor1ACI
1070
     5
1001
GradientColor2ACI
1070
     2
1001
ACAD
1010
0.0
1020
0.0
1030
0.0
  0
LWPOLYLINE
  5
CD91
102
{ACAD_REACTORS
330
CD90
102
}
330
70
100
AcDbEntity
  8
Bases
370
    -3
100
AcDbPolyline
 90
        2
 70
     0
 43
0.0
 10
-502.9823435272208
 20
-2495.923228421292
 10
-502.9823435272208
 20
-2513.363031439998
  0
LWPOLYLINE
  5
CD92
102
{ACAD_REACTORS
330
CD90
102
}
330
70
100
AcDbEntity
  8
Bases
370
    -3
100
AcDbPolyline
 90
        2
 70
     0
 43
0.0
 10
-485.5425405085155
 20
-2513.363031439998
 10
-502.9823435272208
 20
-2513.363031439998
  0
LINE
  5
CD93
102
{ACAD_REACTORS
330
CD90
102
}
330
70
100
AcDbEntity
  8
Bases
100
AcDbLine
 10
-485.5425405085155
 20
-2513.363031439998
 30
0.0
 11
-485.5425405085155
 21
-2495.923228421292
 31
0.0
  0
LINE
  5
CD94
102
{ACAD_REACTORS
330
CD90
102
}
330
70
100
AcDbEntity
  8
Bases
100
AcDbLine
 10
-485.5425405085155
 20
-2495.923228421292
 30
0.0
 11
-502.9823435272208
 21
-2495.923228421292
 31
0.0
  0
HATCH
  5
CD95
330
70
100
AcDbEntity
  8
Bases
100
AcDbHatch
 10
0.0
 20
0.0
 30
0.0
210
0.0
220
0.0
230
1.0
  2
SOLID
 70
     1
 71
     1
 91
        1
 92
        7
 72
     0
 73
     1
 93
        4
 10
149.980718257305
 20
-2453.338507112174
 10
167.4205212760104
 20
-2453.338507112174
 10
167.4205212760104
 20
-2435.898704093468
 10
149.980718257305
 20
-2435.898704093468
 97
        4
330
CD97
330
CD98
330
CD99
330
CD96
 75
     1
 76
     1
 47
0.0619391587218809
 98
        1
 10
157.2542977198064
 20
-2445.320159188532
450
        0
451
        0
460
0.0
461
0.0
452
        0
462
0.0
453
        2
463
0.0
 63
     5
421
      255
463
1.0
 63
     2
421
 16776960
470
LINEAR
1001
GradientColor1ACI
1070
     5
1001
GradientColor2ACI
1070
     2
1001
ACAD
1010
0.0
1020
0.0
1030
0.0
  0
LWPOLYLINE
  5
CD96
102
{ACAD_REACTORS
330
CD95
102
}
330
70
100
AcDbEntity
  8
Bases
370
    -3
100
AcDbPolyline
 90
        2
 70
     0
 43
0.0
 10
149.980718257305
 20
-2435.898704093468
 10
149.980718257305
 20
-2453.338507112174
  0
LWPOLYLINE
  5
CD97
102
{ACAD_REACTORS
330
CD95
102
}
330
70
100
AcDbEntity
  8
Bases
370
    -3
100
AcDbPolyline
 90
        2
 70
     0
 43
0.0
 10
167.4205212760104
 20
-2453.338507112174
 10
149.980718257305
 20
-2453.338507112174
  0
LINE
  5
CD98
102
{ACAD_REACTORS
330
CD95
102
}
330
70
100
AcDbEntity
  8
Bases
100
AcDbLine
 10
167.4205212760104
 20
-2453.338507112174
 30
0.0
 11
167.4205212760104
 21
-2435.898704093468
 31
0.0
  0
LINE
  5
CD99
102
{ACAD_REACTORS
330
CD95
102
}
330
70
100
AcDbEntity
  8
Bases
100
AcDbLine
 10
167.4205212760104
 20
-2435.898704093468
 30
0.0
 11
149.980718257305
 21
-2435.898704093468
 31
0.0
  0
INSERT
  5
CFD6
330
70
100
AcDbEntity
  8
BOTONES
100
AcDbBlockReference
 66
     1
  2
identificador
 10
0.0
 20
0.0
 30
0.0
  0
ATTRIB
  5
CFD8
330
CFD6
100
AcDbEntity
  8
BOTONES
100
AcDbText
 10
-1233.580908866726
 20
-2451.605162073662
 30
0.0
 40
2.5
  1
nombre1
100
AcDbAttribute
280
     0
  2
ID1
 70
     0
280
     1
  0
SEQEND
  5
CFD7
330
CFD6
100
AcDbEntity
  8
BOTONES
  0
INSERT
  5
CFE2
330
70
100
AcDbEntity
  8
BOTONES
100
AcDbBlockReference
 66
     1
  2
identificador
 10
-0.2670783075336658
 20
59.40607928870486
 30
0.0
  0
ATTRIB
  5
CFE3
330
CFE2
100
AcDbEntity
  8
BOTONES
100
AcDbText
 10
-1233.84798717426
 20
-2392.199082784957
 30
0.0
 40
2.5
  1
nombre1
100
AcDbAttribute
280
     0
  2
ID1
 70
     0
280
     1
  0
SEQEND
  5
CFE4
330
CFE2
100
AcDbEntity
  8
BOTONES
  0
INSERT
  5
CFEE
330
70
100
AcDbEntity
  8
BOTONES
100
AcDbBlockReference
 66
     1
  2
identificador
 10
0.9477807360199221
 20
111.4397931139301
 30
0.0
  0
ATTRIB
  5
CFEF
330
CFEE
100
AcDbEntity
  8
BOTONES
100
AcDbText
 10
-1232.633128130707
 20
-2340.165368959731
 30
0.0
 40
2.5
  1
nombre3
100
AcDbAttribute
280
     0
  2
ID1
 70
     0
280
     1
  0
SEQEND
  5
CFF0
330
CFEE
100
AcDbEntity
  8
BOTONES
  0
INSERT
  5
CFFA
330
70
100
AcDbEntity
  8
BOTONES
100
AcDbBlockReference
 66
     1
  2
identificador
 10
1393.320938268683
 20
131.9005114421106
 30
0.0
  0
ATTRIB
  5
CFFB
330
CFFA
100
AcDbEntity
  8
BOTONES
100
AcDbText
 10
159.7400294019571
 20
-2319.704650631551
 30
0.0
 40
2.5
  1
nombre5
100
AcDbAttribute
280
     0
  2
ID1
 70
     0
280
     1
  0
SEQEND
  5
CFFC
330
CFFA
100
AcDbEntity
  8
BOTONES
  0
INSERT
  5
D006
330
70
100
AcDbEntity
  8
BOTONES
100
AcDbBlockReference
 66
     1
  2
identificador
 10
1244.16371490771
 20
135.1978772939037
 30
0.0
  0
ATTRIB
  5
D007
330
D006
100
AcDbEntity
  8
BOTONES
100
AcDbText
 10
10.58280604098399
 20
-2316.407284779758
 30
0.0
 40
2.5
  1
nombre4
100
AcDbAttribute
280
     0
  2
ID1
 70
     0
280
     1
  0
SEQEND
  5
D008
330
D006
100
AcDbEntity
  8
BOTONES
  0
VIEWPORT
  5
B991
102
{ACAD_XDICTIONARY
360
B992
102
}
330
B98F
100
AcDbEntity
 67
     1
  8
0
100
AcDbViewport
 10
609.7194464781766
 20
155.1935536482142
 30
0.0
 40
858.1414604640697
 41
355.9464579061768
 68
     1
 69
     1
 12
609.7194464781766
 22
155.1935536482142
 13
0.0
 23
0.0
 14
10.0
 24
10.0
 15
10.0
 25
10.0
 16
0.0
 26
0.0
 36
1.0
 17
0.0
 27
0.0
 37
0.0
 42
50.0
 43
0.0
 44
0.0
 45
355.9464579061768
 50
0.0
 51
0.0
 72
  1000
331
C2A6
331
C2B3
331
C2B5
331
A290
331
A299
331
A29B
331
A2A1
331
A2A4
331
A2A9
331
A2B2
331
A38C
331
A3DB
331
A47A
 90
   819232
  1

281
     0
 71
     1
 74
     0
110
0.0
120
0.0
130
0.0
111
1.0
121
0.0
131
0.0
112
0.0
122
1.0
132
0.0
 79
     0
146
0.0
170
     0
 61
     5
348
2F
292
     1
282
     1
141
0.0
142
0.0
 63
   250
421
  3355443
  0
VIEWPORT
  5
B994
102
{ACAD_XDICTIONARY
360
B995
102
}
330
B98F
100
AcDbEntity
 67
     1
  8
Defpoints
100
AcDbViewport
 10
548.9911455180809
 20
187.7204696797781
 30
0.0
 40
380.5714358210123
 41
165.2282509913255
 68
     2
 69
     2
 12
21.76613952698244
 22
1.456861706234501
 13
0.0
 23
0.0
 14
10.0
 24
10.0
 15
10.0
 25
10.0
 16
0.0000000000006821
 26
0.0
 36
2274.76821651462
 17
1483.297486031478
 27
-1246.38417612752
 37
0.0000000000002784
 42
50.0
 43
0.0
 44
0.0
 45
763.9001946929562
 50
0.0
 51
0.0
 72
  1000
331
BC2F
331
BC30
331
BC31
331
A290
331
A299
331
A29B
331
A2A1
331
A2A4
331
A2A9
331
A2B2
331
A3DB
331
A47A
 90
   819296
  1

281
     0
 71
     1
 74
     0
110
0.0
120
0.0
130
0.0
111
1.0
121
0.0
131
0.0
112
0.0
122
1.0
132
0.0
 79
     0
146
0.0
170
     0
 61
     5
348
2F
292
     1
282
     1
141
0.0
142
0.0
 63
   250
421
  3355443
  0
MTEXT
  5
B997
102
{ACAD_XDICTIONARY
360
B998
102
}
330
B98F
100
AcDbEntity
 67
     1
  8
0
100
AcDbMText
 10
622.0046207957757
 20
13.81438153208978
 30
0.0
 40
2.5
 41
80.0
 46
0.0
 71
     1
 72
     5
  1
\pxqc;        
 73
     1
 44
1.0
101
Embedded Object
 70
     1
 10
1.0
 20
0.0
 30
0.0
 11
622.0046207957757
 21
13.81438153208978
 31
0.0
 40
80.0
 41
0.0
 42
20.0
 43
2.5
 71
     2
 72
     1
 44
80.0
 45
12.5
 73
     0
 74
     0
 46
0.0
  0
VIEWPORT
  5
B999
102
{ACAD_XDICTIONARY
360
B99A
102
}
330
B98F
100
AcDbEntity
 67
     1
  8
Defpoints
100
AcDbViewport
 10
426.7431441598464
 20
60.01605340804303
 30
0.0
 40
118.1013130005149
 41
90.18058155214477
 68
     3
 69
     3
 12
-1103.570976820209
 22
30.5575036563464
 13
0.0
 23
0.0
 14
10.0
 24
10.0
 15
10.0
 25
10.0
 16
0.0000000000001137
 26
0.0
 36
600.6311828784554
 17
705.1721543622072
 27
-842.1580654389583
 37
0.0000000000004549
 42
50.0
 43
0.0
 44
0.0
 45
222.0348698135767
 50
0.0
 51
0.0
 72
  1000
 90
   835680
  1

281
     0
 71
     1
 74
     0
110
0.0
120
0.0
130
0.0
111
1.0
121
0.0
131
0.0
112
0.0
122
1.0
132
0.0
 79
     0
146
0.0
170
     0
 61
     5
348
2F
292
     1
282
     1
141
0.0
142
0.0
 63
   250
421
  3355443
  0
VIEWPORT
  5
B99C
102
{ACAD_XDICTIONARY
360
B99D
102
}
330
B98F
100
AcDbEntity
 67
     1
  8
Defpoints
100
AcDbViewport
 10
675.2778579854086
 20
72.62946184711584
 30
0.0
 40
135.1941130204082
 41
30.11442722877625
 68
     4
 69
     4
 12
-542.8246283630126
 22
-478.1097078351385
 13
0.0
 23
0.0
 14
10.0
 24
10.0
 15
10.0
 25
10.0
 16
0.0000000000006821
 26
0.0
 36
2563.723448164022
 17
1457.41830750732
 27
-1245.625517002882
 37
0.0000000000002853
 42
50.0
 43
0.0
 44
0.0
 45
89.75979588300919
 50
0.0
 51
0.0
 72
  1000
 90
   819296
  1

281
     0
 71
     1
 74
     0
110
0.0
120
0.0
130
0.0
111
1.0
121
0.0
131
0.0
112
0.0
122
1.0
132
0.0
 79
     0
146
0.0
170
     0
 61
     5
348
2F
292
     1
282
     1
141
0.0
142
0.0
 63
   250
421
  3355443
  0
INSERT
  5
B99F
330
B98F
100
AcDbEntity
 67
     1
  8
Viewport
100
AcDbBlockReference
  2
a3
 10
332.8749144956132
 20
-2.801650862131168
 30
0.0
  0
INSERT
  5
B9A0
330
B98F
100
AcDbEntity
 67
     1
  8
Viewport
100
AcDbBlockReference
 66
     1
  2
Rotulo SOFSE2
 10
742.8749144956132
 20
7.198349137868717
 30
0.0
 41
0.9632292826152969
 42
0.9632292826152969
 43
0.9632292826152969
  0
ATTRIB
  5
B9A1
330
B9A0
100
AcDbEntity
 67
     1
  8
TEXTO
100
AcDbText
 10
577.8135365534494
 20
18.99790784990597
 30
0.0
 40
2.408073206538242
  1
SUBGERENCIA DE SEÑALAMIENTO
 41
1.1
  7
ISOCPEUR
 72
     1
 11
604.1698977990104
 21
20.20194445317509
 31
0.0
100
AcDbAttribute
280
     0
  2
AREA
 70
     0
 74
     2
280
     1
  0
ATTRIB
  5
B9A2
330
B9A0
100
AcDbEntity
 67
     1
  8
TEXTO
100
AcDbText
 10
671.7645127065388
 20
51.0252814968646
 30
0.0
 40
2.889687847845891
  1
PLAN DE CABLES
 41
1.1
  7
ISOCPEUR
 72
     1
 11
688.4524600278489
 21
52.47012542078755
 31
0.0
100
AcDbAttribute
280
     0
  2
ELEMENTO/CONJUNTO
 70
     0
 74
     2
280
     1
  0
ATTRIB
  5
B9A3
330
B9A0
100
AcDbEntity
 67
     1
  8
TEXTO
100
AcDbText
 10
688.4524600278489
 20
43.31944723594225
 30
0.0
 40
2.889687847845891
  1

 41
1.1
  7
ISOCPEUR
 72
     1
 11
688.4524600278489
 21
44.76429115986519
 31
0.0
100
AcDbAttribute
280
     0
  2
PARTE/GRUPO
 70
     0
 74
     2
280
     1
  0
ATTRIB
  5
B9A4
330
B9A0
100
AcDbEntity
 67
     1
  8
TEXTO
100
AcDbText
 10
688.4524600278489
 20
35.61361297501984
 30
0.0
 40
2.889687847845891
  1

 41
1.1
  7
ISOCPEUR
 72
     1
 11
688.4524600278489
 21
37.05845689894278
 31
0.0
100
AcDbAttribute
280
     0
  2
TEMA/CLASIFICACION
 70
     0
 74
     2
280
     1
  0
ATTRIB
  5
B9A5
330
B9A0
100
AcDbEntity
 67
     1
  8
TEXTO
100
AcDbText
 10
634.9932348427
 20
30.1713675282432
 30
0.0
 40
1.733812708707534
  1
RELEVO:
 41
1.1
  7
ISOCPEUR
 11
634.9932348427
 21
31.03827388259697
 31
0.0
100
AcDbAttribute
280
     0
  2
PROY./REL.
 70
     0
 74
     2
280
     1
  0
ATTRIB
  5
B9A6
330
B9A0
100
AcDbEntity
 67
     1
  8
TEXTO
100
AcDbText
 10
650.4049033645446
 20
30.1713675282432
 30
0.0
 40
1.733812708707534
  1

 41
1.1
  7
ISOCPEUR
 11
650.4049033645446
 21
31.03827388259697
 31
0.0
100
AcDbAttribute
280
     0
  2
PROYECTO/RELEVO
 70
     0
 74
     2
280
     1
  0
ATTRIB
  5
B9A7
330
B9A0
100
AcDbEntity
 67
     1
  8
TEXTO
100
AcDbText
 10
695.6766796474637
 20
30.1713675282432
 30
0.0
 40
1.733812708707534
  1

 41
1.1
  7
ISOCPEUR
 72
     1
 11
695.6766796474637
 21
31.03827388259697
 31
0.0
100
AcDbAttribute
280
     0
  2
FECHA_PROY_REL
 70
     0
 74
     2
280
     1
  0
ATTRIB
  5
B9A8
330
B9A0
100
AcDbEntity
 67
     1
  8
TEXTO
100
AcDbText
 10
650.4049033645446
 20
25.83683575647468
 30
0.0
 40
1.733812708707534
  1

 41
1.1
  7
ISOCPEUR
 11
650.4049033645446
 21
26.70374211082844
 31
0.0
100
AcDbAttribute
280
     0
  2
DIBUJO
 70
     0
 74
     2
280
     1
  0
ATTRIB
  5
B9A9
330
B9A0
100
AcDbEntity
 67
     1
  8
TEXTO
100
AcDbText
 10
695.6766796474637
 20
25.83683575647468
 30
0.0
 40
1.733812708707534
  1

 41
1.1
  7
ISOCPEUR
 72
     1
 11
695.6766796474637
 21
26.70374211082844
 31
0.0
100
AcDbAttribute
280
     0
  2
FECHA_DIB
 70
     0
 74
     2
280
     1
  0
ATTRIB
  5
B9AA
330
B9A0
100
AcDbEntity
 67
     1
  8
TEXTO
100
AcDbText
 10
650.4049033645446
 20
21.50230398470576
 30
0.0
 40
1.733812708707534
  1

 41
1.1
  7
ISOCPEUR
 11
650.4049033645446
 21
22.36921033905952
 31
0.0
100
AcDbAttribute
280
     0
  2
REVISO
 70
     0
 74
     2
280
     1
  0
ATTRIB
  5
B9AB
330
B9A0
100
AcDbEntity
 67
     1
  8
TEXTO
100
AcDbText
 10
695.6766796474637
 20
21.50230398470576
 30
0.0
 40
1.733812708707534
  1

 41
1.1
  7
ISOCPEUR
 72
     1
 11
695.6766796474637
 21
22.36921033905952
 31
0.0
100
AcDbAttribute
280
     0
  2
FECHA_REV
 70
     0
 74
     2
280
     1
  0
ATTRIB
  5
B9AC
330
B9A0
100
AcDbEntity
 67
     1
  8
TEXTO
100
AcDbText
 10
650.4049033645446
 20
17.16777221293683
 30
0.0
 40
1.733812708707534
  1

 41
1.1
  7
ISOCPEUR
 11
650.4049033645446
 21
18.0346785672906
 31
0.0
100
AcDbAttribute
280
     0
  2
APROBO
 70
     0
 74
     2
280
     1
  0
ATTRIB
  5
B9AD
330
B9A0
100
AcDbEntity
 67
     1
  8
TEXTO
100
AcDbText
 10
695.6766796474637
 20
17.16777221293683
 30
0.0
 40
1.733812708707534
  1

 41
1.1
  7
ISOCPEUR
 72
     1
 11
695.6766796474637
 21
18.0346785672906
 31
0.0
100
AcDbAttribute
280
     0
  2
FECHA_APROBO
 70
     0
 74
     2
280
     1
  0
ATTRIB
  5
B9AE
330
B9A0
100
AcDbEntity
 67
     1
  8
TEXTO
100
AcDbText
 10
705.3089724736167
 20
26.07764307712827
 30
0.0
 40
2.889687847845891
  1

 41
1.1
  7
ISOCPEUR
 11
705.3089724736167
 21
27.52248700105122
 31
0.0
100
AcDbAttribute
280
     0
  2
T.CC.P.GG.0000
 70
     0
 74
     2
280
     1
  0
ATTRIB
  5
B9AF
330
B9A0
100
AcDbEntity
 67
     1
  8
TEXTO
100
AcDbText
 10
737.6132745393272
 20
25.83683575647456
 30
0.0
 40
2.408073206538242
  1
3
 41
1.1
  7
ISOCPEUR
 72
     1
 11
738.5403827238445
 21
27.04087235974367
 31
0.0
100
AcDbAttribute
280
     0
  2
R
 70
     0
 74
     2
280
     1
  0
ATTRIB
  5
B9B0
330
B9A0
100
AcDbEntity
 67
     1
  8
TEXTO
100
AcDbText
 10
705.3089724736167
 20
17.40857953359042
 30
0.0
 40
2.889687847845891
  1

 41
1.1
  7
ISOCPEUR
 11
705.3089724736167
 21
18.85342345751337
 31
0.0
100
AcDbAttribute
280
     0
  2
T.CC.P.GG.0000
 70
     0
 74
     2
280
     1
  0
ATTRIB
  5
B9B1
330
B9A0
100
AcDbEntity
 67
     1
  8
TEXTO
100
AcDbText
 10
705.3089724736167
 20
8.739515990052979
 30
0.0
 40
2.889687847845891
  1

 41
1.1
  7
ISOCPEUR
 11
705.3089724736167
 21
10.18435991397592
 31
0.0
100
AcDbAttribute
280
     0
  2
NUM00000000000N
 70
     0
 74
     2
280
     1
  0
ATTRIB
  5
B9B2
330
B9A0
100
AcDbEntity
 67
     1
  8
TEXTO
100
AcDbText
 10
656.7853341325884
 20
9.2211306313605
 30
0.0
 40
1.733812708707534
  1
N/A
 41
1.1
  7
ISOCPEUR
 72
     1
 11
659.0739669080824
 21
10.08803698571427
 31
0.0
100
AcDbAttribute
280
     0
  2
ESCALA
 70
     0
 74
     2
280
     1
  0
ATTRIB
  5
B9B3
330
B9A0
100
AcDbEntity
 67
     1
  8
TEXTO
100
AcDbText
 10
676.8127973767255
 20
9.2211306313605
 30
0.0
 40
1.733812708707534
  1
A3
 41
1.1
  7
ISOCPEUR
 72
     1
 11
678.3385525603883
 21
10.08803698571427
 31
0.0
100
AcDbAttribute
280
     0
  2
FORMATO
 70
     0
 74
     2
280
     1
  0
ATTRIB
  5
B9B4
330
B9A0
100
AcDbEntity
 67
     1
  8
TEXTO
100
AcDbText
 10
692.5057288490941
 20
9.2211306313605
 30
0.0
 40
1.733812708707534
  1
4
 41
1.1
  7
ISOCPEUR
 72
     1
 11
693.2686064409254
 21
10.08803698571427
 31
0.0
100
AcDbAttribute
280
     0
  2
HN°
 70
     0
 74
     2
280
     1
  0
ATTRIB
  5
B9B5
330
B9A0
100
AcDbEntity
 67
     1
  8
TEXTO
100
AcDbText
 10
697.4172349611494
 20
9.2211306313605
 30
0.0
 40
1.733812708707534
  1
5
 41
1.1
  7
ISOCPEUR
 72
     1
 11
698.0847528540018
 21
10.08803698571427
 31
0.0
100
AcDbAttribute
280
     0
  2
HT
 70
     0
 74
     2
280
     1
  0
SEQEND
  5
B9B6
330
B9A0
100
AcDbEntity
 67
     1
  8
Viewport
  0
VIEWPORT
  5
B9B7
102
{ACAD_XDICTIONARY
360
B9B8
102
}
330
B98F
100
AcDbEntity
 67
     1
  8
Defpoints
100
AcDbViewport
 10
529.030694688133
 20
51.24015031337907
 30
0.0
 40
86.47378805605814
 41
72.62877536281685
 68
     5
 69
     5
 12
-536.76090966543
 22
-723.3140943042453
 13
0.0
 23
0.0
 14
10.0
 24
10.0
 15
10.0
 25
10.0
 16
0.0000000000006821
 26
0.0
 36
2563.723448164022
 17
1457.41830750732
 27
-1245.625517002882
 37
0.0000000000002853
 42
50.0
 43
0.0
 44
0.0
 45
257.1538099737316
 50
0.0
 51
0.0
 72
  1000
 90
   819296
  1

281
     0
 71
     1
 74
     0
110
0.0
120
0.0
130
0.0
111
1.0
121
0.0
131
0.0
112
0.0
122
1.0
132
0.0
 79
     0
146
0.0
170
     0
 61
     5
348
2F
292
     1
282
     1
141
0.0
142
0.0
 63
   250
421
  3355443
  0
ENDSEC
  0
SECTION
  2
OBJECTS
  0
DICTIONARY
  5
C
330
0
100
AcDbDictionary
281
     1
  3
ACAD_BACKGROUND
350
92E7
  3
ACAD_CIP_PREVIOUS_PRODUCT_INFO
350
7E
  3
ACAD_COLOR
350
63
  3
ACAD_DETAILVIEWSTYLE
350
6A
  3
ACAD_GROUP
350
D
  3
ACAD_IMAGE_DICT
350
5D3
  3
ACAD_IMAGE_VARS
350
91F4
  3
ACAD_LAYOUT
350
62
  3
ACAD_MATERIAL
350
10
  3
ACAD_MLEADERSTYLE
350
66
  3
ACAD_MLINESTYLE
350
5F
  3
ACAD_PLOTSETTINGS
350
61
  3
ACAD_PLOTSTYLENAME
350
E
  3
ACAD_RENDER_ACTIVE_RAPIDRT_SETTINGS
350
86
  3
ACAD_RENDER_RAPIDRT_SETTINGS
350
7F
  3
ACAD_SCALELIST
350
42
  3
ACAD_SECTIONVIEWSTYLE
350
68
  3
ACAD_TABLESTYLE
350
64
  3
ACAD_VISUALSTYLE
350
29
  3
ACDB_RECOMPOSE_DATA
350
D019
  3
AcDbVariableDictionary
350
78
  0
DICTIONARY
  5
92F7
330
2
100
AcDbDictionary
280
     1
281
     1
  3
ACAD_LAYERSTATES
360
92F8
  0
DICTIONARY
  5
9487
330
9486
100
AcDbDictionary
280
     1
281
     1
  0
DICTIONARY
  5
9489
330
9488
100
AcDbDictionary
280
     1
281
     1
  0
DICTIONARY
  5
B4DD
330
B4DC
100
AcDbDictionary
280
     1
281
     1
  0
DICTIONARY
  5
B4DF
330
B4DE
100
AcDbDictionary
280
     1
281
     1
  0
DICTIONARY
  5
B4E1
330
B4E0
100
AcDbDictionary
280
     1
281
     1
  0
DICTIONARY
  5
B4E3
330
B4E2
100
AcDbDictionary
280
     1
281
     1
  0
DICTIONARY
  5
8D
330
70
100
AcDbDictionary
280
     1
281
     1
  3
ACAD_SORTENTS
360
8E
  0
DICTIONARY
  5
AF57
330
AF55
100
AcDbDictionary
280
     1
281
     1
  3
ACAD_SORTENTS
360
AF58
  0
DICTIONARY
  5
B06F
330
B06B
100
AcDbDictionary
280
     1
281
     1
  3
ACAD_SORTENTS
360
B070
  0
DICTIONARY
  5
B41D
330
B41C
100
AcDbDictionary
280
     1
281
     1
  3
ACAD_SORTENTS
360
B41E
  0
DICTIONARY
  5
B492
330
B491
100
AcDbDictionary
280
     1
281
     1
  3
ACAD_SORTENTS
360
B493
  0
DICTIONARY
  5
B49D
330
B49C
100
AcDbDictionary
280
     1
281
     1
  3
ACAD_SORTENTS
360
B49E
  0
DICTIONARY
  5
B66C
330
B653
100
AcDbDictionary
280
     1
281
     1
  3
ACAD_SORTENTS
360
B66D
  0
DICTIONARY
  5
C169
330
C138
100
AcDbDictionary
280
     1
281
     1
  3
ACAD_SORTENTS
360
C16A
  0
DICTIONARY
  5
B06D
330
B06C
100
AcDbDictionary
280
     1
281
     1
  3
ASDK_XREC_ANNOTATION_SCALE_INFO
360
B06E
  0
DICTIONARY
  5
BD81
330
BD80
100
AcDbDictionary
280
     1
281
     1
  3
ASDK_XREC_ANNOTATION_SCALE_INFO
360
BD82
  0
DICTIONARY
  5
BD84
330
BD83
100
AcDbDictionary
280
     1
281
     1
  3
ASDK_XREC_ANNOTATION_SCALE_INFO
360
BD85
  0
DICTIONARY
  5
BD87
330
BD86
100
AcDbDictionary
280
     1
281
     1
  0
DICTIONARY
  5
BD89
330
BD88
100
AcDbDictionary
280
     1
281
     1
  3
ASDK_XREC_ANNOTATION_SCALE_INFO
360
BD8A
  0
DICTIONARY
  5
BD8C
330
BD8B
100
AcDbDictionary
280
     1
281
     1
  3
ASDK_XREC_ANNOTATION_SCALE_INFO
360
BD8D
  0
DICTIONARY
  5
BDA7
330
BDA6
100
AcDbDictionary
280
     1
281
     1
  3
ASDK_XREC_ANNOTATION_SCALE_INFO
360
BDA8
  0
DICTIONARY
  5
B43D
330
B43C
100
AcDbDictionary
280
     1
281
     1
  0
DICTIONARY
  5
B43F
330
B43E
100
AcDbDictionary
280
     1
281
     1
  0
DICTIONARY
  5
B441
330
B440
100
AcDbDictionary
280
     1
281
     1
  0
DICTIONARY
  5
B443
330
B442
100
AcDbDictionary
280
     1
281
     1
  0
DICTIONARY
  5
B445
330
B444
100
AcDbDictionary
280
     1
281
     1
  0
DICTIONARY
  5
B447
330
B446
100
AcDbDictionary
280
     1
281
     1
  0
DICTIONARY
  5
B44A
330
B449
100
AcDbDictionary
280
     1
281
     1
  0
DICTIONARY
  5
B44D
330
B44C
100
AcDbDictionary
280
     1
281
     1
  0
DICTIONARY
  5
B450
330
B44F
100
AcDbDictionary
280
     1
281
     1
  0
DICTIONARY
  5
B453
330
B452
100
AcDbDictionary
280
     1
281
     1
  0
DICTIONARY
  5
B456
330
B455
100
AcDbDictionary
280
     1
281
     1
  0
DICTIONARY
  5
B459
330
B458
100
AcDbDictionary
280
     1
281
     1
  0
DICTIONARY
  5
B460
330
B45F
100
AcDbDictionary
280
     1
281
     1
  0
DICTIONARY
  5
B462
330
B461
100
AcDbDictionary
280
     1
281
     1
  0
DICTIONARY
  5
B469
330
B468
100
AcDbDictionary
280
     1
281
     1
  0
DICTIONARY
  5
B46B
330
B46A
100
AcDbDictionary
280
     1
281
     1
  0
DICTIONARY
  5
B46D
330
B46C
100
AcDbDictionary
280
     1
281
     1
  0
DICTIONARY
  5
B46F
330
B46E
100
AcDbDictionary
280
     1
281
     1
  0
DICTIONARY
  5
B471
330
B470
100
AcDbDictionary
280
     1
281
     1
  0
DICTIONARY
  5
B474
330
B473
100
AcDbDictionary
280
     1
281
     1
  0
DICTIONARY
  5
B478
330
B477
100
AcDbDictionary
280
     1
281
     1
  0
DICTIONARY
  5
B47B
330
B47A
100
AcDbDictionary
280
     1
281
     1
  0
DICTIONARY
  5
B47E
330
B47D
100
AcDbDictionary
280
     1
281
     1
  0
DICTIONARY
  5
B481
330
B480
100
AcDbDictionary
280
     1
281
     1
  0
DICTIONARY
  5
B484
330
B483
100
AcDbDictionary
280
     1
281
     1
  0
DICTIONARY
  5
B487
330
B486
100
AcDbDictionary
280
     1
281
     1
  0
DICTIONARY
  5
B48A
330
B489
100
AcDbDictionary
280
     1
281
     1
  0
DICTIONARY
  5
B48C
330
B48B
100
AcDbDictionary
280
     1
281
     1
  0
DICTIONARY
  5
B48F
330
B48E
100
AcDbDictionary
280
     1
281
     1
  0
DICTIONARY
  5
B496
330
B495
100
AcDbDictionary
280
     1
281
     1
  0
DICTIONARY
  5
B498
330
B497
100
AcDbDictionary
280
     1
281
     1
  0
DICTIONARY
  5
B4B4
330
B4B3
100
AcDbDictionary
280
     1
281
     1
  0
DICTIONARY
  5
B4B6
330
B4B5
100
AcDbDictionary
280
     1
281
     1
  0
DICTIONARY
  5
B4B9
330
B4B8
100
AcDbDictionary
280
     1
281
     1
  0
DICTIONARY
  5
CC93
330
CC92
100
AcDbDictionary
280
     1
281
     1
  3
ASDK_XREC_ANNOTATION_SCALE_INFO
360
CC94
  0
DICTIONARY
  5
CC96
330
CC95
100
AcDbDictionary
280
     1
281
     1
  3
ASDK_XREC_ANNOTATION_SCALE_INFO
360
CC97
  0
DICTIONARY
  5
CC99
330
CC98
100
AcDbDictionary
280
     1
281
     1
  0
DICTIONARY
  5
CE32
330
CE31
100
AcDbDictionary
280
     1
281
     1
  3
ASDK_XREC_ANNOTATION_SCALE_INFO
360
CE33
  0
DICTIONARY
  5
CE35
330
CE34
100
AcDbDictionary
280
     1
281
     1
  3
ASDK_XREC_ANNOTATION_SCALE_INFO
360
CE36
  0
DICTIONARY
  5
CE38
330
CE37
100
AcDbDictionary
280
     1
281
     1
  0
DICTIONARY
  5
CE6B
330
CE6A
100
AcDbDictionary
280
     1
281
     1
  3
ASDK_XREC_ANNOTATION_SCALE_INFO
360
CE6C
  0
DICTIONARY
  5
CE6E
330
CE6D
100
AcDbDictionary
280
     1
281
     1
  3
ASDK_XREC_ANNOTATION_SCALE_INFO
360
CE6F
  0
DICTIONARY
  5
CE71
330
CE70
100
AcDbDictionary
280
     1
281
     1
  0
DICTIONARY
  5
93AB
330
93AA
100
AcDbDictionary
280
     1
281
     1
  3
ASDK_XREC_ANNOTATION_SCALE_INFO
360
93AC
  0
DICTIONARY
  5
93AF
330
93AE
100
AcDbDictionary
280
     1
281
     1
  3
ASDK_XREC_ANNOTATION_SCALE_INFO
360
93B0
  0
DICTIONARY
  5
95A9
330
95A8
100
AcDbDictionary
280
     1
281
     1
  0
DICTIONARY
  5
D017
330
AD3C
100
AcDbDictionary
280
     1
281
     1
  3
ACAD_XREC_ROUNDTRIP
360
D018
  0
DICTIONARY
  5
B992
330
B991
100
AcDbDictionary
280
     1
281
     1
  3
ASDK_XREC_ANNOTATION_SCALE_INFO
360
B993
  0
DICTIONARY
  5
B995
330
B994
100
AcDbDictionary
280
     1
281
     1
  3
ASDK_XREC_ANNOTATION_SCALE_INFO
360
B996
  0
DICTIONARY
  5
B998
330
B997
100
AcDbDictionary
280
     1
281
     1
  0
DICTIONARY
  5
B99A
330
B999
100
AcDbDictionary
280
     1
281
     1
  3
ASDK_XREC_ANNOTATION_SCALE_INFO
360
B99B
  0
DICTIONARY
  5
B99D
330
B99C
100
AcDbDictionary
280
     1
281
     1
  3
ASDK_XREC_ANNOTATION_SCALE_INFO
360
B99E
  0
DICTIONARY
  5
B9B8
330
B9B7
100
AcDbDictionary
280
     1
281
     1
  3
ASDK_XREC_ANNOTATION_SCALE_INFO
360
B9B9
  0
DICTIONARY
  5
92E7
102
{ACAD_REACTORS
330
C
102
}
330
C
100
AcDbDictionary
281
     1
  0
XRECORD
  5
7E
102
{ACAD_REACTORS
330
C
102
}
330
C
100
AcDbXrecord
280
     1
300
ACD
300
2021
300

  0
DICTIONARY
  5
63
102
{ACAD_REACTORS
330
C
102
}
330
C
100
AcDbDictionary
281
     1
  0
DICTIONARY
  5
6A
102
{ACAD_REACTORS
330
C
102
}
330
C
100
AcDbDictionary
281
     1
  3
Metric50
350
6B
  0
DICTIONARY
  5
D
102
{ACAD_REACTORS
330
C
102
}
330
C
100
AcDbDictionary
281
     1
  0
DICTIONARY
  5
5D3
102
{ACAD_REACTORS
330
C
102
}
330
C
100
AcDbDictionary
281
     1
  3
Anexo II ESQUEMAS DE SEÑALAMIENTO Y TABLA DE RUTASb97f771b
350
9AFF
  3
VFBS-SE-PL-VI-118-1 - Planos de diagrama de vías-177ea90735
350
5D4
  0
RASTERVARIABLES
  5
91F4
102
{ACAD_REACTORS
330
C
102
}
330
C
100
AcDbRasterVariables
 90
        0
 70
     1
 71
     1
 72
     1
  0
DICTIONARY
  5
62
102
{ACAD_REACTORS
330
C
102
}
330
C
100
AcDbDictionary
281
     1
  3
ASR ASC 2
350
CE3A
  3
ASR DESC 2
350
CE73
  3
CABLES 2
350
B9BB
  3
CANALIZACIONES
350
BDAA
  3
CV 2
350
6F
  3
Model
350
73
  3
MÍMICO
350
CC9B
  0
DICTIONARY
  5
10
102
{ACAD_REACTORS
330
C
102
}
330
C
100
AcDbDictionary
281
     1
  3
ByBlock
350
19
  3
ByLayer
350
11
  3
Global
350
21
  0
DICTIONARY
  5
66
102
{ACAD_REACTORS
330
C
102
}
330
C
100
AcDbDictionary
281
     1
  3
Standard
350
67
  0
DICTIONARY
  5
5F
102
{ACAD_REACTORS
330
C
102
}
330
C
100
AcDbDictionary
281
     1
  3
Standard
350
60
  0
DICTIONARY
  5
61
102
{ACAD_REACTORS
330
C
102
}
330
C
100
AcDbDictionary
281
     1
  0
ACDBDICTIONARYWDFLT
  5
E
102
{ACAD_REACTORS
330
C
102
}
330
C
100
AcDbDictionary
281
     1
  3
Normal
350
F
100
AcDbDictionaryWithDefault
340
F
  0
ACAD_PROXY_OBJECT
  5
86
102
{ACAD_REACTORS
330
C
102
}
330
C
100
AcDbProxyObject
 90
      499
 91
      509
 71
    33
 97
      174
 70
     0
162
               630
311
415340194019001A401BC024850401C001B001A4018C0184008000D4008001B801A401D8019401B0019401CC008001900194008001C8019401B80190019401C801A401E80184018C01A403CC01B800
161
               201
310
40AE40E4150140502000000000000021000000000000000840CC
 94
        0
  0
DICTIONARY
  5
7F
102
{ACAD_REACTORS
330
C
102
}
330
C
100
AcDbDictionary
281
     1
  3
Alto
350
82
  3
Bajo
350
80
  3
Calidad un almuerzo
350
84
  3
Calidad una noche
350
85
  3
Calidad una pausa café
350
83
  3
Medio
350
81
  0
DICTIONARY
  5
42
102
{ACAD_REACTORS
330
C
102
}
330
C
100
AcDbDictionary
281
     1
  3
A0
350
43
  3
A1
350
CC2B
  3
A2
350
CC2C
  3
A3
350
CBEE
  3
A4
350
47
  3
A5
350
CC2D
  3
A6
350
CC2E
  3
A7
350
CC2F
  3
A8
350
CC30
  3
A9
350
CC31
  3
B0
350
CC32
  3
B1
350
CC33
  3
B2
350
CC34
  3
B3
350
CC35
  3
B4
350
CC36
  3
B5
350
CC37
  3
B6
350
CC38
  0
DICTIONARY
  5
68
102
{ACAD_REACTORS
330
C
102
}
330
C
100
AcDbDictionary
281
     1
  3
Metric50
350
69
  0
DICTIONARY
  5
64
102
{ACAD_REACTORS
330
C
102
}
330
C
100
AcDbDictionary
281
     1
  3
Standard
350
65
  0
DICTIONARY
  5
29
102
{ACAD_REACTORS
330
C
102
}
330
C
100
AcDbDictionary
281
     1
  3
2dWireframe
350
2F
  3
Basic
350
2E
  3
Brighten
350
35
  3
ColorChange
350
39
  3
Conceptual
350
32
  3
Dim
350
34
  3
EdgeColorOff
350
41
  3
Facepattern
350
38
  3
Flat
350
2A
  3
FlatWithEdges
350
2B
  3
Gouraud
350
2C
  3
GouraudWithEdges
350
2D
  3
Hidden
350
31
  3
JitterOff
350
3F
  3
Linepattern
350
37
  3
OverhangOff
350
40
  3
Realistic
350
33
  3
Shaded
350
3E
  3
Shaded with edges
350
3D
  3
Shades of Gray
350
3A
  3
Sketchy
350
3B
  3
Thicken
350
36
  3
Wireframe
350
30
  3
X-Ray
350
3C
  0
XRECORD
  5
D019
102
{ACAD_REACTORS
330
C
102
}
330
C
100
AcDbXrecord
280
     1
 90
        1
330
65
330
AD3C
  0
DICTIONARY
  5
78
102
{ACAD_REACTORS
330
C
102
}
330
C
100
AcDbDictionary
281
     1
  3
CANNOSCALE
350
9466
  3
CENTEREXE
350
79
  3
CENTERLTYPEFILE
350
7A
  3
CMLEADERSTYLE
350
9463
  3
CTABLESTYLE
350
9462
  3
CVIEWDETAILSTYLE
350
9464
  3
CVIEWSECTIONSTYLE
350
9465
  3
HPCOLOR
350
A3ED
  3
HPTRANSPARENCY
350
A3EC
  0
DICTIONARY
  5
92F8
102
{ACAD_REACTORS
330
92F7
102
}
330
92F7
100
AcDbDictionary
281
     1
  0
SORTENTSTABLE
  5
8E
102
{ACAD_REACTORS
330
8D
102
}
330
8D
100
AcDbSortentsTable
330
70
331
9B03
  5
9B09
331
9B05
  5
9B0E
331
9B06
  5
9B0F
331
9B08
  5
9B11
331
9B0B
  5
9B14
331
9B0E
  5
9B17
331
9B10
  5
9B19
331
9B11
  5
9B1A
331
9B12
  5
9B1B
331
9B13
  5
9B20
331
9B14
  5
9B21
331
9B15
  5
9B22
331
9B19
  5
9B29
331
9B1A
  5
9B2E
331
9B1B
  5
9B3D
331
9B4B
  5
9B6C
331
9B4D
  5
9B74
331
9B53
  5
9B75
331
9B55
  5
9B7A
331
9B5A
  5
9B7B
331
9B5B
  5
9B7C
331
9B5C
  5
9B7D
331
9B5D
  5
9B7E
331
9B5E
  5
9B7F
331
9B5F
  5
9B80
331
9B60
  5
9B81
331
9B61
  5
9B82
331
9B62
  5
9B83
331
9B63
  5
9B84
331
9B64
  5
9B85
331
9B65
  5
9B86
331
9B66
  5
9B87
331
9B67
  5
9B88
331
9B68
  5
9B89
331
9B69
  5
9B8A
331
9B6A
  5
9B8C
331
9B6C
  5
9B91
331
9B70
  5
9B92
331
9B71
  5
9B94
331
9B72
  5
9B95
331
9B73
  5
9B96
331
9B74
  5
9B98
331
9B76
  5
9B9C
331
9B7A
  5
9BA4
331
9B7B
  5
9BA5
331
9B7C
  5
9BA6
331
9B7D
  5
9BA9
331
9B7E
  5
9BAB
331
9B7F
  5
9BAE
331
9B80
  5
9BB1
331
9B81
  5
9BB6
331
9B82
  5
9BB7
331
9B83
  5
9BB8
331
9B84
  5
9BBB
331
9B85
  5
9BBC
331
9B86
  5
9BBD
331
9B87
  5
9BBE
331
9B88
  5
9BBF
331
9B89
  5
9BC1
331
9B8A
  5
9BC2
331
9B8B
  5
9BC3
331
9B8C
  5
9BC4
331
9B8D
  5
9BC5
331
9B8E
  5
9BC8
331
9B8F
  5
9BC9
331
9B90
  5
9BCA
331
9B91
  5
9BCE
331
9B92
  5
9BCF
331
9B94
  5
9BD0
331
9B95
  5
9BE6
331
9B96
  5
9BE9
331
9B97
  5
9BEA
331
9B98
  5
9BF1
331
9B9A
  5
9BF3
331
9BAD
  5
9C18
331
9BAE
  5
9C19
331
9BAF
  5
9C1A
331
9BB0
  5
9C1B
331
9BB1
  5
9C1C
331
9BBE
  5
9C27
331
9BBF
  5
9C28
331
9BC0
  5
9C29
331
9BC1
  5
9C2A
331
9BC2
  5
9C2B
331
9BC3
  5
9C2C
331
9BC4
  5
9C2D
331
9BC5
  5
9C2F
331
9BC6
  5
9C30
331
9BC7
  5
9C33
331
9BC8
  5
9C34
331
9BC9
  5
9C35
331
9BE4
  5
9C48
331
9BEB
  5
9C4A
331
9BEC
  5
9C4B
331
9BED
  5
9C4C
331
9BF1
  5
BFA5
331
9BF3
  5
9C4D
331
9BF4
  5
9C4E
331
9BF5
  5
9C4F
331
9C0D
  5
9C50
331
9C0E
  5
9C51
331
9C0F
  5
9C52
331
9C10
  5
9C53
331
9C11
  5
9C54
331
9C13
  5
9C55
331
9C17
  5
9C56
331
9C18
  5
9C57
331
9C19
  5
9C58
331
9C1A
  5
9C59
331
9C1B
  5
9C5A
331
9C1C
  5
9C5B
331
9C1D
  5
9C5C
331
9C1E
  5
9C5F
331
9C1F
  5
9C60
331
9C20
  5
9C61
331
9C24
  5
9C62
331
9C25
  5
9C63
331
9C26
  5
9C64
331
9C27
  5
9C65
331
9C28
  5
9C66
331
9C29
  5
9C67
331
9C2A
  5
9C68
331
9C2B
  5
9C69
331
9C2C
  5
9C6A
331
9C2D
  5
9C6B
331
9C2E
  5
9C6C
331
9C2F
  5
9C6D
331
9C30
  5
9C6E
331
9C31
  5
9C6F
331
9C32
  5
9C70
331
9C33
  5
9C71
331
9C34
  5
9C72
331
9C35
  5
9C73
331
9C36
  5
9C74
331
9C37
  5
9C75
331
9C38
  5
9C76
331
9C39
  5
9C77
331
9C3A
  5
9C78
331
9C3B
  5
9C79
331
9C3C
  5
9C7A
331
9C3D
  5
9C7B
331
9C3E
  5
9C7C
331
9C3F
  5
9C7D
331
9C40
  5
9C7E
331
9C41
  5
9C7F
331
9C42
  5
9C80
331
9C43
  5
9C81
331
9C44
  5
9C82
331
9C45
  5
9C83
331
9C46
  5
9C84
331
9C47
  5
9C85
331
9C48
  5
9C86
331
9C49
  5
9C87
331
9C4A
  5
9C88
331
9C4B
  5
9C89
331
9C4C
  5
9C8A
331
9C4D
  5
9C8B
331
9C4E
  5
9C8C
331
9C4F
  5
9C91
331
9C50
  5
9C92
331
9C55
  5
9C93
331
9C56
  5
9C94
331
9C57
  5
9C95
331
9C58
  5
9C96
331
9C59
  5
9C97
331
9C5A
  5
9C98
331
9C5B
  5
9C99
331
9C5C
  5
9C9A
331
9C5D
  5
9CCF
331
9C5E
  5
9CD8
331
9C75
  5
9CE1
331
9C76
  5
9CE2
331
9C77
  5
9CE3
331
9C78
  5
9CE6
331
9C79
  5
9CEB
331
9E46
  5
A194
331
9E47
  5
A195
331
9E48
  5
A196
331
9E49
  5
A197
331
9E4A
  5
A198
331
9E4B
  5
A199
331
9E4C
  5
A19A
331
9E4D
  5
A19B
331
9E4E
  5
A19C
331
9E4F
  5
A19E
331
9E50
  5
A19F
331
9E51
  5
A1A0
331
9E55
  5
A1A8
331
9E56
  5
A1BE
331
9E57
  5
A1BF
331
9E58
  5
A1C0
331
9E59
  5
A1C8
331
9E5A
  5
A1C9
331
9E5B
  5
A1D1
331
9E5C
  5
A1D2
331
9E5D
  5
A1D3
331
9E5E
  5
A1D4
331
9E5F
  5
A1D5
331
9E60
  5
A1D6
331
A038
  5
A29F
331
A050
  5
A2A0
331
A051
  5
A2A3
331
A052
  5
A2A5
331
A17F
  5
A2A7
331
A182
  5
A2AA
331
A183
  5
A2B3
331
A194
  5
A3EF
331
A195
  5
A401
331
A196
  5
A402
331
A197
  5
A403
331
A198
  5
A408
331
A199
  5
A409
331
A19A
  5
A40A
331
A19B
  5
A40B
331
A19C
  5
A40C
331
A19E
  5
A40D
331
A19F
  5
A40E
331
A1A0
  5
A40F
331
A1BE
  5
A418
331
A1BF
  5
A426
331
A1C0
  5
A427
331
A1D6
  5
A429
331
A1D7
  5
A42B
331
A1D8
  5
A42C
331
A1D9
  5
A42D
331
A1DA
  5
A42E
331
A1DB
  5
A42F
331
A1DC
  5
9B3F
331
A1EB
  5
A433
331
A1EC
  5
A434
331
A1ED
  5
A435
331
A1EE
  5
A43F
331
A1F0
  5
A440
331
A1F2
  5
A44F
331
A1F3
  5
A450
331
A1F4
  5
A451
331
A1F5
  5
A452
331
A22F
  5
9B2F
331
A230
  5
9B2B
331
A231
  5
9B2C
331
A233
  5
9B40
331
A234
  5
9B30
331
A235
  5
9B2D
331
AA44
  5
CA4B
331
AA71
  5
CA50
331
AA72
  5
CA97
331
AA73
  5
CA98
331
AA74
  5
CAC3
331
AA75
  5
CAC5
331
AA77
  5
CA72
331
AA78
  5
CA73
331
AA79
  5
CA7F
331
AA7A
  5
CA80
331
AA7B
  5
CA64
331
AA7C
  5
CAD2
331
AA7D
  5
CAD3
331
AA82
  5
AA9A
331
AA88
  5
CCD9
331
AA8C
  5
CCF5
331
AA8D
  5
CCF6
331
AA8E
  5
CCF7
331
AA8F
  5
CD06
331
AA90
  5
AA9C
331
AA95
  5
AAA0
331
AA9B
  5
CB62
331
AA9C
  5
CB63
331
AA9D
  5
CB64
331
AA9E
  5
CB65
331
AA9F
  5
CB70
331
AAA0
  5
CB72
331
AAA1
  5
CCAF
331
AAA3
  5
CD08
331
AAA8
  5
AAA4
331
AAA9
  5
AAA5
331
AAAA
  5
AAA6
331
AAAB
  5
AAA7
331
AAD5
  5
CD0E
331
ABF9
  5
9B2A
331
AC31
  5
AADE
331
AC32
  5
D8
331
AC33
  5
DA
331
AC34
  5
DC
331
AC37
  5
E2
331
AD3C
  5
AD37
331
AF1F
  5
AD38
331
AF20
  5
AD39
331
AF21
  5
AD3A
331
AF22
  5
AD3B
331
AF23
  5
AD3C
331
AF24
  5
AF19
331
AF26
  5
9B41
331
B510
  5
B1AE
331
B511
  5
B1AF
331
BC99
  5
B30B
331
BC9A
  5
B30C
331
BC9B
  5
B30D
331
BCB9
  5
BC9C
331
BCC0
  5
BC9D
331
BCC1
  5
BC9E
331
BCC2
  5
BC9F
331
BCC3
  5
BCA0
331
BCC4
  5
BCA1
331
BCC5
  5
BCA2
331
BCD2
  5
BCA3
331
BCD3
  5
BCA4
331
BCD4
  5
BCA5
331
BCD5
  5
BCA6
331
BCD6
  5
BCA7
331
BCEF
  5
BCA8
331
BCF0
  5
BCA9
331
BCF1
  5
BCAB
331
BCF2
  5
BCAC
331
BCF3
  5
BCAD
331
BCF4
  5
BCAE
331
BCF5
  5
BCAF
331
BCF6
  5
BCB0
331
BCF7
  5
BCB1
331
BCF8
  5
BCB2
331
BCF9
  5
BCB3
331
BE28
  5
BCB4
331
BE46
  5
BCB5
331
BE47
  5
BCB6
331
BE48
  5
BCB7
331
BE49
  5
BCB8
331
BE4A
  5
BCB9
331
BE4B
  5
BCC0
331
BE4C
  5
BCC1
331
BE4D
  5
BCC2
331
BE4E
  5
BCC3
331
BE4F
  5
BCC4
331
BE50
  5
BCC5
331
BE51
  5
BCD2
331
BE52
  5
BCD3
331
BE53
  5
BCD4
331
BE54
  5
BCD5
331
BE55
  5
BCD6
331
BE56
  5
BCEF
331
BE57
  5
BCF0
331
BE58
  5
BCF1
331
BE59
  5
BCF2
331
BE5A
  5
BCF3
331
BE5B
  5
BCF4
331
BE5C
  5
BCF5
331
BE5D
  5
BCF6
331
BE5E
  5
BCF7
331
BE5F
  5
BCF8
331
BE60
  5
BCF9
331
BE61
  5
BE28
331
BE62
  5
BE46
331
BE63
  5
BE47
331
BE64
  5
BE48
331
BE65
  5
BE49
331
BE66
  5
BE4A
331
BE67
  5
BE4B
331
BE68
  5
BE4C
331
BE69
  5
BE4D
331
BE6A
  5
BE4E
331
BE6B
  5
BE4F
331
BE6C
  5
BE50
331
BE6D
  5
BE51
331
BE6E
  5
BE52
331
BE6F
  5
BE53
331
BE70
  5
BE54
331
BE71
  5
BE55
331
BE73
  5
BE56
331
BE76
  5
BE57
331
BE77
  5
BE58
331
BE79
  5
BE59
331
BE7A
  5
BE5A
331
BE7B
  5
BE5B
331
BE7C
  5
BE5C
331
BE7D
  5
BE5D
331
BEF2
  5
BFA4
331
BEFA
  5
BFA6
331
BF3D
  5
BFA7
331
BF3E
  5
BFA8
331
BF3F
  5
BFA9
331
BF44
  5
CB01
331
BF45
  5
CB0C
331
BF46
  5
CB29
331
BF47
  5
CAD6
331
BF48
  5
CAFF
331
BF49
  5
CB00
331
BF4A
  5
BE5E
331
BF4B
  5
BE5F
331
BF4C
  5
BE60
331
BF4D
  5
BE61
331
BF4E
  5
BE62
331
BF4F
  5
BE63
331
BF9C
  5
BE64
331
BF9D
  5
BE65
331
BF9E
  5
BE66
331
BF9F
  5
BE67
331
BFA0
  5
BE68
331
BFA1
  5
BE69
331
BFA2
  5
BE6A
331
BFA3
  5
BE6B
331
BFA4
  5
BE6C
331
BFA5
  5
BE6D
331
BFA6
  5
BE6E
331
BFA7
  5
BE6F
331
BFA8
  5
BE70
331
BFA9
  5
BE71
331
BFAA
  5
BE73
331
BFAB
  5
BE76
331
BFAC
  5
BE77
331
BFAD
  5
BE79
331
BFAE
  5
BE7A
331
BFAF
  5
BE7B
331
C0D5
  5
BEEF
331
C24A
  5
BF47
331
C24B
  5
BF48
331
C24C
  5
BF49
331
C24D
  5
BF4A
331
C257
  5
BF4B
331
C258
  5
BF4C
331
C259
  5
BF4D
331
C25A
  5
BF4E
331
C25B
  5
BF4F
331
C25C
  5
BF9C
331
C273
  5
BF9D
331
C275
  5
BF9E
331
C276
  5
BCAA
331
C277
  5
BF9F
331
C278
  5
BFA0
331
C47C
  5
C268
331
C47D
  5
C274
331
C484
  5
C276
331
C485
  5
C277
331
C52F
  5
C484
331
C533
  5
C485
331
C535
  5
C4B6
331
C536
  5
C4B7
331
C537
  5
C4B8
331
C538
  5
C4B9
331
C539
  5
C4BA
331
C53A
  5
C4BB
331
C53B
  5
C4BC
331
C53C
  5
C4BD
331
C53D
  5
C4BE
331
C7D0
  5
C5A1
331
C7D1
  5
C5A2
331
C7D7
  5
C5A3
331
C7D8
  5
C5A4
331
C7D9
  5
C5A5
331
C7DA
  5
C5A6
331
C8D6
  5
C5A7
331
C8D7
  5
C5A8
331
C8D8
  5
C5A9
331
C8D9
  5
C5AA
331
C8DA
  5
C5AB
331
C8DB
  5
C5B8
331
C8DC
  5
C5B9
331
C8DD
  5
C5F1
331
C8DE
  5
C5F3
331
C8DF
  5
C5F4
331
C8E0
  5
C5F5
331
C8E1
  5
C5F6
331
C8E2
  5
9B28
331
C8E3
  5
9C0F
331
C995
  5
C5F7
331
C996
  5
C629
331
C997
  5
C62A
331
C998
  5
C62B
331
C999
  5
C62C
331
C99A
  5
C62D
331
C99B
  5
C62E
331
C99C
  5
C62F
331
C99D
  5
C630
331
C99E
  5
C631
331
C99F
  5
C632
331
C9A0
  5
C633
331
C9A1
  5
C634
331
C9A2
  5
C635
331
C9A3
  5
C636
331
C9A4
  5
C637
331
C9CA
  5
C638
331
C9CB
  5
C639
331
C9CC
  5
C63A
331
C9D7
  5
C7CF
331
C9D8
  5
C7D0
331
C9D9
  5
C7D1
331
C9F8
  5
C7D7
331
C9F9
  5
C7D8
331
C9FA
  5
C7D9
331
CA3E
  5
9C0D
331
CA49
  5
C7DA
331
CA4A
  5
C8D6
331
CA4B
  5
C8D7
331
CA50
  5
C8D8
331
CA64
  5
C8D9
331
CA71
  5
C8DA
331
CA72
  5
C8DB
331
CA73
  5
C8DC
331
CA7F
  5
C8DD
331
CA80
  5
C8DE
331
CA81
  5
C8DF
331
CA96
  5
C8E0
331
CA97
  5
C8E1
331
CA98
  5
C8E2
331
CAC3
  5
C8E3
331
CAC5
  5
C995
331
CAC6
  5
C996
331
CAD1
  5
C997
331
CAD2
  5
C998
331
CAD3
  5
C999
331
CAD4
  5
C99A
331
CAD5
  5
C99B
331
CAD6
  5
C99C
331
CAFF
  5
C99D
331
CB00
  5
C99E
331
CB01
  5
C99F
331
CB0C
  5
9B3E
331
CB29
  5
C9A0
331
CB2A
  5
C9A1
331
CB2B
  5
C9A2
331
CB4A
  5
C9A3
331
CB4B
  5
C9A4
331
CB4C
  5
C9CA
331
CB5C
  5
C9CB
331
CB5D
  5
C9CC
331
CB5E
  5
C9D7
331
CB5F
  5
C9D8
331
CB62
  5
C9D9
331
CB63
  5
C9F8
331
CB64
  5
C9F9
331
CB65
  5
C9FA
331
CB70
  5
CA3E
331
CB71
  5
CA49
331
CB72
  5
CA4A
331
CCAF
  5
CA71
331
CCC8
  5
CA81
331
CCC9
  5
CA96
331
CCD6
  5
CAC6
331
CCD7
  5
CAD1
331
CCD8
  5
CAD4
331
CCD9
  5
CAD5
331
CCF2
  5
CB2A
331
CCF3
  5
CB2B
331
CCF4
  5
CB4A
331
CCF5
  5
CB4B
331
CCF6
  5
CB4C
331
CCF7
  5
CB5C
331
CD06
  5
CB5D
331
CD07
  5
CB5E
331
CD08
  5
CB5F
331
CD0E
  5
CCC8
  0
SORTENTSTABLE
  5
AF58
102
{ACAD_REACTORS
330
AF57
102
}
330
AF57
100
AcDbSortentsTable
330
AF55
  0
SORTENTSTABLE
  5
B070
102
{ACAD_REACTORS
330
B06F
102
}
330
B06F
100
AcDbSortentsTable
330
B06B
  0
SORTENTSTABLE
  5
B41E
102
{ACAD_REACTORS
330
B41D
102
}
330
B41D
100
AcDbSortentsTable
330
B41C
  0
SORTENTSTABLE
  5
B493
102
{ACAD_REACTORS
330
B492
102
}
330
B492
100
AcDbSortentsTable
330
B491
  0
SORTENTSTABLE
  5
B49E
102
{ACAD_REACTORS
330
B49D
102
}
330
B49D
100
AcDbSortentsTable
330
B49C
  0
SORTENTSTABLE
  5
B66D
102
{ACAD_REACTORS
330
B66C
102
}
330
B66C
100
AcDbSortentsTable
330
B653
  0
SORTENTSTABLE
  5
C16A
102
{ACAD_REACTORS
330
C169
102
}
330
C169
100
AcDbSortentsTable
330
C138
  0
XRECORD
  5
B06E
102
{ACAD_REACTORS
330
B06D
102
}
330
B06D
100
AcDbXrecord
280
     1
 90
        1
340
47
  0
XRECORD
  5
BD82
102
{ACAD_REACTORS
330
BD81
102
}
330
BD81
100
AcDbXrecord
280
     1
 90
        1
340
43
  0
XRECORD
  5
BD85
102
{ACAD_REACTORS
330
BD84
102
}
330
BD84
100
AcDbXrecord
280
     1
 90
        1
340
47
  0
XRECORD
  5
BD8A
102
{ACAD_REACTORS
330
BD89
102
}
330
BD89
100
AcDbXrecord
280
     1
 90
        1
340
43
  0
XRECORD
  5
BD8D
102
{ACAD_REACTORS
330
BD8C
102
}
330
BD8C
100
AcDbXrecord
280
     1
 90
        1
340
47
  0
XRECORD
  5
BDA8
102
{ACAD_REACTORS
330
BDA7
102
}
330
BDA7
100
AcDbXrecord
280
     1
 90
        1
340
47
  0
XRECORD
  5
CC94
102
{ACAD_REACTORS
330
CC93
102
}
330
CC93
100
AcDbXrecord
280
     1
 90
        1
340
43
  0
XRECORD
  5
CC97
102
{ACAD_REACTORS
330
CC96
102
}
330
CC96
100
AcDbXrecord
280
     1
 90
        1
340
CC2D
  0
XRECORD
  5
CE33
102
{ACAD_REACTORS
330
CE32
102
}
330
CE32
100
AcDbXrecord
280
     1
 90
        1
340
43
  0
XRECORD
  5
CE36
102
{ACAD_REACTORS
330
CE35
102
}
330
CE35
100
AcDbXrecord
280
     1
 90
        1
340
CC2D
  0
XRECORD
  5
CE6C
102
{ACAD_REACTORS
330
CE6B
102
}
330
CE6B
100
AcDbXrecord
280
     1
 90
        1
340
43
  0
XRECORD
  5
CE6F
102
{ACAD_REACTORS
330
CE6E
102
}
330
CE6E
100
AcDbXrecord
280
     1
 90
        1
340
CC2D
  0
XRECORD
  5
93AC
102
{ACAD_REACTORS
330
93AB
102
}
330
93AB
100
AcDbXrecord
280
     1
 90
        1
340
43
  0
XRECORD
  5
93B0
102
{ACAD_REACTORS
330
93AF
102
}
330
93AF
100
AcDbXrecord
280
     1
 90
        1
340
CC2D
  0
XRECORD
  5
D018
102
{ACAD_REACTORS
330
D017
102
}
330
D017
100
AcDbXrecord
280
     1
102
ACAD_ROUNDTRIP_2008_TABLE_ENTITY
360
CF9D
 70
     2
 90
        1
 10
0.0
 20
0.0
 30
0.0
 90
        0
 90
       20
361
CF9E
  0
XRECORD
  5
B993
102
{ACAD_REACTORS
330
B992
102
}
330
B992
100
AcDbXrecord
280
     1
 90
        1
340
43
  0
XRECORD
  5
B996
102
{ACAD_REACTORS
330
B995
102
}
330
B995
100
AcDbXrecord
280
     1
 90
        1
340
47
  0
XRECORD
  5
B99B
102
{ACAD_REACTORS
330
B99A
102
}
330
B99A
100
AcDbXrecord
280
     1
 90
        1
340
43
  0
XRECORD
  5
B99E
102
{ACAD_REACTORS
330
B99D
102
}
330
B99D
100
AcDbXrecord
280
     1
 90
        1
340
47
  0
XRECORD
  5
B9B9
102
{ACAD_REACTORS
330
B9B8
102
}
330
B9B8
100
AcDbXrecord
280
     1
 90
        1
340
47
  0
ACDBDETAILVIEWSTYLE
  5
6B
102
{ACAD_REACTORS
330
6A
102
}
330
6A
100
AcDbModelDocViewStyle
 70
     0
  3
Metric50
290
     1
300
Metric50
 90
        0
100
AcDbDetailViewStyle
 70
     0
 71
     0
 90
        3
 71
     1
340
55
 62
   256
 40
5.0
340
0
 62
   256
 40
5.0
300

 40
0.36
280
     1
 71
     2
340
5D
 90
       25
 62
   256
 71
     3
340
55
 62
   256
 40
5.0
 90
        0
 40
15.0
 90
        1
300
%<\AcVar ViewDetailId>% (%<\AcVar ViewScale \f "%sn">%)
 71
     4
340
5D
 90
       25
 62
   256
340
5D
 90
       25
 62
   256
280
     0
  0
IMAGEDEF
  5
9AFF
102
{ACAD_REACTORS
330
5D3
102
}
330
5D3
100
AcDbRasterImageDef
 90
        0
  1
C:\Users\Gabriel\Desktop\PDF Images\Anexo II ESQUEMAS DE SEÑALAMIENTO Y TABLA DE RUTASb97f771b.png
 10
2552.0
 20
957.0
 11
0.0003918495297806
 21
0.0003918495297806
280
     1
281
     0
  0
IMAGEDEF
  5
5D4
102
{ACAD_REACTORS
330
5D3
102
}
330
5D3
100
AcDbRasterImageDef
 90
        0
  1
C:\Users\nico_\Downloads\PDF Images\VFBS-SE-PL-VI-118-1 - Planos de diagrama de vías-177ea90735.png
 10
698.0
 20
214.0
 11
0.001432664756447
 21
0.001432664756447
280
     1
281
     0
  0
LAYOUT
  5
CE3A
102
{ACAD_REACTORS
330
62
102
}
330
62
100
AcDbPlotSettings
  1

  2
AutoCAD PDF (High Quality Print).pc3
  4
ISO_full_bleed_A3_(420.00_x_297.00_MM)
  6

 40
0.0
 41
0.0
 42
0.0
 43
0.0
 44
420.0
 45
297.0
 46
0.206375838926192
 47
0.0
 48
332.0046207957757
 49
-3.427751767272184
140
753.0046207957757
141
294.5722482327278
142
1.0
143
1.003367003367003
 70
   756
 72
     1
 73
     0
 74
     4
  7
acad.ctb
 75
     0
147
0.9966442953020134
 76
     0
 77
     2
 78
   300
148
-332.0046207957757
149
3.427751767272184
100
AcDbLayout
  1
ASR ASC 2
 70
     1
 71
     3
 10
331.797550088705
 20
-3.427751767272184
 11
753.2116915028463
 21
294.5722482327278
 12
0.0
 22
0.0
 32
0.0
 14
331.7846905308877
 24
-3.436845311728689
 34
-0.0015258207003583
 15
753.2245530230261
 25
294.5813431648551
 35
0.0000000349246037
146
0.0
 13
0.0
 23
0.0
 33
0.0
 16
1.0
 26
0.0
 36
0.0
 17
0.0
 27
1.0
 37
0.0
 76
     0
330
CE2F
331
CE31
1001
ACAD_PSEXT
1000
AutoCAD PDF (High Quality Print).pc3
1000
DWG To PDF
1000
Archivo
1000

1070
     0
  0
LAYOUT
  5
CE73
102
{ACAD_REACTORS
330
62
102
}
330
62
100
AcDbPlotSettings
  1

  2
AutoCAD PDF (High Quality Print).pc3
  4
ISO_full_bleed_A3_(420.00_x_297.00_MM)
  6

 40
0.0
 41
0.0
 42
0.0
 43
0.0
 44
420.0
 45
297.0
 46
0.206375838926192
 47
0.0
 48
332.0046207957757
 49
-3.427751767272184
140
753.0046207957757
141
294.5722482327278
142
1.0
143
1.003367003367003
 70
   756
 72
     1
 73
     0
 74
     4
  7
acad.ctb
 75
     0
147
0.9966442953020134
 76
     0
 77
     2
 78
   300
148
-332.0046207957757
149
3.427751767272184
100
AcDbLayout
  1
ASR DESC 2
 70
     1
 71
     4
 10
331.797550088705
 20
-3.427751767272184
 11
753.2116915028463
 21
294.5722482327278
 12
0.0
 22
0.0
 32
0.0
 14
331.7846905308877
 24
-3.436845311728689
 34
-0.0015258207003583
 15
753.2245530230261
 25
294.5813431648551
 35
0.0000000349246037
146
0.0
 13
0.0
 23
0.0
 33
0.0
 16
1.0
 26
0.0
 36
0.0
 17
0.0
 27
1.0
 37
0.0
 76
     0
330
CE68
331
CE6D
1001
ACAD_PSEXT
1000
AutoCAD PDF (High Quality Print).pc3
1000
DWG To PDF
1000
Archivo
1000

1070
     0
  0
LAYOUT
  5
B9BB
102
{ACAD_REACTORS
330
62
102
}
330
62
100
AcDbPlotSettings
  1

  2
AutoCAD PDF (High Quality Print).pc3
  4
ISO_full_bleed_A3_(420.00_x_297.00_MM)
  6

 40
0.0
 41
0.0
 42
0.0
 43
0.0
 44
420.0
 45
297.0
 46
0.206375838926192
 47
0.0
 48
332.0046207957757
 49
-3.427751767272184
140
753.0046207957757
141
294.5722482327278
142
1.0
143
1.003367003367003
 70
   756
 72
     1
 73
     0
 74
     4
  7
acad.ctb
 75
     0
147
0.9966442953020134
 76
     0
 77
     2
 78
   300
148
-332.0046207957757
149
3.427751767272184
100
AcDbLayout
  1
CABLES 2
 70
     1
 71
     5
 10
331.797550088705
 20
-3.427751767272184
 11
753.2116915028463
 21
294.5722482327278
 12
0.0
 22
0.0
 32
0.0
 14
332.8749144956122
 24
-2.801650862131396
 34
0.0
 15
752.8749144956131
 25
294.1983491378688
 35
0.0
146
0.0
 13
0.0
 23
0.0
 33
0.0
 16
1.0
 26
0.0
 36
0.0
 17
0.0
 27
1.0
 37
0.0
 76
     0
330
B98F
331
B991
1001
ACAD_PSEXT
1000
AutoCAD PDF (High Quality Print).pc3
1000
DWG To PDF
1000
Archivo
1000

1070
     0
  0
LAYOUT
  5
BDAA
102
{ACAD_REACTORS
330
62
102
}
330
62
100
AcDbPlotSettings
  1

  2
AutoCAD PDF (High Quality Print).pc3
  4
ISO_full_bleed_A3_(420.00_x_297.00_MM)
  6

 40
0.0
 41
0.0
 42
0.0
 43
0.0
 44
420.0
 45
297.0
 46
0.206375838926192
 47
0.0
 48
332.0046207957757
 49
-3.427751767272184
140
753.0046207957757
141
294.5722482327278
142
1.0
143
1.003367003367003
 70
   756
 72
     1
 73
     0
 74
     4
  7
acad.ctb
 75
     0
147
0.9966442953020134
 76
     0
 77
     2
 78
   300
148
-332.0046207957757
149
3.427751767272184
100
AcDbLayout
  1
CANALIZACIONES
 70
     1
 71
     6
 10
331.797550088705
 20
-3.427751767272184
 11
753.2116915028463
 21
294.5722482327278
 12
0.0
 22
0.0
 32
0.0
 14
332.8749144956122
 24
-2.801650862131396
 34
0.0
 15
752.8749144956131
 25
294.1983491378688
 35
0.0
146
0.0
 13
0.0
 23
0.0
 33
0.0
 16
1.0
 26
0.0
 36
0.0
 17
0.0
 27
1.0
 37
0.0
 76
     0
330
BD7E
331
BD80
1001
ACAD_PSEXT
1000
AutoCAD PDF (High Quality Print).pc3
1000
DWG To PDF
1000
Archivo
1000

1070
     0
  0
LAYOUT
  5
6F
102
{ACAD_REACTORS
330
62
102
}
330
62
100
AcDbPlotSettings
  1

  2
AutoCAD PDF (High Quality Print).pc3
  4
ISO_full_bleed_A3_(420.00_x_297.00_MM)
  6

 40
0.0
 41
0.0
 42
0.0
 43
0.0
 44
420.0
 45
297.0
 46
0.206375838926192
 47
0.0
 48
332.0046207957757
 49
-3.427751767272184
140
753.0046207957757
141
294.5722482327278
142
1.0
143
1.003367003367003
 70
   756
 72
     1
 73
     0
 74
     4
  7
acad.ctb
 75
     0
147
0.9966442953020134
 76
     0
 77
     2
 78
   300
148
-332.0046207957757
149
3.427751767272184
100
AcDbLayout
  1
CV 2
 70
     1
 71
     2
 10
331.797550088705
 20
-3.427751767272184
 11
753.2116915028463
 21
294.5722482327278
 12
0.0
 22
0.0
 32
0.0
 14
331.7718301881854
 24
-3.445939411211043
 34
-0.0000000349181948
 15
753.237415328211
 25
294.590438652093
 35
0.0000000814935746
146
0.0
 13
0.0
 23
0.0
 33
0.0
 16
1.0
 26
0.0
 36
0.0
 17
0.0
 27
1.0
 37
0.0
 76
     0
330
6C
331
93AE
1001
ACAD_PSEXT
1000
AutoCAD PDF (High Quality Print).pc3
1000
DWG To PDF
1000
Archivo
1000

1070
     0
  0
LAYOUT
  5
73
102
{ACAD_REACTORS
330
62
102
}
330
62
100
AcDbPlotSettings
  1

  2
Microsoft Print to PDF
  4
A4
  6

 40
0.0
 41
0.0
 42
0.0
 43
0.0
 44
210.0156707763672
 45
297.0106506347656
 46
0.0
 47
0.0
 48
0.0
 49
0.0
140
0.0
141
0.0
142
1.0
143
20.65290769974895
 70
 11952
 72
     1
 73
     1
 74
     0
  7

 75
     0
147
0.048419332257615
 76
     0
 77
     2
 78
   300
148
3267.525855435692
149
1317.202011603946
100
AcDbLayout
  1
Model
 70
     1
 71
     0
 10
0.0
 20
0.0
 11
12.0
 21
9.0
 12
0.0
 22
0.0
 32
0.0
 14
0.0
 24
0.0
 34
0.0
 15
0.0
 25
0.0
 35
0.0
146
0.0
 13
0.0
 23
0.0
 33
0.0
 16
1.0
 26
0.0
 36
0.0
 17
0.0
 27
1.0
 37
0.0
 76
     0
330
70
331
57
1001
ACAD_PSEXT
1000
Microsoft Print to PDF
1000
Microsoft Print To PDF
1000
PORTPROMPT:
1000

1070
     0
  0
LAYOUT
  5
CC9B
102
{ACAD_REACTORS
330
62
102
}
330
62
100
AcDbPlotSettings
  1

  2
AutoCAD PDF (High Quality Print).pc3
  4
ISO_full_bleed_A3_(420.00_x_297.00_MM)
  6

 40
0.0
 41
0.0
 42
0.0
 43
0.0
 44
420.0
 45
297.0
 46
0.206375838926192
 47
0.0
 48
332.0046207957757
 49
-3.427751767272184
140
753.0046207957757
141
294.5722482327278
142
1.0
143
1.003367003367003
 70
   756
 72
     1
 73
     0
 74
     4
  7
acad.ctb
 75
     0
147
0.9966442953020134
 76
     0
 77
     2
 78
   300
148
-332.0046207957757
149
3.427751767272184
100
AcDbLayout
  1
MÍMICO
 70
     1
 71
     1
 10
331.797550088705
 20
-3.427751767272184
 11
753.2116915028463
 21
294.5722482327278
 12
0.0
 22
0.0
 32
0.0
 14
331.7718301881854
 24
-3.445939411211043
 34
-0.0000000349181948
 15
753.237415328211
 25
294.590438652093
 35
0.0000000814935746
146
0.0
 13
0.0
 23
0.0
 33
0.0
 16
1.0
 26
0.0
 36
0.0
 17
0.0
 27
1.0
 37
0.0
 76
     0
330
CC90
331
CC92
1001
ACAD_PSEXT
1000
AutoCAD PDF (High Quality Print).pc3
1000
DWG To PDF
1000
Archivo
1000

1070
     0
  0
MATERIAL
  5
19
102
{ACAD_XDICTIONARY
360
1A
102
}
102
{ACAD_REACTORS
330
10
102
}
330
10
100
AcDbMaterial
  1
ByBlock
 72
     0
 43
0.0208333333333333
 43
0.0
 43
0.0
 43
0.0
 43
0.0
 43
0.0208333333333333
 43
0.0
 43
0.0
 43
0.0
 43
0.0
 43
1.0
 43
0.0
 43
0.0
 43
0.0
 43
0.0
 43
1.0
 77
     0
 47
0.0208333333333333
 47
0.0
 47
0.0
 47
0.0
 47
0.0
 47
0.0208333333333333
 47
0.0
 47
0.0
 47
0.0
 47
0.0
 47
1.0
 47
0.0
 47
0.0
 47
0.0
 47
0.0
 47
1.0
171
     0
 49
0.0208333333333333
 49
0.0
 49
0.0
 49
0.0
 49
0.0
 49
0.0208333333333333
 49
0.0
 49
0.0
 49
0.0
 49
0.0
 49
1.0
 49
0.0
 49
0.0
 49
0.0
 49
0.0
 49
1.0
175
     0
142
0.0208333333333333
142
0.0
142
0.0
142
0.0
142
0.0
142
0.0208333333333333
142
0.0
142
0.0
142
0.0
142
0.0
142
1.0
142
0.0
142
0.0
142
0.0
142
0.0
142
1.0
179
     0
144
0.0208333333333333
144
0.0
144
0.0
144
0.0
144
0.0
144
0.0208333333333333
144
0.0
144
0.0
144
0.0
144
0.0
144
1.0
144
0.0
144
0.0
144
0.0
144
0.0
144
1.0
147
0.0208333333333333
147
0.0
147
0.0
147
0.0
147
0.0
147
0.0208333333333333
147
0.0
147
0.0
147
0.0
147
0.0
147
1.0
147
0.0
147
0.0
147
0.0
147
0.0
147
1.0
  0
MATERIAL
  5
11
102
{ACAD_XDICTIONARY
360
12
102
}
102
{ACAD_REACTORS
330
10
102
}
330
10
100
AcDbMaterial
  1
ByLayer
 72
     0
 43
0.0208333333333333
 43
0.0
 43
0.0
 43
0.0
 43
0.0
 43
0.0208333333333333
 43
0.0
 43
0.0
 43
0.0
 43
0.0
 43
1.0
 43
0.0
 43
0.0
 43
0.0
 43
0.0
 43
1.0
 77
     0
 47
0.0208333333333333
 47
0.0
 47
0.0
 47
0.0
 47
0.0
 47
0.0208333333333333
 47
0.0
 47
0.0
 47
0.0
 47
0.0
 47
1.0
 47
0.0
 47
0.0
 47
0.0
 47
0.0
 47
1.0
171
     0
 49
0.0208333333333333
 49
0.0
 49
0.0
 49
0.0
 49
0.0
 49
0.0208333333333333
 49
0.0
 49
0.0
 49
0.0
 49
0.0
 49
1.0
 49
0.0
 49
0.0
 49
0.0
 49
0.0
 49
1.0
175
     0
142
0.0208333333333333
142
0.0
142
0.0
142
0.0
142
0.0
142
0.0208333333333333
142
0.0
142
0.0
142
0.0
142
0.0
142
1.0
142
0.0
142
0.0
142
0.0
142
0.0
142
1.0
179
     0
144
0.0208333333333333
144
0.0
144
0.0
144
0.0
144
0.0
144
0.0208333333333333
144
0.0
144
0.0
144
0.0
144
0.0
144
1.0
144
0.0
144
0.0
144
0.0
144
0.0
144
1.0
147
0.0208333333333333
147
0.0
147
0.0
147
0.0
147
0.0
147
0.0208333333333333
147
0.0
147
0.0
147
0.0
147
0.0
147
1.0
147
0.0
147
0.0
147
0.0
147
0.0
147
1.0
  0
MATERIAL
  5
21
102
{ACAD_XDICTIONARY
360
22
102
}
102
{ACAD_REACTORS
330
10
102
}
330
10
100
AcDbMaterial
  1
Global
 72
     0
 43
0.0208333333333333
 43
0.0
 43
0.0
 43
0.0
 43
0.0
 43
0.0208333333333333
 43
0.0
 43
0.0
 43
0.0
 43
0.0
 43
1.0
 43
0.0
 43
0.0
 43
0.0
 43
0.0
 43
1.0
 77
     0
 47
0.0208333333333333
 47
0.0
 47
0.0
 47
0.0
 47
0.0
 47
0.0208333333333333
 47
0.0
 47
0.0
 47
0.0
 47
0.0
 47
1.0
 47
0.0
 47
0.0
 47
0.0
 47
0.0
 47
1.0
171
     0
 49
0.0208333333333333
 49
0.0
 49
0.0
 49
0.0
 49
0.0
 49
0.0208333333333333
 49
0.0
 49
0.0
 49
0.0
 49
0.0
 49
1.0
 49
0.0
 49
0.0
 49
0.0
 49
0.0
 49
1.0
175
     0
142
0.0208333333333333
142
0.0
142
0.0
142
0.0
142
0.0
142
0.0208333333333333
142
0.0
142
0.0
142
0.0
142
0.0
142
1.0
142
0.0
142
0.0
142
0.0
142
0.0
142
1.0
179
     0
144
0.0208333333333333
144
0.0
144
0.0
144
0.0
144
0.0
144
0.0208333333333333
144
0.0
144
0.0
144
0.0
144
0.0
144
1.0
144
0.0
144
0.0
144
0.0
144
0.0
144
1.0
147
0.0208333333333333
147
0.0
147
0.0
147
0.0
147
0.0
147
0.0208333333333333
147
0.0
147
0.0
147
0.0
147
0.0
147
1.0
147
0.0
147
0.0
147
0.0
147
0.0
147
1.0
  0
MLEADERSTYLE
  5
67
102
{ACAD_REACTORS
330
66
102
}
330
66
100
AcDbMLeaderStyle
179
     2
170
     2
171
     1
172
     0
 90
        2
 40
0.0
 41
0.0
173
     1
 91
-1056964608
340
5B
 92
       -2
290
     1
 42
0.09
291
     1
 43
0.36
  3
Standard
 44
0.18
300

342
55
174
     1
178
     6
175
     1
176
     0
 93
-1056964608
 45
0.18
292
     0
297
     0
 46
0.18
 94
-1056964608
 47
1.0
 49
1.0
140
1.0
293
     1
141
0.0
294
     1
177
     0
142
1.0
295
     1
296
     0
143
0.125
271
     0
272
     9
273
     9
298
     1
  0
MLINESTYLE
  5
60
102
{ACAD_REACTORS
330
5F
102
}
330
5F
100
AcDbMlineStyle
  2
STANDARD
 70
     0
  3

 62
   256
 51
90.0
 52
90.0
 71
     2
 49
0.5
 62
   256
  6
BYLAYER
 49
-0.5
 62
   256
  6
BYLAYER
  0
ACDBPLACEHOLDER
  5
F
102
{ACAD_REACTORS
330
E
102
}
330
E
  0
ACAD_PROXY_OBJECT
  5
82
102
{ACAD_REACTORS
330
7F
102
}
330
7F
100
AcDbProxyObject
 90
      499
 91
      509
 71
    33
 97
      174
 70
     0
162
               630
311
4110401B001D001BC024890401C001B001A4018C0184008000C400C0008001B801A401D8019401B0019401CC008001900194008001C8019401B80190019401C801A401E80184018C01A403CC01B800
161
               209
310
40AD0240E4290140902000000000000021000000000000000840CC
 94
        0
  0
ACAD_PROXY_OBJECT
  5
80
102
{ACAD_REACTORS
330
7F
102
}
330
7F
100
AcDbProxyObject
 90
      499
 91
      509
 71
    33
 97
      174
 70
     0
162
               582
311
41108018401A801BC0247D0401C001B001A4018C0184008000C4008001B801A401D8019401B0008001900194008001C8019401B80190019401C801A401E80184018C01A403CC01B800
161
               193
310
40AE40E40501902000000000000021000000000000000840CC
 94
        0
  0
ACAD_PROXY_OBJECT
  5
84
102
{ACAD_REACTORS
330
7F
102
}
330
7F
100
AcDbProxyObject
 90
      499
 91
      509
 71
    33
 97
      174
 70
     0
162
               774
311
44D0C018401B001A4019001840190008001D401B80080018401B001B401D4019401C801E801BC0247148019401B80190019401C801A401E801840080019001D401C8018401B801D00194008000D800C0008001B401A401B801D401D001BC01CC00
161
               217
310
40AD0440D014053C40902000000000000021000000000000000840CC
 94
        0
  0
ACAD_PROXY_OBJECT
  5
85
102
{ACAD_REACTORS
330
7F
102
}
330
7F
100
AcDbProxyObject
 90
      499
 91
      509
 71
    33
 97
      174
 70
     0
162
               710
311
4450C018401B001A4019001840190008001D401B80184008001B801BC018C01A001940246948019401B80190019401C801A401E801840080019001D401C8018401B801D00194008000C400C8008001A001BC01C8018401CC00
161
               241
310
40AD0540D01404D002000040902000000000000021000000000000000840CC
 94
        0
  0
ACAD_PROXY_OBJECT
  5
83
102
{ACAD_REACTORS
330
7F
102
}
330
7F
100
AcDbProxyObject
 90
      499
 91
      509
 71
    33
 97
      174
 70
     0
162
               822
311
4590C018401B001A4019001840190008001D401B80184008001C0018401D401CC01840080018C0184019803A40247148019401B80190019401C801A401E801840080019001D401C8018401B801D00194008000C400C0008001B401A401B801D401D001BC01CC00
161
               217
310
40AD0340D014050A40502000000000000021000000000000000840CC
 94
        0
  0
ACAD_PROXY_OBJECT
  5
81
102
{ACAD_REACTORS
330
7F
102
}
330
7F
100
AcDbProxyObject
 90
      499
 91
      509
 71
    33
 97
      174
 70
     0
162
               630
311
415340194019001A401BC024850401C001B001A4018C0184008000D4008001B801A401D8019401B0019401CC008001900194008001C8019401B80190019401C801A401E80184018C01A403CC01B800
161
               209
310
40AD0140E4150140502000000000000021000000000000000840CC
 94
        0
  0
SCALE
  5
43
102
{ACAD_REACTORS
330
42
102
}
330
42
100
AcDbScale
 70
     0
300
1:1
140
1.0
141
1.0
290
     1
  0
SCALE
  5
CC2B
102
{ACAD_REACTORS
330
42
102
}
330
42
100
AcDbScale
 70
     0
300
1:2
140
1.0
141
2.0
290
     0
  0
SCALE
  5
CC2C
102
{ACAD_REACTORS
330
42
102
}
330
42
100
AcDbScale
 70
     0
300
1:4
140
1.0
141
4.0
290
     0
  0
SCALE
  5
CBEE
102
{ACAD_REACTORS
330
42
102
}
330
42
100
AcDbScale
 70
     0
300
1:5
140
1.0
141
5.0
290
     0
  0
SCALE
  5
47
102
{ACAD_REACTORS
330
42
102
}
330
42
100
AcDbScale
 70
     0
300
1:8
140
1.0
141
8.0
290
     0
  0
SCALE
  5
CC2D
102
{ACAD_REACTORS
330
42
102
}
330
42
100
AcDbScale
 70
     0
300
1:10
140
1.0
141
10.0
290
     0
  0
SCALE
  5
CC2E
102
{ACAD_REACTORS
330
42
102
}
330
42
100
AcDbScale
 70
     0
300
1:16
140
1.0
141
16.0
290
     0
  0
SCALE
  5
CC2F
102
{ACAD_REACTORS
330
42
102
}
330
42
100
AcDbScale
 70
     0
300
1:20
140
1.0
141
20.0
290
     0
  0
SCALE
  5
CC30
102
{ACAD_REACTORS
330
42
102
}
330
42
100
AcDbScale
 70
     0
300
1:30
140
1.0
141
30.0
290
     0
  0
SCALE
  5
CC31
102
{ACAD_REACTORS
330
42
102
}
330
42
100
AcDbScale
 70
     0
300
1:40
140
1.0
141
40.0
290
     0
  0
SCALE
  5
CC32
102
{ACAD_REACTORS
330
42
102
}
330
42
100
AcDbScale
 70
     0
300
1:50
140
1.0
141
50.0
290
     0
  0
SCALE
  5
CC33
102
{ACAD_REACTORS
330
42
102
}
330
42
100
AcDbScale
 70
     0
300
1:100
140
1.0
141
100.0
290
     0
  0
SCALE
  5
CC34
102
{ACAD_REACTORS
330
42
102
}
330
42
100
AcDbScale
 70
     0
300
2:1
140
2.0
141
1.0
290
     0
  0
SCALE
  5
CC35
102
{ACAD_REACTORS
330
42
102
}
330
42
100
AcDbScale
 70
     0
300
4:1
140
4.0
141
1.0
290
     0
  0
SCALE
  5
CC36
102
{ACAD_REACTORS
330
42
102
}
330
42
100
AcDbScale
 70
     0
300
8:1
140
8.0
141
1.0
290
     0
  0
SCALE
  5
CC37
102
{ACAD_REACTORS
330
42
102
}
330
42
100
AcDbScale
 70
     0
300
10:1
140
10.0
141
1.0
290
     0
  0
SCALE
  5
CC38
102
{ACAD_REACTORS
330
42
102
}
330
42
100
AcDbScale
 70
     0
300
100:1
140
100.0
141
1.0
290
     0
  0
ACDBSECTIONVIEWSTYLE
  5
69
102
{ACAD_REACTORS
330
68
102
}
330
68
100
AcDbModelDocViewStyle
 70
     0
  3
Metric50
290
     1
300
Metric50
 90
        0
100
AcDbSectionViewStyle
 70
     0
 71
     0
 90
      102
 71
     1
340
55
 62
   256
 40
5.0
340
0
340
0
 62
   256
 40
5.0
300
I, O, Q, S, X, Z
 40
10.0
 90
        0
 40
2.5
 90
        0
 71
     2
340
5D
 90
       25
 62
   256
340
5D
 90
       50
 62
   256
 40
5.0
 40
2.5
 40
5.0
 71
     3
340
55
 62
   256
 40
5.0
 90
        0
 40
15.0
 90
        1
300
%<\AcVar ViewSectionStartId>%-%<\AcVar ViewSectionEndId>% (%<\AcVar ViewScale \f "%sn">%)
 71
     4
 62
   256
 62
   257
300
ANSI31
 40
1.0
 90
        0
290
     0
290
     0
 90
        6
 40
0.0
 40
1.570796326794896
 40
0.2617993877991494
 40
1.308996938995747
 40
-0.2617993877991494
 40
1.832595714594046
  0
TABLESTYLE
  5
65
102
{ACAD_XDICTIONARY
360
D015
102
}
102
{ACAD_REACTORS
330
64
330
AD3C
102
}
330
64
100
AcDbTableStyle
280
     0
  3
Standard
 70
     0
 71
     0
 40
1.5
 41
1.5
280
     0
281
     0
  7
Standard
140
4.5
170
     2
 62
     0
 63
     7
283
     0
 90
      512
 91
        0
  1

274
    -2
284
     1
 64
     0
275
    -2
285
     1
 65
     0
276
    -2
286
     1
 66
     0
277
    -2
287
     1
 67
     0
278
    -2
288
     1
 68
     0
279
    -2
289
     1
 69
     0
  7
Standard
140
6.0
170
     5
 62
     0
 63
     7
283
     0
 90
      512
 91
        0
  1

274
    -2
284
     1
 64
     0
275
    -2
285
     1
 65
     0
276
    -2
286
     1
 66
     0
277
    -2
287
     1
 67
     0
278
    -2
288
     1
 68
     0
279
    -2
289
     1
 69
     0
  7
Standard
140
4.5
170
     5
 62
     0
 63
     7
283
     0
 90
      512
 91
        0
  1

274
    -2
284
     1
 64
     0
275
    -2
285
     1
 65
     0
276
    -2
286
     1
 66
     0
277
    -2
287
     1
 67
     0
278
    -2
288
     1
 68
     0
279
    -2
289
     1
 69
     0
  0
VISUALSTYLE
  5
2F
102
{ACAD_REACTORS
330
29
102
}
330
29
100
AcDbVisualStyle
  2
2dWireframe
 70
     4
177
     3
291
     0
 70
    58
 90
        0
176
     1
 90
        2
176
     1
 90
        0
176
     1
 90
        0
176
     1
 40
0.6
176
     1
 40
30.0
176
     1
 62
     7
420
 16777215
176
     1
 90
        1
176
     1
 90
        4
176
     1
 62
     7
176
     1
 62
   257
176
     1
 90
        1
176
     1
 90
        1
176
     1
 40
1.0
176
     1
 90
        0
176
     1
 62
   257
176
     1
 40
1.0
176
     1
 90
        1
176
     1
 90
        6
176
     1
 90
        2
176
     1
 62
     7
176
     1
 90
        5
176
     1
 90
        0
176
     1
 90
        0
176
     1
290
     0
176
     1
 90
        1
176
     1
 40
0.0
176
     1
 90
        0
176
     1
290
     1
176
     1
290
     1
176
     1
290
     0
176
     1
290
     0
176
     1
290
     0
176
     1
290
     0
176
     1
290
     0
176
     1
290
     0
176
     1
290
     0
176
     1
 90
       50
176
     1
 40
0.0
176
     1
 40
1.0
176
     1
 90
        0
176
     1
 62
    18
420
        0
176
     1
 90
       50
176
     1
 90
        3
176
     1
 62
     5
420
      255
176
     1
290
     0
176
     1
 90
       50
176
     1
 90
       50
176
     1
 90
       50
176
     1
290
     0
176
     1
 90
       50
176
     1
 62
   256
176
     0
 40
1.0
176
     0
 90
        2
176
     1
  1
strokes_ogs.tif
176
     1
290
     0
176
     1
 40
1.0
176
     1
 40
1.0
176
     1
  0
VISUALSTYLE
  5
2E
102
{ACAD_REACTORS
330
29
102
}
330
29
100
AcDbVisualStyle
  2
Basic
 70
     7
177
     3
291
     1
 70
    58
 90
        1
176
     1
 90
        0
176
     1
 90
        1
176
     1
 90
        0
176
     1
 40
0.6
176
     1
 40
30.0
176
     1
 62
     7
420
 16777215
176
     1
 90
        0
176
     1
 90
        4
176
     1
 62
     7
176
     1
 62
   257
176
     1
 90
        1
176
     1
 90
        1
176
     1
 40
1.0
176
     1
 90
        8
176
     1
 62
     7
176
     1
 40
1.0
176
     1
 90
        1
176
     1
 90
        6
176
     1
 90
        2
176
     1
 62
     7
176
     1
 90
        5
176
     1
 90
        0
176
     1
 90
        0
176
     1
290
     0
176
     1
 90
        1
176
     1
 40
0.0
176
     1
 90
        0
176
     1
290
     0
176
     1
290
     1
176
     1
290
     1
176
     1
290
     0
176
     1
290
     0
176
     1
290
     0
176
     1
290
     0
176
     1
290
     0
176
     1
290
     0
176
     1
 90
       50
176
     1
 40
0.0
176
     1
 40
1.0
176
     1
 90
        0
176
     1
 62
    18
420
        0
176
     1
 90
       50
176
     1
 90
        3
176
     1
 62
     5
420
      255
176
     1
290
     0
176
     1
 90
       50
176
     1
 90
       50
176
     1
 90
       50
176
     1
290
     0
176
     1
 90
       50
176
     1
 62
   256
176
     0
 40
1.0
176
     0
 90
        2
176
     1
  1
strokes_ogs.tif
176
     1
290
     0
176
     1
 40
1.0
176
     1
 40
1.0
176
     1
  0
VISUALSTYLE
  5
35
102
{ACAD_REACTORS
330
29
102
}
330
29
100
AcDbVisualStyle
  2
Brighten
 70
    12
177
     3
291
     1
 70
    58
 90
        2
176
     1
 90
        2
176
     1
 90
        0
176
     1
 90
        0
176
     1
 40
0.6
176
     1
 40
30.0
176
     1
 62
     7
420
 16777215
176
     1
 90
        1
176
     1
 90
        4
176
     1
 62
     7
176
     1
 62
   257
176
     1
 90
        1
176
     1
 90
        1
176
     1
 40
1.0
176
     1
 90
        8
176
     1
 62
     7
176
     1
 40
1.0
176
     1
 90
        1
176
     1
 90
        6
176
     1
 90
        2
176
     1
 62
     7
176
     1
 90
        5
176
     1
 90
        0
176
     1
 90
        0
176
     1
290
     0
176
     1
 90
        1
176
     1
 40
50.0
176
     1
 90
        0
176
     1
290
     0
176
     1
290
     1
176
     1
290
     1
176
     1
290
     0
176
     1
290
     0
176
     1
290
     0
176
     1
290
     0
176
     1
290
     0
176
     1
290
     0
176
     1
 90
       50
176
     1
 40
0.0
176
     1
 40
1.0
176
     1
 90
        0
176
     1
 62
    18
420
        0
176
     1
 90
       50
176
     1
 90
        3
176
     1
 62
     5
420
      255
176
     1
290
     0
176
     1
 90
       50
176
     1
 90
       50
176
     1
 90
       50
176
     1
290
     0
176
     1
 90
       50
176
     1
 62
   256
176
     0
 40
1.0
176
     0
 90
        2
176
     1
  1
strokes_ogs.tif
176
     1
290
     0
176
     1
 40
1.0
176
     1
 40
1.0
176
     1
  0
VISUALSTYLE
  5
39
102
{ACAD_REACTORS
330
29
102
}
330
29
100
AcDbVisualStyle
  2
ColorChange
 70
    16
177
     3
291
     1
 70
    58
 90
        2
176
     1
 90
        2
176
     1
 90
        3
176
     1
 90
        0
176
     1
 40
0.6
176
     1
 40
30.0
176
     1
 62
     8
420
  8421504
176
     1
 90
        1
176
     1
 90
        4
176
     1
 62
     7
176
     1
 62
   257
176
     1
 90
        1
176
     1
 90
        1
176
     1
 40
1.0
176
     1
 90
        8
176
     1
 62
     8
420
  8421504
176
     1
 40
1.0
176
     1
 90
        1
176
     1
 90
        6
176
     1
 90
        2
176
     1
 62
     7
176
     1
 90
        5
176
     1
 90
        0
176
     1
 90
        0
176
     1
290
     0
176
     1
 90
        1
176
     1
 40
0.0
176
     1
 90
        0
176
     1
290
     0
176
     1
290
     1
176
     1
290
     1
176
     1
290
     0
176
     1
290
     0
176
     1
290
     0
176
     1
290
     0
176
     1
290
     0
176
     1
290
     0
176
     1
 90
       50
176
     1
 40
0.0
176
     1
 40
1.0
176
     1
 90
        0
176
     1
 62
    18
420
        0
176
     1
 90
       50
176
     1
 90
        3
176
     1
 62
     5
420
      255
176
     1
290
     0
176
     1
 90
       50
176
     1
 90
       50
176
     1
 90
       50
176
     1
290
     0
176
     1
 90
       50
176
     1
 62
   256
176
     0
 40
1.0
176
     0
 90
        2
176
     1
  1
strokes_ogs.tif
176
     1
290
     0
176
     1
 40
1.0
176
     1
 40
1.0
176
     1
  0
VISUALSTYLE
  5
32
102
{ACAD_REACTORS
330
29
102
}
330
29
100
AcDbVisualStyle
  2
Conceptual
 70
     9
177
     3
291
     0
 70
    58
 90
        3
176
     1
 90
        2
176
     1
 90
        0
176
     1
 90
        0
176
     1
 40
0.6
176
     1
 40
30.0
176
     1
 62
     7
420
 16777215
176
     1
 90
        2
176
     1
 90
        2
176
     1
 62
     7
176
     1
 62
   257
176
     1
 90
        1
176
     1
 90
        1
176
     1
 40
179.0
176
     1
 90
        8
176
     1
 62
     7
176
     1
 40
1.0
176
     1
 90
        1
176
     1
 90
        6
176
     1
 90
        2
176
     1
 62
     7
176
     1
 90
        3
176
     1
 90
        0
176
     1
 90
        0
176
     1
290
     0
176
     1
 90
        1
176
     1
 40
0.0
176
     1
 90
        0
176
     1
290
     0
176
     1
290
     1
176
     1
290
     1
176
     1
290
     0
176
     1
290
     0
176
     1
290
     0
176
     1
290
     0
176
     1
290
     0
176
     1
290
     0
176
     1
 90
       50
176
     1
 40
0.0
176
     1
 40
1.0
176
     1
 90
        0
176
     1
 62
    18
420
        0
176
     1
 90
       50
176
     1
 90
        3
176
     1
 62
     5
420
      255
176
     1
290
     0
176
     1
 90
       50
176
     1
 90
       50
176
     1
 90
       50
176
     1
290
     0
176
     1
 90
       50
176
     1
 62
   256
176
     0
 40
1.0
176
     0
 90
        2
176
     1
  1
strokes_ogs.tif
176
     1
290
     0
176
     1
 40
1.0
176
     1
 40
1.0
176
     1
  0
VISUALSTYLE
  5
34
102
{ACAD_REACTORS
330
29
102
}
330
29
100
AcDbVisualStyle
  2
Dim
 70
    11
177
     3
291
     1
 70
    58
 90
        2
176
     1
 90
        2
176
     1
 90
        0
176
     1
 90
        0
176
     1
 40
0.6
176
     1
 40
30.0
176
     1
 62
     7
420
 16777215
176
     1
 90
        1
176
     1
 90
        4
176
     1
 62
     7
176
     1
 62
   257
176
     1
 90
        1
176
     1
 90
        1
176
     1
 40
1.0
176
     1
 90
        8
176
     1
 62
     7
176
     1
 40
1.0
176
     1
 90
        1
176
     1
 90
        6
176
     1
 90
        2
176
     1
 62
     7
176
     1
 90
        5
176
     1
 90
        0
176
     1
 90
        0
176
     1
290
     0
176
     1
 90
        1
176
     1
 40
-50.0
176
     1
 90
        0
176
     1
290
     0
176
     1
290
     1
176
     1
290
     1
176
     1
290
     0
176
     1
290
     0
176
     1
290
     0
176
     1
290
     0
176
     1
290
     0
176
     1
290
     0
176
     1
 90
       50
176
     1
 40
0.0
176
     1
 40
1.0
176
     1
 90
        0
176
     1
 62
    18
420
        0
176
     1
 90
       50
176
     1
 90
        3
176
     1
 62
     5
420
      255
176
     1
290
     0
176
     1
 90
       50
176
     1
 90
       50
176
     1
 90
       50
176
     1
290
     0
176
     1
 90
       50
176
     1
 62
   256
176
     0
 40
1.0
176
     0
 90
        2
176
     1
  1
strokes_ogs.tif
176
     1
290
     0
176
     1
 40
1.0
176
     1
 40
1.0
176
     1
  0
VISUALSTYLE
  5
41
102
{ACAD_REACTORS
330
29
102
}
330
29
100
AcDbVisualStyle
  2
EdgeColorOff
 70
    22
177
     3
291
     1
 70
    58
 90
        2
176
     0
 90
        2
176
     0
 90
        0
176
     0
 90
        0
176
     0
 40
0.6
176
     0
 40
30.0
176
     0
 62
     7
420
 16777215
176
     0
 90
        1
176
     0
 90
        4
176
     0
 62
     7
176
     0
 62
   257
176
     0
 90
        1
176
     0
 90
        1
176
     0
 40
1.0
176
     0
 90
        8
176
     2
 62
     7
176
     0
 40
1.0
176
     0
 90
        1
176
     0
 90
        6
176
     0
 90
        2
176
     0
 62
     7
176
     0
 90
        5
176
     0
 90
        0
176
     0
 90
        0
176
     0
290
     0
176
     0
 90
        1
176
     0
 40
0.0
176
     0
 90
        0
176
     0
290
     0
176
     0
290
     1
176
     0
290
     1
176
     0
290
     0
176
     0
290
     0
176
     0
290
     0
176
     0
290
     0
176
     0
290
     0
176
     0
290
     0
176
     0
 90
       50
176
     0
 40
0.0
176
     0
 40
1.0
176
     0
 90
        0
176
     0
 62
    18
420
        0
176
     0
 90
       50
176
     0
 90
        3
176
     0
 62
     5
420
      255
176
     0
290
     0
176
     0
 90
       50
176
     0
 90
       50
176
     0
 90
       50
176
     0
290
     0
176
     0
 90
       50
176
     0
 62
   256
176
     0
 40
1.0
176
     0
 90
        2
176
     0
  1
strokes_ogs.tif
176
     0
290
     0
176
     0
 40
1.0
176
     0
 40
1.0
176
     0
  0
VISUALSTYLE
  5
38
102
{ACAD_REACTORS
330
29
102
}
330
29
100
AcDbVisualStyle
  2
Facepattern
 70
    15
177
     3
291
     1
 70
    58
 90
        2
176
     1
 90
        2
176
     1
 90
        0
176
     1
 90
        0
176
     1
 40
0.6
176
     1
 40
30.0
176
     1
 62
     7
420
 16777215
176
     1
 90
        1
176
     1
 90
        4
176
     1
 62
     7
176
     1
 62
   257
176
     1
 90
        1
176
     1
 90
        1
176
     1
 40
1.0
176
     1
 90
        8
176
     1
 62
     7
176
     1
 40
1.0
176
     1
 90
        1
176
     1
 90
        6
176
     1
 90
        2
176
     1
 62
     7
176
     1
 90
        5
176
     1
 90
        0
176
     1
 90
        0
176
     1
290
     0
176
     1
 90
        1
176
     1
 40
0.0
176
     1
 90
        0
176
     1
290
     0
176
     1
290
     1
176
     1
290
     1
176
     1
290
     0
176
     1
290
     0
176
     1
290
     0
176
     1
290
     0
176
     1
290
     0
176
     1
290
     0
176
     1
 90
       50
176
     1
 40
0.0
176
     1
 40
1.0
176
     1
 90
        0
176
     1
 62
    18
420
        0
176
     1
 90
       50
176
     1
 90
        3
176
     1
 62
     5
420
      255
176
     1
290
     0
176
     1
 90
       50
176
     1
 90
       50
176
     1
 90
       50
176
     1
290
     0
176
     1
 90
       50
176
     1
 62
   256
176
     0
 40
1.0
176
     0
 90
        2
176
     1
  1
strokes_ogs.tif
176
     1
290
     0
176
     1
 40
1.0
176
     1
 40
1.0
176
     1
  0
VISUALSTYLE
  5
2A
102
{ACAD_REACTORS
330
29
102
}
330
29
100
AcDbVisualStyle
  2
Flat
 70
     0
177
     3
291
     1
 70
    58
 90
        2
176
     1
 90
        1
176
     1
 90
        1
176
     1
 90
        2
176
     1
 40
0.6
176
     1
 40
30.0
176
     1
 62
     7
420
 16777215
176
     1
 90
        0
176
     1
 90
        0
176
     1
 62
     7
176
     1
 62
   257
176
     1
 90
        1
176
     1
 90
        1
176
     1
 40
1.0
176
     1
 90
        8
176
     1
 62
     7
176
     1
 40
1.0
176
     1
 90
        1
176
     1
 90
        6
176
     1
 90
        2
176
     1
 62
     7
176
     1
 90
        5
176
     1
 90
        0
176
     1
 90
        0
176
     1
290
     0
176
     1
 90
       13
176
     1
 40
0.0
176
     1
 90
        0
176
     1
290
     0
176
     1
290
     1
176
     1
290
     1
176
     1
290
     0
176
     1
290
     0
176
     1
290
     0
176
     1
290
     0
176
     1
290
     0
176
     1
290
     0
176
     1
 90
       50
176
     1
 40
0.0
176
     1
 40
1.0
176
     1
 90
        0
176
     1
 62
    18
420
        0
176
     1
 90
       50
176
     1
 90
        3
176
     1
 62
     5
420
      255
176
     1
290
     0
176
     1
 90
       50
176
     1
 90
       50
176
     1
 90
       50
176
     1
290
     0
176
     1
 90
       50
176
     1
 62
   256
176
     0
 40
1.0
176
     0
 90
        2
176
     1
  1
strokes_ogs.tif
176
     1
290
     0
176
     1
 40
1.0
176
     1
 40
1.0
176
     1
  0
VISUALSTYLE
  5
2B
102
{ACAD_REACTORS
330
29
102
}
330
29
100
AcDbVisualStyle
  2
FlatWithEdges
 70
     1
177
     3
291
     1
 70
    58
 90
        2
176
     1
 90
        1
176
     1
 90
        1
176
     1
 90
        2
176
     1
 40
0.6
176
     1
 40
30.0
176
     1
 62
     7
420
 16777215
176
     1
 90
        1
176
     1
 90
        0
176
     1
 62
     7
176
     1
 62
   257
176
     1
 90
        1
176
     1
 90
        1
176
     1
 40
1.0
176
     1
 90
        0
176
     1
 62
   257
176
     1
 40
1.0
176
     1
 90
        1
176
     1
 90
        6
176
     1
 90
        2
176
     1
 62
     7
176
     1
 90
        5
176
     1
 90
        0
176
     1
 90
        0
176
     1
290
     0
176
     1
 90
       13
176
     1
 40
0.0
176
     1
 90
        0
176
     1
290
     0
176
     1
290
     1
176
     1
290
     1
176
     1
290
     0
176
     1
290
     0
176
     1
290
     0
176
     1
290
     0
176
     1
290
     0
176
     1
290
     0
176
     1
 90
       50
176
     1
 40
0.0
176
     1
 40
1.0
176
     1
 90
        0
176
     1
 62
    18
420
        0
176
     1
 90
       50
176
     1
 90
        3
176
     1
 62
     5
420
      255
176
     1
290
     0
176
     1
 90
       50
176
     1
 90
       50
176
     1
 90
       50
176
     1
290
     0
176
     1
 90
       50
176
     1
 62
   256
176
     0
 40
1.0
176
     0
 90
        2
176
     1
  1
strokes_ogs.tif
176
     1
290
     0
176
     1
 40
1.0
176
     1
 40
1.0
176
     1
  0
VISUALSTYLE
  5
2C
102
{ACAD_REACTORS
330
29
102
}
330
29
100
AcDbVisualStyle
  2
Gouraud
 70
     2
177
     3
291
     1
 70
    58
 90
        2
176
     1
 90
        2
176
     1
 90
        1
176
     1
 90
        2
176
     1
 40
0.6
176
     1
 40
30.0
176
     1
 62
     7
420
 16777215
176
     1
 90
        0
176
     1
 90
        0
176
     1
 62
     7
176
     1
 62
   257
176
     1
 90
        1
176
     1
 90
        1
176
     1
 40
1.0
176
     1
 90
        0
176
     1
 62
     7
176
     1
 40
1.0
176
     1
 90
        1
176
     1
 90
        6
176
     1
 90
        2
176
     1
 62
     7
176
     1
 90
        5
176
     1
 90
        0
176
     1
 90
        0
176
     1
290
     0
176
     1
 90
       13
176
     1
 40
0.0
176
     1
 90
        0
176
     1
290
     0
176
     1
290
     1
176
     1
290
     1
176
     1
290
     0
176
     1
290
     0
176
     1
290
     0
176
     1
290
     0
176
     1
290
     0
176
     1
290
     0
176
     1
 90
       50
176
     1
 40
0.0
176
     1
 40
1.0
176
     1
 90
        0
176
     1
 62
    18
420
        0
176
     1
 90
       50
176
     1
 90
        3
176
     1
 62
     5
420
      255
176
     1
290
     0
176
     1
 90
       50
176
     1
 90
       50
176
     1
 90
       50
176
     1
290
     0
176
     1
 90
       50
176
     1
 62
   256
176
     0
 40
1.0
176
     0
 90
        2
176
     1
  1
strokes_ogs.tif
176
     1
290
     0
176
     1
 40
1.0
176
     1
 40
1.0
176
     1
  0
VISUALSTYLE
  5
2D
102
{ACAD_REACTORS
330
29
102
}
330
29
100
AcDbVisualStyle
  2
GouraudWithEdges
 70
     3
177
     3
291
     1
 70
    58
 90
        2
176
     1
 90
        2
176
     1
 90
        1
176
     1
 90
        2
176
     1
 40
0.6
176
     1
 40
30.0
176
     1
 62
     7
420
 16777215
176
     1
 90
        1
176
     1
 90
        0
176
     1
 62
     7
176
     1
 62
   257
176
     1
 90
        1
176
     1
 90
        1
176
     1
 40
1.0
176
     1
 90
        0
176
     1
 62
   257
176
     1
 40
1.0
176
     1
 90
        1
176
     1
 90
        6
176
     1
 90
        2
176
     1
 62
     7
176
     1
 90
        5
176
     1
 90
        0
176
     1
 90
        0
176
     1
290
     0
176
     1
 90
       13
176
     1
 40
0.0
176
     1
 90
        0
176
     1
290
     0
176
     1
290
     1
176
     1
290
     1
176
     1
290
     0
176
     1
290
     0
176
     1
290
     0
176
     1
290
     0
176
     1
290
     0
176
     1
290
     0
176
     1
 90
       50
176
     1
 40
0.0
176
     1
 40
1.0
176
     1
 90
        0
176
     1
 62
    18
420
        0
176
     1
 90
       50
176
     1
 90
        3
176
     1
 62
     5
420
      255
176
     1
290
     0
176
     1
 90
       50
176
     1
 90
       50
176
     1
 90
       50
176
     1
290
     0
176
     1
 90
       50
176
     1
 62
   256
176
     0
 40
1.0
176
     0
 90
        2
176
     1
  1
strokes_ogs.tif
176
     1
290
     0
176
     1
 40
1.0
176
     1
 40
1.0
176
     1
  0
VISUALSTYLE
  5
31
102
{ACAD_REACTORS
330
29
102
}
330
29
100
AcDbVisualStyle
  2
Hidden
 70
     6
177
     3
291
     0
 70
    58
 90
        1
176
     1
 90
        2
176
     1
 90
        2
176
     1
 90
        0
176
     1
 40
0.6
176
     1
 40
30.0
176
     1
 62
     7
420
 16777215
176
     1
 90
        2
176
     1
 90
        2
176
     1
 62
     7
176
     1
 62
   257
176
     1
 90
        2
176
     1
 90
        1
176
     1
 40
40.0
176
     1
 90
        0
176
     1
 62
   257
176
     1
 40
1.0
176
     1
 90
        1
176
     1
 90
        6
176
     1
 90
        2
176
     1
 62
     7
176
     1
 90
        3
176
     1
 90
        0
176
     1
 90
        0
176
     1
290
     0
176
     1
 90
        1
176
     1
 40
0.0
176
     1
 90
        0
176
     1
290
     0
176
     1
290
     1
176
     1
290
     1
176
     1
290
     0
176
     1
290
     0
176
     1
290
     0
176
     1
290
     0
176
     1
290
     0
176
     1
290
     0
176
     1
 90
       50
176
     1
 40
0.0
176
     1
 40
1.0
176
     1
 90
        0
176
     1
 62
    18
420
        0
176
     1
 90
       50
176
     1
 90
        3
176
     1
 62
     5
420
      255
176
     1
290
     0
176
     1
 90
       50
176
     1
 90
       50
176
     1
 90
       50
176
     1
290
     0
176
     1
 90
       50
176
     1
 62
   256
176
     0
 40
1.0
176
     0
 90
        2
176
     1
  1
strokes_ogs.tif
176
     1
290
     0
176
     1
 40
1.0
176
     1
 40
1.0
176
     1
  0
VISUALSTYLE
  5
3F
102
{ACAD_REACTORS
330
29
102
}
330
29
100
AcDbVisualStyle
  2
JitterOff
 70
    20
177
     3
291
     1
 70
    58
 90
        2
176
     0
 90
        2
176
     0
 90
        0
176
     0
 90
        0
176
     0
 40
0.6
176
     0
 40
30.0
176
     0
 62
     7
420
 16777215
176
     0
 90
        1
176
     0
 90
        4
176
     0
 62
     7
176
     0
 62
   257
176
     0
 90
        1
176
     0
 90
        1
176
     0
 40
1.0
176
     0
 90
       10
176
     2
 62
     7
176
     0
 40
1.0
176
     0
 90
        1
176
     0
 90
        6
176
     0
 90
        2
176
     0
 62
     7
176
     0
 90
        5
176
     0
 90
        0
176
     0
 90
        0
176
     0
290
     0
176
     0
 90
        1
176
     0
 40
0.0
176
     0
 90
        0
176
     0
290
     0
176
     0
290
     1
176
     0
290
     1
176
     0
290
     0
176
     0
290
     0
176
     0
290
     0
176
     0
290
     0
176
     0
290
     0
176
     0
290
     0
176
     0
 90
       50
176
     0
 40
0.0
176
     0
 40
1.0
176
     0
 90
        0
176
     0
 62
    18
420
        0
176
     0
 90
       50
176
     0
 90
        3
176
     0
 62
     5
420
      255
176
     0
290
     0
176
     0
 90
       50
176
     0
 90
       50
176
     0
 90
       50
176
     0
290
     0
176
     0
 90
       50
176
     0
 62
   256
176
     0
 40
1.0
176
     0
 90
        2
176
     0
  1
strokes_ogs.tif
176
     0
290
     0
176
     0
 40
1.0
176
     0
 40
1.0
176
     0
  0
VISUALSTYLE
  5
37
102
{ACAD_REACTORS
330
29
102
}
330
29
100
AcDbVisualStyle
  2
Linepattern
 70
    14
177
     3
291
     1
 70
    58
 90
        2
176
     1
 90
        2
176
     1
 90
        0
176
     1
 90
        0
176
     1
 40
0.6
176
     1
 40
30.0
176
     1
 62
     7
420
 16777215
176
     1
 90
        1
176
     1
 90
        4
176
     1
 62
     7
176
     1
 62
   257
176
     1
 90
        7
176
     1
 90
        7
176
     1
 40
1.0
176
     1
 90
        8
176
     1
 62
     7
176
     1
 40
1.0
176
     1
 90
        1
176
     1
 90
        6
176
     1
 90
        2
176
     1
 62
     7
176
     1
 90
        5
176
     1
 90
        0
176
     1
 90
        0
176
     1
290
     0
176
     1
 90
        1
176
     1
 40
0.0
176
     1
 90
        0
176
     1
290
     0
176
     1
290
     1
176
     1
290
     1
176
     1
290
     0
176
     1
290
     0
176
     1
290
     0
176
     1
290
     0
176
     1
290
     0
176
     1
290
     0
176
     1
 90
       50
176
     1
 40
0.0
176
     1
 40
1.0
176
     1
 90
        0
176
     1
 62
    18
420
        0
176
     1
 90
       50
176
     1
 90
        3
176
     1
 62
     5
420
      255
176
     1
290
     0
176
     1
 90
       50
176
     1
 90
       50
176
     1
 90
       50
176
     1
290
     0
176
     1
 90
       50
176
     1
 62
   256
176
     0
 40
1.0
176
     0
 90
        2
176
     1
  1
strokes_ogs.tif
176
     1
290
     0
176
     1
 40
1.0
176
     1
 40
1.0
176
     1
  0
VISUALSTYLE
  5
40
102
{ACAD_REACTORS
330
29
102
}
330
29
100
AcDbVisualStyle
  2
OverhangOff
 70
    21
177
     3
291
     1
 70
    58
 90
        2
176
     0
 90
        2
176
     0
 90
        0
176
     0
 90
        0
176
     0
 40
0.6
176
     0
 40
30.0
176
     0
 62
     7
420
 16777215
176
     0
 90
        1
176
     0
 90
        4
176
     0
 62
     7
176
     0
 62
   257
176
     0
 90
        1
176
     0
 90
        1
176
     0
 40
1.0
176
     0
 90
        9
176
     2
 62
     7
176
     0
 40
1.0
176
     0
 90
        1
176
     0
 90
        6
176
     0
 90
        2
176
     0
 62
     7
176
     0
 90
        5
176
     0
 90
        0
176
     0
 90
        0
176
     0
290
     0
176
     0
 90
        1
176
     0
 40
0.0
176
     0
 90
        0
176
     0
290
     0
176
     0
290
     1
176
     0
290
     1
176
     0
290
     0
176
     0
290
     0
176
     0
290
     0
176
     0
290
     0
176
     0
290
     0
176
     0
290
     0
176
     0
 90
       50
176
     0
 40
0.0
176
     0
 40
1.0
176
     0
 90
        0
176
     0
 62
    18
420
        0
176
     0
 90
       50
176
     0
 90
        3
176
     0
 62
     5
420
      255
176
     0
290
     0
176
     0
 90
       50
176
     0
 90
       50
176
     0
 90
       50
176
     0
290
     0
176
     0
 90
       50
176
     0
 62
   256
176
     0
 40
1.0
176
     0
 90
        2
176
     0
  1
strokes_ogs.tif
176
     0
290
     0
176
     0
 40
1.0
176
     0
 40
1.0
176
     0
  0
VISUALSTYLE
  5
33
102
{ACAD_REACTORS
330
29
102
}
330
29
100
AcDbVisualStyle
  2
Realistic
 70
     8
177
     3
291
     0
 70
    58
 90
        2
176
     1
 90
        3
176
     1
 90
        0
176
     1
 90
        2
176
     1
 40
0.6
176
     1
 40
30.0
176
     1
 62
     7
420
 16777215
176
     1
 90
        0
176
     1
 90
        0
176
     1
 62
     7
176
     1
 62
   257
176
     1
 90
        1
176
     1
 90
        1
176
     1
 40
1.0
176
     1
 90
        8
176
     1
 62
   257
176
     1
 40
1.0
176
     1
 90
        1
176
     1
 90
        6
176
     1
 90
        2
176
     1
 62
     7
176
     1
 90
        3
176
     1
 90
        0
176
     1
 90
        0
176
     1
290
     0
176
     1
 90
       13
176
     1
 40
0.0
176
     1
 90
        0
176
     1
290
     0
176
     1
290
     1
176
     1
290
     1
176
     1
290
     0
176
     1
290
     0
176
     1
290
     0
176
     1
290
     0
176
     1
290
     0
176
     1
290
     0
176
     1
 90
       50
176
     1
 40
0.0
176
     1
 40
1.0
176
     1
 90
        0
176
     1
 62
    18
420
        0
176
     1
 90
       50
176
     1
 90
        3
176
     1
 62
     5
420
      255
176
     1
290
     0
176
     1
 90
       50
176
     1
 90
       50
176
     1
 90
       50
176
     1
290
     0
176
     1
 90
       50
176
     1
 62
   256
176
     0
 40
1.0
176
     0
 90
        2
176
     1
  1
strokes_ogs.tif
176
     1
290
     0
176
     1
 40
1.0
176
     1
 40
1.0
176
     1
  0
VISUALSTYLE
  5
3E
102
{ACAD_REACTORS
330
29
102
}
330
29
100
AcDbVisualStyle
  2
Shaded
 70
    27
177
     3
291
     0
 70
    58
 90
        2
176
     1
 90
        2
176
     1
 90
        1
176
     1
 90
        2
176
     1
 40
0.6
176
     1
 40
30.0
176
     1
 62
     7
420
 16777215
176
     1
 90
        0
176
     1
 90
        4
176
     1
 62
     7
176
     1
 62
   257
176
     1
 90
        1
176
     1
 90
        1
176
     1
 40
1.0
176
     1
 90
        8
176
     1
 62
   257
176
     1
 40
1.0
176
     1
 90
        1
176
     1
 90
        6
176
     1
 90
        2
176
     1
 62
     8
420
  7895160
176
     1
 90
        3
176
     1
 90
        0
176
     1
 90
        0
176
     1
290
     0
176
     1
 90
        5
176
     1
 40
0.0
176
     1
 90
        0
176
     1
290
     0
176
     1
290
     1
176
     1
290
     1
176
     1
290
     0
176
     1
290
     0
176
     1
290
     0
176
     1
290
     0
176
     1
290
     0
176
     1
290
     0
176
     1
 90
       50
176
     1
 40
0.0
176
     1
 40
1.0
176
     1
 90
        0
176
     1
 62
    18
420
        0
176
     1
 90
       50
176
     1
 90
        3
176
     1
 62
     5
420
      255
176
     1
290
     0
176
     1
 90
       50
176
     1
 90
       50
176
     1
 90
       50
176
     1
290
     0
176
     1
 90
       50
176
     1
 62
   256
176
     0
 40
1.0
176
     0
 90
        2
176
     1
  1
strokes_ogs.tif
176
     1
290
     0
176
     1
 40
1.0
176
     1
 40
1.0
176
     1
  0
VISUALSTYLE
  5
3D
102
{ACAD_REACTORS
330
29
102
}
330
29
100
AcDbVisualStyle
  2
Shaded with edges
 70
    26
177
     3
291
     0
 70
    58
 90
        2
176
     1
 90
        2
176
     1
 90
        1
176
     1
 90
        2
176
     1
 40
0.6
176
     1
 40
30.0
176
     1
 62
     7
420
 16777215
176
     1
 90
        1
176
     1
 90
        2
176
     1
 62
     7
176
     1
 62
   257
176
     1
 90
        2
176
     1
 90
        1
176
     1
 40
1.0
176
     1
 90
        8
176
     1
 62
   257
176
     1
 40
1.0
176
     1
 90
        1
176
     1
 90
        6
176
     1
 90
        2
176
     1
 62
     7
176
     1
 90
        3
176
     1
 90
        0
176
     1
 90
        0
176
     1
290
     0
176
     1
 90
        5
176
     1
 40
0.0
176
     1
 90
        0
176
     1
290
     0
176
     1
290
     1
176
     1
290
     1
176
     1
290
     0
176
     1
290
     0
176
     1
290
     0
176
     1
290
     0
176
     1
290
     0
176
     1
290
     0
176
     1
 90
       50
176
     1
 40
0.0
176
     1
 40
1.0
176
     1
 90
        0
176
     1
 62
    18
420
        0
176
     1
 90
       50
176
     1
 90
        3
176
     1
 62
     5
420
      255
176
     1
290
     0
176
     1
 90
       50
176
     1
 90
       50
176
     1
 90
       50
176
     1
290
     0
176
     1
 90
       50
176
     1
 62
   256
176
     0
 40
1.0
176
     0
 90
        2
176
     1
  1
strokes_ogs.tif
176
     1
290
     0
176
     1
 40
1.0
176
     1
 40
1.0
176
     1
  0
VISUALSTYLE
  5
3A
102
{ACAD_REACTORS
330
29
102
}
330
29
100
AcDbVisualStyle
  2
Shades of Gray
 70
    23
177
     3
291
     0
 70
    58
 90
        2
176
     1
 90
        2
176
     1
 90
        3
176
     1
 90
        0
176
     1
 40
0.6
176
     1
 40
30.0
176
     1
 62
     7
420
 16777215
176
     1
 90
        2
176
     1
 90
        2
176
     1
 62
     7
176
     1
 62
     7
176
     1
 90
        1
176
     1
 90
        1
176
     1
 40
40.0
176
     1
 90
        8
176
     1
 62
     7
176
     1
 40
1.0
176
     1
 90
        1
176
     1
 90
        6
176
     1
 90
        2
176
     1
 62
     7
176
     1
 90
        3
176
     1
 90
        0
176
     1
 90
        0
176
     1
290
     0
176
     1
 90
        1
176
     1
 40
0.0
176
     1
 90
        0
176
     1
290
     0
176
     1
290
     1
176
     1
290
     1
176
     1
290
     0
176
     1
290
     0
176
     1
290
     0
176
     1
290
     0
176
     1
290
     0
176
     1
290
     0
176
     1
 90
       50
176
     1
 40
0.0
176
     1
 40
1.0
176
     1
 90
        0
176
     1
 62
    18
420
        0
176
     1
 90
       50
176
     1
 90
        3
176
     1
 62
     5
420
      255
176
     1
290
     0
176
     1
 90
       50
176
     1
 90
       50
176
     1
 90
       50
176
     1
290
     0
176
     1
 90
       50
176
     1
 62
   256
176
     0
 40
1.0
176
     0
 90
        2
176
     1
  1
strokes_ogs.tif
176
     1
290
     0
176
     1
 40
1.0
176
     1
 40
1.0
176
     1
  0
VISUALSTYLE
  5
3B
102
{ACAD_REACTORS
330
29
102
}
330
29
100
AcDbVisualStyle
  2
Sketchy
 70
    24
177
     3
291
     0
 70
    58
 90
        1
176
     1
 90
        2
176
     1
 90
        2
176
     1
 90
        0
176
     1
 40
0.6
176
     1
 40
30.0
176
     1
 62
     7
420
 16777215
176
     1
 90
        2
176
     1
 90
        2
176
     1
 62
     7
176
     1
 62
     7
176
     1
 90
        1
176
     1
 90
        1
176
     1
 40
40.0
176
     1
 90
       11
176
     1
 62
     7
176
     1
 40
1.0
176
     1
 90
        1
176
     1
 90
        6
176
     1
 90
        2
176
     1
 62
     7
176
     1
 90
        6
176
     1
 90
        0
176
     1
 90
        0
176
     1
290
     0
176
     1
 90
        1
176
     1
 40
0.0
176
     1
 90
        0
176
     1
290
     0
176
     1
290
     1
176
     1
290
     1
176
     1
290
     0
176
     1
290
     0
176
     1
290
     0
176
     1
290
     0
176
     1
290
     0
176
     1
290
     0
176
     1
 90
       50
176
     1
 40
0.0
176
     1
 40
1.0
176
     1
 90
        0
176
     1
 62
    18
420
        0
176
     1
 90
       50
176
     1
 90
        3
176
     1
 62
     5
420
      255
176
     1
290
     0
176
     1
 90
       50
176
     1
 90
       50
176
     1
 90
       50
176
     1
290
     0
176
     1
 90
       50
176
     1
 62
   256
176
     0
 40
1.0
176
     0
 90
        2
176
     1
  1
strokes_ogs.tif
176
     1
290
     0
176
     1
 40
1.0
176
     1
 40
1.0
176
     1
  0
VISUALSTYLE
  5
36
102
{ACAD_REACTORS
330
29
102
}
330
29
100
AcDbVisualStyle
  2
Thicken
 70
    13
177
     3
291
     1
 70
    58
 90
        2
176
     1
 90
        2
176
     1
 90
        0
176
     1
 90
        0
176
     1
 40
0.6
176
     1
 40
30.0
176
     1
 62
     7
420
 16777215
176
     1
 90
        1
176
     1
 90
        4
176
     1
 62
     7
176
     1
 62
   257
176
     1
 90
        1
176
     1
 90
        1
176
     1
 40
1.0
176
     1
 90
       12
176
     1
 62
     7
176
     1
 40
1.0
176
     1
 90
        1
176
     1
 90
        6
176
     1
 90
        2
176
     1
 62
     7
176
     1
 90
        5
176
     1
 90
        0
176
     1
 90
        0
176
     1
290
     0
176
     1
 90
        1
176
     1
 40
0.0
176
     1
 90
        0
176
     1
290
     0
176
     1
290
     1
176
     1
290
     1
176
     1
290
     0
176
     1
290
     0
176
     1
290
     0
176
     1
290
     0
176
     1
290
     0
176
     1
290
     0
176
     1
 90
       50
176
     1
 40
0.0
176
     1
 40
1.0
176
     1
 90
        0
176
     1
 62
    18
420
        0
176
     1
 90
       50
176
     1
 90
        3
176
     1
 62
     5
420
      255
176
     1
290
     0
176
     1
 90
       50
176
     1
 90
       50
176
     1
 90
       50
176
     1
290
     0
176
     1
 90
       50
176
     1
 62
   256
176
     0
 40
1.0
176
     0
 90
        2
176
     1
  1
strokes_ogs.tif
176
     1
290
     0
176
     1
 40
1.0
176
     1
 40
1.0
176
     1
  0
VISUALSTYLE
  5
30
102
{ACAD_REACTORS
330
29
102
}
330
29
100
AcDbVisualStyle
  2
Wireframe
 70
     5
177
     3
291
     0
 70
    58
 90
        0
176
     1
 90
        2
176
     1
 90
        0
176
     1
 90
        0
176
     1
 40
0.6
176
     1
 40
30.0
176
     1
 62
     7
420
 16777215
176
     1
 90
        1
176
     1
 90
        4
176
     1
 62
     7
176
     1
 62
   257
176
     1
 90
        1
176
     1
 90
        1
176
     1
 40
1.0
176
     1
 90
        0
176
     1
 62
   257
176
     1
 40
1.0
176
     1
 90
        1
176
     1
 90
        6
176
     1
 90
        2
176
     1
 62
     7
176
     1
 90
        3
176
     1
 90
        0
176
     1
 90
        0
176
     1
290
     0
176
     1
 90
        1
176
     1
 40
0.0
176
     1
 90
        0
176
     1
290
     0
176
     1
290
     1
176
     1
290
     1
176
     1
290
     0
176
     1
290
     0
176
     1
290
     0
176
     1
290
     0
176
     1
290
     0
176
     1
290
     0
176
     1
 90
       50
176
     1
 40
0.0
176
     1
 40
1.0
176
     1
 90
        0
176
     1
 62
    18
420
        0
176
     1
 90
       50
176
     1
 90
        3
176
     1
 62
     5
420
      255
176
     1
290
     0
176
     1
 90
       50
176
     1
 90
       50
176
     1
 90
       50
176
     1
290
     0
176
     1
 90
       50
176
     1
 62
   256
176
     0
 40
1.0
176
     0
 90
        2
176
     1
  1
strokes_ogs.tif
176
     1
290
     0
176
     1
 40
1.0
176
     1
 40
1.0
176
     1
  0
VISUALSTYLE
  5
3C
102
{ACAD_REACTORS
330
29
102
}
330
29
100
AcDbVisualStyle
  2
X-Ray
 70
    25
177
     3
291
     0
 70
    58
 90
        2
176
     1
 90
        2
176
     1
 90
        1
176
     1
 90
        1
176
     1
 40
0.5
176
     1
 40
30.0
176
     1
 62
     7
420
 16777215
176
     1
 90
        1
176
     1
 90
        0
176
     1
 62
     7
176
     1
 62
   257
176
     1
 90
        1
176
     1
 90
        1
176
     1
 40
1.0
176
     1
 90
        8
176
     1
 62
     7
176
     1
 40
1.0
176
     1
 90
        1
176
     1
 90
        6
176
     1
 90
        2
176
     1
 62
     7
176
     1
 90
        3
176
     1
 90
        0
176
     1
 90
        0
176
     1
290
     0
176
     1
 90
       13
176
     1
 40
0.0
176
     1
 90
        0
176
     1
290
     0
176
     1
290
     1
176
     1
290
     1
176
     1
290
     0
176
     1
290
     0
176
     1
290
     0
176
     1
290
     0
176
     1
290
     0
176
     1
290
     0
176
     1
 90
       50
176
     1
 40
0.0
176
     1
 40
1.0
176
     1
 90
        0
176
     1
 62
    18
420
        0
176
     1
 90
       50
176
     1
 90
        3
176
     1
 62
     5
420
      255
176
     1
290
     0
176
     1
 90
       50
176
     1
 90
       50
176
     1
 90
       50
176
     1
290
     0
176
     1
 90
       50
176
     1
 62
   256
176
     0
 40
1.0
176
     0
 90
        2
176
     1
  1
strokes_ogs.tif
176
     1
290
     0
176
     1
 40
1.0
176
     1
 40
1.0
176
     1
  0
DICTIONARYVAR
  5
9466
102
{ACAD_REACTORS
330
78
102
}
330
78
100
DictionaryVariables
280
     0
  1
1:1
  0
DICTIONARYVAR
  5
79
102
{ACAD_REACTORS
330
78
102
}
330
78
100
DictionaryVariables
280
     0
  1
3.500000
  0
DICTIONARYVAR
  5
7A
102
{ACAD_REACTORS
330
78
102
}
330
78
100
DictionaryVariables
280
     0
  1
acadiso.lin
  0
DICTIONARYVAR
  5
9463
102
{ACAD_REACTORS
330
78
102
}
330
78
100
DictionaryVariables
280
     0
  1
STANDARD
  0
DICTIONARYVAR
  5
9462
102
{ACAD_REACTORS
330
78
102
}
330
78
100
DictionaryVariables
280
     0
  1
STANDARD
  0
DICTIONARYVAR
  5
9464
102
{ACAD_REACTORS
330
78
102
}
330
78
100
DictionaryVariables
280
     0
  1
Metric50
  0
DICTIONARYVAR
  5
9465
102
{ACAD_REACTORS
330
78
102
}
330
78
100
DictionaryVariables
280
     0
  1
Metric50
  0
DICTIONARYVAR
  5
A3ED
102
{ACAD_REACTORS
330
78
102
}
330
78
100
DictionaryVariables
280
     0
  1
RGB:255,255,255
  0
DICTIONARYVAR
  5
A3EC
102
{ACAD_REACTORS
330
78
102
}
330
78
100
DictionaryVariables
280
     0
  1
ByLayer
  0
TABLECONTENT
  5
CF9D
330
D018
100
AcDbLinkedData
  1

300

100
AcDbLinkedTableData
 90
        4
300
COLUMN
  1
LINKEDTABLEDATACOLUMN_BEGIN
300

 91
        0
301
CUSTOMDATA
  1
DATAMAP_BEGIN
 90
        0
309
DATAMAP_END
309
LINKEDTABLEDATACOLUMN_END
  1
FORMATTEDTABLEDATACOLUMN_BEGIN
300
COLUMNTABLEFORMAT
  1
TABLEFORMAT_BEGIN
 90
        3
170
     0
309
TABLEFORMAT_END
309
FORMATTEDTABLEDATACOLUMN_END
  1
TABLECOLUMN_BEGIN
 90
        0
 40
159.406720376475
309
TABLECOLUMN_END
300
COLUMN
  1
LINKEDTABLEDATACOLUMN_BEGIN
300

 91
        0
301
CUSTOMDATA
  1
DATAMAP_BEGIN
 90
        0
309
DATAMAP_END
309
LINKEDTABLEDATACOLUMN_END
  1
FORMATTEDTABLEDATACOLUMN_BEGIN
300
COLUMNTABLEFORMAT
  1
TABLEFORMAT_BEGIN
 90
        3
170
     0
309
TABLEFORMAT_END
309
FORMATTEDTABLEDATACOLUMN_END
  1
TABLECOLUMN_BEGIN
 90
        0
 40
159.406720376475
309
TABLECOLUMN_END
300
COLUMN
  1
LINKEDTABLEDATACOLUMN_BEGIN
300

 91
        0
301
CUSTOMDATA
  1
DATAMAP_BEGIN
 90
        0
309
DATAMAP_END
309
LINKEDTABLEDATACOLUMN_END
  1
FORMATTEDTABLEDATACOLUMN_BEGIN
300
COLUMNTABLEFORMAT
  1
TABLEFORMAT_BEGIN
 90
        3
170
     0
309
TABLEFORMAT_END
309
FORMATTEDTABLEDATACOLUMN_END
  1
TABLECOLUMN_BEGIN
 90
        0
 40
159.406720376475
309
TABLECOLUMN_END
300
COLUMN
  1
LINKEDTABLEDATACOLUMN_BEGIN
300

 91
        0
301
CUSTOMDATA
  1
DATAMAP_BEGIN
 90
        0
309
DATAMAP_END
309
LINKEDTABLEDATACOLUMN_END
  1
FORMATTEDTABLEDATACOLUMN_BEGIN
300
COLUMNTABLEFORMAT
  1
TABLEFORMAT_BEGIN
 90
        3
170
     0
309
TABLEFORMAT_END
309
FORMATTEDTABLEDATACOLUMN_END
  1
TABLECOLUMN_BEGIN
 90
        0
 40
159.406720376475
309
TABLECOLUMN_END
 91
       21
301
ROW
  1
LINKEDTABLEDATAROW_BEGIN
 90
        4
300
CELL
  1
LINKEDTABLEDATACELL_BEGIN
 90
        0
300

 91
        0
301
CUSTOMDATA
  1
DATAMAP_BEGIN
 90
        1
300
ACAD_ROUNDTRIP_2008_CELL_CHECKSUM
301
DATAMAP_VALUE
 93
        2
 90
        2
140
6996.0
 94
        0
300

302

304
ACVALUE_END
309
DATAMAP_END
 92
        0
 95
        1
302
CONTENT
  1
CELLCONTENT_BEGIN
 90
        1
300
VALUE
 93
        6
 90
        4
  1
PLAN DE CABLES
 94
        0
300

302
PLAN DE CABLES
304
ACVALUE_END
 91
        0
309
CELLCONTENT_END
  1
FORMATTEDCELLCONTENT_BEGIN
170
     1
300
CONTENTFORMAT
  1
CONTENTFORMAT_BEGIN
 90
        3
 91
        0
 92
        4
 93
        0
300

 40
0.0
140
1.0
 94
        1
 62
     0
340
55
144
6.0
309
CONTENTFORMAT_END
309
FORMATTEDCELLCONTENT_END
309
LINKEDTABLEDATACELL_END
  1
FORMATTEDTABLEDATACELL_BEGIN
300
CELLTABLEFORMAT
  1
TABLEFORMAT_BEGIN
 90
        1
170
     1
 91
   408576
 92
        0
 62
   257
 93
        1
300
CONTENTFORMAT
  1
CONTENTFORMAT_BEGIN
 90
        0
 91
        0
 92
      512
 93
        0
300

 40
0.0
140
1.0
 94
        5
 62
     0
340
0
144
0.18
309
CONTENTFORMAT_END
171
     1
301
MARGIN
  1
CELLMARGIN_BEGIN
 40
3.152761065069776
 40
3.152761065069776
 40
3.152761065069776
 40
3.152761065069776
 40
9.458283195209327
 40
9.458283195209327
309
CELLMARGIN_END
 94
        0
309
TABLEFORMAT_END
309
FORMATTEDTABLEDATACELL_END
  1
TABLECELL_BEGIN
 90
        0
 91
        0
309
TABLECELL_END
300
CELL
  1
LINKEDTABLEDATACELL_BEGIN
 90
        0
300

 91
        0
301
CUSTOMDATA
  1
DATAMAP_BEGIN
 90
        1
300
ACAD_ROUNDTRIP_2008_CELL_CHECKSUM
301
DATAMAP_VALUE
 93
        2
 90
        2
140
0.0
 94
        0
300

302

304
ACVALUE_END
309
DATAMAP_END
 92
        0
 95
        0
309
LINKEDTABLEDATACELL_END
  1
FORMATTEDTABLEDATACELL_BEGIN
300
CELLTABLEFORMAT
  1
TABLEFORMAT_BEGIN
 90
        1
170
     0
309
TABLEFORMAT_END
309
FORMATTEDTABLEDATACELL_END
  1
TABLECELL_BEGIN
 90
        0
 91
        0
309
TABLECELL_END
300
CELL
  1
LINKEDTABLEDATACELL_BEGIN
 90
        0
300

 91
        0
301
CUSTOMDATA
  1
DATAMAP_BEGIN
 90
        1
300
ACAD_ROUNDTRIP_2008_CELL_CHECKSUM
301
DATAMAP_VALUE
 93
        2
 90
        2
140
0.0
 94
        0
300

302

304
ACVALUE_END
309
DATAMAP_END
 92
        0
 95
        0
309
LINKEDTABLEDATACELL_END
  1
FORMATTEDTABLEDATACELL_BEGIN
300
CELLTABLEFORMAT
  1
TABLEFORMAT_BEGIN
 90
        1
170
     0
309
TABLEFORMAT_END
309
FORMATTEDTABLEDATACELL_END
  1
TABLECELL_BEGIN
 90
        0
 91
        0
309
TABLECELL_END
300
CELL
  1
LINKEDTABLEDATACELL_BEGIN
 90
        0
300

 91
        0
301
CUSTOMDATA
  1
DATAMAP_BEGIN
 90
        1
300
ACAD_ROUNDTRIP_2008_CELL_CHECKSUM
301
DATAMAP_VALUE
 93
        2
 90
        2
140
0.0
 94
        0
300

302

304
ACVALUE_END
309
DATAMAP_END
 92
        0
 95
        0
309
LINKEDTABLEDATACELL_END
  1
FORMATTEDTABLEDATACELL_BEGIN
300
CELLTABLEFORMAT
  1
TABLEFORMAT_BEGIN
 90
        1
170
     0
309
TABLEFORMAT_END
309
FORMATTEDTABLEDATACELL_END
  1
TABLECELL_BEGIN
 90
        0
 91
        0
309
TABLECELL_END
 91
        0
301
CUSTOMDATA
  1
DATAMAP_BEGIN
 90
        0
309
DATAMAP_END
309
LINKEDTABLEDATAROW_END
  1
FORMATTEDTABLEDATAROW_BEGIN
300
ROWTABLEFORMAT
  1
TABLEFORMAT_BEGIN
 90
        2
170
     1
 91
      128
 92
        0
 62
   257
 93
        1
300
CONTENTFORMAT
  1
CONTENTFORMAT_BEGIN
 90
        0
 91
        0
 92
      512
 93
        0
300

 40
0.0
140
1.0
 94
        1
 62
     0
340
0
144
12.6110442602791
309
CONTENTFORMAT_END
171
     0
 94
        0
309
TABLEFORMAT_END
309
FORMATTEDTABLEDATAROW_END
  1
TABLEROW_BEGIN
 90
        1
 40
29.25534414750186
309
TABLEROW_END
301
ROW
  1
LINKEDTABLEDATAROW_BEGIN
 90
        4
300
CELL
  1
LINKEDTABLEDATACELL_BEGIN
 90
        0
300

 91
        0
301
CUSTOMDATA
  1
DATAMAP_BEGIN
 90
        1
300
ACAD_ROUNDTRIP_2008_CELL_CHECKSUM
301
DATAMAP_VALUE
 93
        2
 90
        2
140
8372.0
 94
        0
300

302

304
ACVALUE_END
309
DATAMAP_END
 92
        0
 95
        1
302
CONTENT
  1
CELLCONTENT_BEGIN
 90
        1
300
VALUE
 93
        6
 90
        4
  1
Descripción
 94
        0
300

302
Descripción
304
ACVALUE_END
 91
        0
309
CELLCONTENT_END
  1
FORMATTEDCELLCONTENT_BEGIN
170
     1
300
CONTENTFORMAT
  1
CONTENTFORMAT_BEGIN
 90
        3
 91
        0
 92
        4
 93
        0
300

 40
0.0
140
1.0
 94
        1
 62
     0
340
55
144
4.5
309
CONTENTFORMAT_END
309
FORMATTEDCELLCONTENT_END
309
LINKEDTABLEDATACELL_END
  1
FORMATTEDTABLEDATACELL_BEGIN
300
CELLTABLEFORMAT
  1
TABLEFORMAT_BEGIN
 90
        1
170
     1
 91
   408576
 92
        0
 62
   257
 93
        1
300
CONTENTFORMAT
  1
CONTENTFORMAT_BEGIN
 90
        0
 91
        0
 92
      512
 93
        0
300

 40
0.0
140
1.0
 94
        5
 62
     0
340
0
144
0.18
309
CONTENTFORMAT_END
171
     1
301
MARGIN
  1
CELLMARGIN_BEGIN
 40
3.152761065069776
 40
3.152761065069776
 40
3.152761065069776
 40
3.152761065069776
 40
9.458283195209327
 40
9.458283195209327
309
CELLMARGIN_END
 94
        0
309
TABLEFORMAT_END
309
FORMATTEDTABLEDATACELL_END
  1
TABLECELL_BEGIN
 90
        0
 91
        0
309
TABLECELL_END
300
CELL
  1
LINKEDTABLEDATACELL_BEGIN
 90
        0
300

 91
        0
301
CUSTOMDATA
  1
DATAMAP_BEGIN
 90
        1
300
ACAD_ROUNDTRIP_2008_CELL_CHECKSUM
301
DATAMAP_VALUE
 93
        2
 90
        2
140
2292.0
 94
        0
300

302

304
ACVALUE_END
309
DATAMAP_END
 92
        0
 95
        1
302
CONTENT
  1
CELLCONTENT_BEGIN
 90
        1
300
VALUE
 93
        6
 90
        4
  1
Equipo
 94
        0
300

302
Equipo
304
ACVALUE_END
 91
        0
309
CELLCONTENT_END
  1
FORMATTEDCELLCONTENT_BEGIN
170
     1
300
CONTENTFORMAT
  1
CONTENTFORMAT_BEGIN
 90
        3
 91
        0
 92
        4
 93
        0
300

 40
0.0
140
1.0
 94
        1
 62
     0
340
55
144
4.5
309
CONTENTFORMAT_END
309
FORMATTEDCELLCONTENT_END
309
LINKEDTABLEDATACELL_END
  1
FORMATTEDTABLEDATACELL_BEGIN
300
CELLTABLEFORMAT
  1
TABLEFORMAT_BEGIN
 90
        1
170
     1
 91
   408576
 92
        0
 62
   257
 93
        1
300
CONTENTFORMAT
  1
CONTENTFORMAT_BEGIN
 90
        0
 91
        0
 92
      512
 93
        0
300

 40
0.0
140
1.0
 94
        5
 62
     0
340
0
144
0.18
309
CONTENTFORMAT_END
171
     1
301
MARGIN
  1
CELLMARGIN_BEGIN
 40
3.152761065069776
 40
3.152761065069776
 40
3.152761065069776
 40
3.152761065069776
 40
9.458283195209327
 40
9.458283195209327
309
CELLMARGIN_END
 94
        0
309
TABLEFORMAT_END
309
FORMATTEDTABLEDATACELL_END
  1
TABLECELL_BEGIN
 90
        0
 91
        0
309
TABLECELL_END
300
CELL
  1
LINKEDTABLEDATACELL_BEGIN
 90
        0
300

 91
        0
301
CUSTOMDATA
  1
DATAMAP_BEGIN
 90
        1
300
ACAD_ROUNDTRIP_2008_CELL_CHECKSUM
301
DATAMAP_VALUE
 93
        2
 90
        2
140
1492.0
 94
        0
300

302

304
ACVALUE_END
309
DATAMAP_END
 92
        0
 95
        1
302
CONTENT
  1
CELLCONTENT_BEGIN
 90
        1
300
VALUE
 93
        6
 90
        4
  1
Cable
 94
        0
300

302
Cable
304
ACVALUE_END
 91
        0
309
CELLCONTENT_END
  1
FORMATTEDCELLCONTENT_BEGIN
170
     1
300
CONTENTFORMAT
  1
CONTENTFORMAT_BEGIN
 90
        3
 91
        0
 92
        4
 93
        0
300

 40
0.0
140
1.0
 94
        1
 62
     0
340
55
144
4.5
309
CONTENTFORMAT_END
309
FORMATTEDCELLCONTENT_END
309
LINKEDTABLEDATACELL_END
  1
FORMATTEDTABLEDATACELL_BEGIN
300
CELLTABLEFORMAT
  1
TABLEFORMAT_BEGIN
 90
        1
170
     1
 91
   408576
 92
        0
 62
   257
 93
        1
300
CONTENTFORMAT
  1
CONTENTFORMAT_BEGIN
 90
        0
 91
        0
 92
      512
 93
        0
300

 40
0.0
140
1.0
 94
        5
 62
     0
340
0
144
0.18
309
CONTENTFORMAT_END
171
     1
301
MARGIN
  1
CELLMARGIN_BEGIN
 40
3.152761065069776
 40
3.152761065069776
 40
3.152761065069776
 40
3.152761065069776
 40
9.458283195209327
 40
9.458283195209327
309
CELLMARGIN_END
 94
        0
309
TABLEFORMAT_END
309
FORMATTEDTABLEDATACELL_END
  1
TABLECELL_BEGIN
 90
        0
 91
        0
309
TABLECELL_END
300
CELL
  1
LINKEDTABLEDATACELL_BEGIN
 90
        0
300

 91
        0
301
CUSTOMDATA
  1
DATAMAP_BEGIN
 90
        1
300
ACAD_ROUNDTRIP_2008_CELL_CHECKSUM
301
DATAMAP_VALUE
 93
        2
 90
        2
140
8476.0
 94
        0
300

302

304
ACVALUE_END
309
DATAMAP_END
 92
        0
 95
        1
302
CONTENT
  1
CELLCONTENT_BEGIN
 90
        1
300
VALUE
 93
        6
 90
        4
  1
Distancia [m]
 94
        0
300

302
Distancia [m]
304
ACVALUE_END
 91
        0
309
CELLCONTENT_END
  1
FORMATTEDCELLCONTENT_BEGIN
170
     1
300
CONTENTFORMAT
  1
CONTENTFORMAT_BEGIN
 90
        3
 91
        0
 92
        4
 93
        0
300

 40
0.0
140
1.0
 94
        1
 62
     0
340
55
144
4.5
309
CONTENTFORMAT_END
309
FORMATTEDCELLCONTENT_END
309
LINKEDTABLEDATACELL_END
  1
FORMATTEDTABLEDATACELL_BEGIN
300
CELLTABLEFORMAT
  1
TABLEFORMAT_BEGIN
 90
        1
170
     1
 91
   408576
 92
        0
 62
   257
 93
        1
300
CONTENTFORMAT
  1
CONTENTFORMAT_BEGIN
 90
        0
 91
        0
 92
      512
 93
        0
300

 40
0.0
140
1.0
 94
        5
 62
     0
340
0
144
0.18
309
CONTENTFORMAT_END
171
     1
301
MARGIN
  1
CELLMARGIN_BEGIN
 40
3.152761065069776
 40
3.152761065069776
 40
3.152761065069776
 40
3.152761065069776
 40
9.458283195209327
 40
9.458283195209327
309
CELLMARGIN_END
 94
        0
309
TABLEFORMAT_END
309
FORMATTEDTABLEDATACELL_END
  1
TABLECELL_BEGIN
 90
        0
 91
        0
309
TABLECELL_END
 91
        0
301
CUSTOMDATA
  1
DATAMAP_BEGIN
 90
        0
309
DATAMAP_END
309
LINKEDTABLEDATAROW_END
  1
FORMATTEDTABLEDATAROW_BEGIN
300
ROWTABLEFORMAT
  1
TABLEFORMAT_BEGIN
 90
        2
170
     1
 91
      128
 92
        0
 62
   257
 93
        1
300
CONTENTFORMAT
  1
CONTENTFORMAT_BEGIN
 90
        0
 91
        0
 92
      512
 93
        0
300

 40
0.0
140
1.0
 94
        1
 62
     0
340
0
144
9.458283195209327
309
CONTENTFORMAT_END
171
     0
 94
        0
309
TABLEFORMAT_END
309
FORMATTEDTABLEDATAROW_END
  1
TABLEROW_BEGIN
 90
        2
 40
25.05166272740883
309
TABLEROW_END
301
ROW
  1
LINKEDTABLEDATAROW_BEGIN
 90
        4
300
CELL
  1
LINKEDTABLEDATACELL_BEGIN
 90
        0
300

 91
        0
301
CUSTOMDATA
  1
DATAMAP_BEGIN
 90
        1
300
ACAD_ROUNDTRIP_2008_CELL_CHECKSUM
301
DATAMAP_VALUE
 93
        2
 90
        2
140
342.0
 94
        0
300

302

304
ACVALUE_END
309
DATAMAP_END
 92
        0
 95
        1
302
CONTENT
  1
CELLCONTENT_BEGIN
 90
        1
300
VALUE
 93
        6
 90
        4
  1
11A
 94
        0
300

302
11A
304
ACVALUE_END
 91
        0
309
CELLCONTENT_END
  1
FORMATTEDCELLCONTENT_BEGIN
170
     1
300
CONTENTFORMAT
  1
CONTENTFORMAT_BEGIN
 90
        3
 91
        0
 92
        4
 93
        0
300

 40
0.0
140
1.0
 94
        1
 62
     0
340
55
144
4.5
309
CONTENTFORMAT_END
309
FORMATTEDCELLCONTENT_END
309
LINKEDTABLEDATACELL_END
  1
FORMATTEDTABLEDATACELL_BEGIN
300
CELLTABLEFORMAT
  1
TABLEFORMAT_BEGIN
 90
        1
170
     1
 91
   408576
 92
        0
 62
   257
 93
        1
300
CONTENTFORMAT
  1
CONTENTFORMAT_BEGIN
 90
        0
 91
        0
 92
      512
 93
        0
300

 40
0.0
140
1.0
 94
        2
 62
     0
340
0
144
0.18
309
CONTENTFORMAT_END
171
     1
301
MARGIN
  1
CELLMARGIN_BEGIN
 40
3.152761065069776
 40
3.152761065069776
 40
3.152761065069776
 40
3.152761065069776
 40
9.458283195209327
 40
9.458283195209327
309
CELLMARGIN_END
 94
        0
309
TABLEFORMAT_END
309
FORMATTEDTABLEDATACELL_END
  1
TABLECELL_BEGIN
 90
        0
 91
        0
309
TABLECELL_END
300
CELL
  1
LINKEDTABLEDATACELL_BEGIN
 90
        0
300

 91
        0
301
CUSTOMDATA
  1
DATAMAP_BEGIN
 90
        1
300
ACAD_ROUNDTRIP_2008_CELL_CHECKSUM
301
DATAMAP_VALUE
 93
        2
 90
        2
140
478.0
 94
        0
300

302

304
ACVALUE_END
309
DATAMAP_END
 92
        0
 95
        1
302
CONTENT
  1
CELLCONTENT_BEGIN
 90
        1
300
VALUE
 93
        6
 90
        4
  1
MdC
 94
        0
300

302
MdC
304
ACVALUE_END
 91
        0
309
CELLCONTENT_END
  1
FORMATTEDCELLCONTENT_BEGIN
170
     1
300
CONTENTFORMAT
  1
CONTENTFORMAT_BEGIN
 90
        3
 91
        0
 92
        4
 93
        0
300

 40
0.0
140
1.0
 94
        1
 62
     0
340
55
144
4.5
309
CONTENTFORMAT_END
309
FORMATTEDCELLCONTENT_END
309
LINKEDTABLEDATACELL_END
  1
FORMATTEDTABLEDATACELL_BEGIN
300
CELLTABLEFORMAT
  1
TABLEFORMAT_BEGIN
 90
        1
170
     1
 91
   408576
 92
        0
 62
   257
 93
        1
300
CONTENTFORMAT
  1
CONTENTFORMAT_BEGIN
 90
        0
 91
        0
 92
      512
 93
        0
300

 40
0.0
140
1.0
 94
        2
 62
     0
340
0
144
0.18
309
CONTENTFORMAT_END
171
     1
301
MARGIN
  1
CELLMARGIN_BEGIN
 40
3.152761065069776
 40
3.152761065069776
 40
3.152761065069776
 40
3.152761065069776
 40
9.458283195209327
 40
9.458283195209327
309
CELLMARGIN_END
 94
        0
309
TABLEFORMAT_END
309
FORMATTEDTABLEDATACELL_END
  1
TABLECELL_BEGIN
 90
        0
 91
        0
309
TABLECELL_END
300
CELL
  1
LINKEDTABLEDATACELL_BEGIN
 90
        0
300

 91
        0
301
CUSTOMDATA
  1
DATAMAP_BEGIN
 90
        1
300
ACAD_ROUNDTRIP_2008_CELL_CHECKSUM
301
DATAMAP_VALUE
 93
        2
 90
        2
140
13874.0
 94
        0
300

302

304
ACVALUE_END
309
DATAMAP_END
 92
        0
 95
        1
302
CONTENT
  1
CELLCONTENT_BEGIN
 90
        1
300
VALUE
 93
        6
 90
        4
  1
3x10 {\C256;+ 7x1,5}
 94
        0
300

302
3x10 {\C256;+ 7x1,5}
304
ACVALUE_END
 91
        0
309
CELLCONTENT_END
  1
FORMATTEDCELLCONTENT_BEGIN
170
     1
300
CONTENTFORMAT
  1
CONTENTFORMAT_BEGIN
 90
        3
 91
        0
 92
        4
 93
        0
300

 40
0.0
140
1.0
 94
        1
 62
     0
340
55
144
4.5
309
CONTENTFORMAT_END
309
FORMATTEDCELLCONTENT_END
309
LINKEDTABLEDATACELL_END
  1
FORMATTEDTABLEDATACELL_BEGIN
300
CELLTABLEFORMAT
  1
TABLEFORMAT_BEGIN
 90
        1
170
     1
 91
   408576
 92
        0
 62
   257
 93
        1
300
CONTENTFORMAT
  1
CONTENTFORMAT_BEGIN
 90
        0
 91
        0
 92
      512
 93
        0
300

 40
0.0
140
1.0
 94
        2
 62
     0
340
0
144
0.18
309
CONTENTFORMAT_END
171
     1
301
MARGIN
  1
CELLMARGIN_BEGIN
 40
3.152761065069776
 40
3.152761065069776
 40
3.152761065069776
 40
3.152761065069776
 40
9.458283195209327
 40
9.458283195209327
309
CELLMARGIN_END
 94
        0
309
TABLEFORMAT_END
309
FORMATTEDTABLEDATACELL_END
  1
TABLECELL_BEGIN
 90
        0
 91
        0
309
TABLECELL_END
300
CELL
  1
LINKEDTABLEDATACELL_BEGIN
 90
        0
300

 91
        0
301
CUSTOMDATA
  1
DATAMAP_BEGIN
 90
        1
300
ACAD_ROUNDTRIP_2008_CELL_CHECKSUM
301
DATAMAP_VALUE
 93
        2
 90
        2
140
292.0
 94
        0
300

302

304
ACVALUE_END
309
DATAMAP_END
 92
        0
 95
        1
302
CONTENT
  1
CELLCONTENT_BEGIN
 90
        1
300
VALUE
 93
        4
 90
        1
 91
      400
 94
        0
300
%ds[\,]
302
400
304
ACVALUE_END
 91
        0
309
CELLCONTENT_END
  1
FORMATTEDCELLCONTENT_BEGIN
170
     1
300
CONTENTFORMAT
  1
CONTENTFORMAT_BEGIN
 90
        3
 91
        0
 92
        1
 93
        0
300
%ds[\,]
 40
0.0
140
1.0
 94
        1
 62
     0
340
55
144
4.5
309
CONTENTFORMAT_END
309
FORMATTEDCELLCONTENT_END
309
LINKEDTABLEDATACELL_END
  1
FORMATTEDTABLEDATACELL_BEGIN
300
CELLTABLEFORMAT
  1
TABLEFORMAT_BEGIN
 90
        1
170
     1
 91
   408592
 92
        0
 62
   257
 93
        1
300
CONTENTFORMAT
  1
CONTENTFORMAT_BEGIN
 90
        0
 91
        0
 92
      512
 93
        0
300

 40
0.0
140
1.0
 94
        3
 62
     0
340
0
144
0.18
309
CONTENTFORMAT_END
171
     1
301
MARGIN
  1
CELLMARGIN_BEGIN
 40
3.152761065069776
 40
3.152761065069776
 40
3.152761065069776
 40
3.152761065069776
 40
9.458283195209327
 40
9.458283195209327
309
CELLMARGIN_END
 94
        0
309
TABLEFORMAT_END
309
FORMATTEDTABLEDATACELL_END
  1
TABLECELL_BEGIN
 90
        0
 91
        0
309
TABLECELL_END
 91
        0
301
CUSTOMDATA
  1
DATAMAP_BEGIN
 90
        0
309
DATAMAP_END
309
LINKEDTABLEDATAROW_END
  1
FORMATTEDTABLEDATAROW_BEGIN
300
ROWTABLEFORMAT
  1
TABLEFORMAT_BEGIN
 90
        2
170
     1
 91
      128
 92
        0
 62
   257
 93
        1
300
CONTENTFORMAT
  1
CONTENTFORMAT_BEGIN
 90
        0
 91
        0
 92
      512
 93
        0
300

 40
0.0
140
1.0
 94
        1
 62
     0
340
0
144
9.458283195209327
309
CONTENTFORMAT_END
171
     0
 94
        0
309
TABLEFORMAT_END
309
FORMATTEDTABLEDATAROW_END
  1
TABLEROW_BEGIN
 90
        3
 40
25.05166272740883
309
TABLEROW_END
301
ROW
  1
LINKEDTABLEDATAROW_BEGIN
 90
        4
300
CELL
  1
LINKEDTABLEDATACELL_BEGIN
 90
        0
300

 91
        0
301
CUSTOMDATA
  1
DATAMAP_BEGIN
 90
        1
300
ACAD_ROUNDTRIP_2008_CELL_CHECKSUM
301
DATAMAP_VALUE
 93
        2
 90
        2
140
345.0
 94
        0
300

302

304
ACVALUE_END
309
DATAMAP_END
 92
        0
 95
        1
302
CONTENT
  1
CELLCONTENT_BEGIN
 90
        1
300
VALUE
 93
        6
 90
        4
  1
11B
 94
        0
300

302
11B
304
ACVALUE_END
 91
        0
309
CELLCONTENT_END
  1
FORMATTEDCELLCONTENT_BEGIN
170
     1
300
CONTENTFORMAT
  1
CONTENTFORMAT_BEGIN
 90
        3
 91
        0
 92
        4
 93
        0
300

 40
0.0
140
1.0
 94
        1
 62
     0
340
55
144
4.5
309
CONTENTFORMAT_END
309
FORMATTEDCELLCONTENT_END
309
LINKEDTABLEDATACELL_END
  1
FORMATTEDTABLEDATACELL_BEGIN
300
CELLTABLEFORMAT
  1
TABLEFORMAT_BEGIN
 90
        1
170
     1
 91
   408576
 92
        0
 62
   257
 93
        1
300
CONTENTFORMAT
  1
CONTENTFORMAT_BEGIN
 90
        0
 91
        0
 92
      512
 93
        0
300

 40
0.0
140
1.0
 94
        2
 62
     0
340
0
144
0.18
309
CONTENTFORMAT_END
171
     1
301
MARGIN
  1
CELLMARGIN_BEGIN
 40
3.152761065069776
 40
3.152761065069776
 40
3.152761065069776
 40
3.152761065069776
 40
9.458283195209327
 40
9.458283195209327
309
CELLMARGIN_END
 94
        0
309
TABLEFORMAT_END
309
FORMATTEDTABLEDATACELL_END
  1
TABLECELL_BEGIN
 90
        0
 91
        0
309
TABLECELL_END
300
CELL
  1
LINKEDTABLEDATACELL_BEGIN
 90
        0
300

 91
        0
301
CUSTOMDATA
  1
DATAMAP_BEGIN
 90
        1
300
ACAD_ROUNDTRIP_2008_CELL_CHECKSUM
301
DATAMAP_VALUE
 93
        2
 90
        2
140
478.0
 94
        0
300

302

304
ACVALUE_END
309
DATAMAP_END
 92
        0
 95
        1
302
CONTENT
  1
CELLCONTENT_BEGIN
 90
        1
300
VALUE
 93
        6
 90
        4
  1
MdC
 94
        0
300

302
MdC
304
ACVALUE_END
 91
        0
309
CELLCONTENT_END
  1
FORMATTEDCELLCONTENT_BEGIN
170
     1
300
CONTENTFORMAT
  1
CONTENTFORMAT_BEGIN
 90
        3
 91
        0
 92
        4
 93
        0
300

 40
0.0
140
1.0
 94
        1
 62
     0
340
55
144
4.5
309
CONTENTFORMAT_END
309
FORMATTEDCELLCONTENT_END
309
LINKEDTABLEDATACELL_END
  1
FORMATTEDTABLEDATACELL_BEGIN
300
CELLTABLEFORMAT
  1
TABLEFORMAT_BEGIN
 90
        1
170
     1
 91
   408576
 92
        0
 62
   257
 93
        1
300
CONTENTFORMAT
  1
CONTENTFORMAT_BEGIN
 90
        0
 91
        0
 92
      512
 93
        0
300

 40
0.0
140
1.0
 94
        2
 62
     0
340
0
144
0.18
309
CONTENTFORMAT_END
171
     1
301
MARGIN
  1
CELLMARGIN_BEGIN
 40
3.152761065069776
 40
3.152761065069776
 40
3.152761065069776
 40
3.152761065069776
 40
9.458283195209327
 40
9.458283195209327
309
CELLMARGIN_END
 94
        0
309
TABLEFORMAT_END
309
FORMATTEDTABLEDATACELL_END
  1
TABLECELL_BEGIN
 90
        0
 91
        0
309
TABLECELL_END
300
CELL
  1
LINKEDTABLEDATACELL_BEGIN
 90
        0
300

 91
        0
301
CUSTOMDATA
  1
DATAMAP_BEGIN
 90
        1
300
ACAD_ROUNDTRIP_2008_CELL_CHECKSUM
301
DATAMAP_VALUE
 93
        2
 90
        2
140
13600.0
 94
        0
300

302

304
ACVALUE_END
309
DATAMAP_END
 92
        0
 95
        1
302
CONTENT
  1
CELLCONTENT_BEGIN
 90
        1
300
VALUE
 93
        6
 90
        4
  1
3x10{\C256; + 7x1,5}
 94
        0
300

302
3x10{\C256; + 7x1,5}
304
ACVALUE_END
 91
        0
309
CELLCONTENT_END
  1
FORMATTEDCELLCONTENT_BEGIN
170
     1
300
CONTENTFORMAT
  1
CONTENTFORMAT_BEGIN
 90
        3
 91
        0
 92
        4
 93
        0
300

 40
0.0
140
1.0
 94
        1
 62
     0
340
55
144
4.5
309
CONTENTFORMAT_END
309
FORMATTEDCELLCONTENT_END
309
LINKEDTABLEDATACELL_END
  1
FORMATTEDTABLEDATACELL_BEGIN
300
CELLTABLEFORMAT
  1
TABLEFORMAT_BEGIN
 90
        1
170
     1
 91
   408576
 92
        0
 62
   257
 93
        1
300
CONTENTFORMAT
  1
CONTENTFORMAT_BEGIN
 90
        0
 91
        0
 92
      512
 93
        0
300

 40
0.0
140
1.0
 94
        2
 62
     0
340
0
144
0.18
309
CONTENTFORMAT_END
171
     1
301
MARGIN
  1
CELLMARGIN_BEGIN
 40
3.152761065069776
 40
3.152761065069776
 40
3.152761065069776
 40
3.152761065069776
 40
9.458283195209327
 40
9.458283195209327
309
CELLMARGIN_END
 94
        0
309
TABLEFORMAT_END
309
FORMATTEDTABLEDATACELL_END
  1
TABLECELL_BEGIN
 90
        0
 91
        0
309
TABLECELL_END
300
CELL
  1
LINKEDTABLEDATACELL_BEGIN
 90
        0
300

 91
        0
301
CUSTOMDATA
  1
DATAMAP_BEGIN
 90
        1
300
ACAD_ROUNDTRIP_2008_CELL_CHECKSUM
301
DATAMAP_VALUE
 93
        2
 90
        2
140
302.0
 94
        0
300

302

304
ACVALUE_END
309
DATAMAP_END
 92
        0
 95
        1
302
CONTENT
  1
CELLCONTENT_BEGIN
 90
        1
300
VALUE
 93
        4
 90
        1
 91
      450
 94
        0
300
%ds[\,]
302
450
304
ACVALUE_END
 91
        0
309
CELLCONTENT_END
  1
FORMATTEDCELLCONTENT_BEGIN
170
     1
300
CONTENTFORMAT
  1
CONTENTFORMAT_BEGIN
 90
        3
 91
        0
 92
        1
 93
        0
300
%ds[\,]
 40
0.0
140
1.0
 94
        1
 62
     0
340
55
144
4.5
309
CONTENTFORMAT_END
309
FORMATTEDCELLCONTENT_END
309
LINKEDTABLEDATACELL_END
  1
FORMATTEDTABLEDATACELL_BEGIN
300
CELLTABLEFORMAT
  1
TABLEFORMAT_BEGIN
 90
        1
170
     1
 91
   408592
 92
        0
 62
   257
 93
        1
300
CONTENTFORMAT
  1
CONTENTFORMAT_BEGIN
 90
        0
 91
        0
 92
      512
 93
        0
300

 40
0.0
140
1.0
 94
        3
 62
     0
340
0
144
0.18
309
CONTENTFORMAT_END
171
     1
301
MARGIN
  1
CELLMARGIN_BEGIN
 40
3.152761065069776
 40
3.152761065069776
 40
3.152761065069776
 40
3.152761065069776
 40
9.458283195209327
 40
9.458283195209327
309
CELLMARGIN_END
 94
        0
309
TABLEFORMAT_END
309
FORMATTEDTABLEDATACELL_END
  1
TABLECELL_BEGIN
 90
        0
 91
        0
309
TABLECELL_END
 91
        0
301
CUSTOMDATA
  1
DATAMAP_BEGIN
 90
        0
309
DATAMAP_END
309
LINKEDTABLEDATAROW_END
  1
FORMATTEDTABLEDATAROW_BEGIN
300
ROWTABLEFORMAT
  1
TABLEFORMAT_BEGIN
 90
        2
170
     1
 91
      128
 92
        0
 62
   257
 93
        1
300
CONTENTFORMAT
  1
CONTENTFORMAT_BEGIN
 90
        0
 91
        0
 92
      512
 93
        0
300

 40
0.0
140
1.0
 94
        1
 62
     0
340
0
144
9.458283195209327
309
CONTENTFORMAT_END
171
     0
 94
        0
309
TABLEFORMAT_END
309
FORMATTEDTABLEDATAROW_END
  1
TABLEROW_BEGIN
 90
        3
 40
25.05166272740883
309
TABLEROW_END
301
ROW
  1
LINKEDTABLEDATAROW_BEGIN
 90
        4
300
CELL
  1
LINKEDTABLEDATACELL_BEGIN
 90
        0
300

 91
        0
301
CUSTOMDATA
  1
DATAMAP_BEGIN
 90
        1
300
ACAD_ROUNDTRIP_2008_CELL_CHECKSUM
301
DATAMAP_VALUE
 93
        2
 90
        2
140
344.0
 94
        0
300

302

304
ACVALUE_END
309
DATAMAP_END
 92
        0
 95
        1
302
CONTENT
  1
CELLCONTENT_BEGIN
 90
        1
300
VALUE
 93
        6
 90
        4
  1
12A
 94
        0
300

302
12A
304
ACVALUE_END
 91
        0
309
CELLCONTENT_END
  1
FORMATTEDCELLCONTENT_BEGIN
170
     1
300
CONTENTFORMAT
  1
CONTENTFORMAT_BEGIN
 90
        3
 91
        0
 92
        4
 93
        0
300

 40
0.0
140
1.0
 94
        1
 62
     0
340
55
144
4.5
309
CONTENTFORMAT_END
309
FORMATTEDCELLCONTENT_END
309
LINKEDTABLEDATACELL_END
  1
FORMATTEDTABLEDATACELL_BEGIN
300
CELLTABLEFORMAT
  1
TABLEFORMAT_BEGIN
 90
        1
170
     1
 91
   408576
 92
        0
 62
   257
 93
        1
300
CONTENTFORMAT
  1
CONTENTFORMAT_BEGIN
 90
        0
 91
        0
 92
      512
 93
        0
300

 40
0.0
140
1.0
 94
        2
 62
     0
340
0
144
0.18
309
CONTENTFORMAT_END
171
     1
301
MARGIN
  1
CELLMARGIN_BEGIN
 40
3.152761065069776
 40
3.152761065069776
 40
3.152761065069776
 40
3.152761065069776
 40
9.458283195209327
 40
9.458283195209327
309
CELLMARGIN_END
 94
        0
309
TABLEFORMAT_END
309
FORMATTEDTABLEDATACELL_END
  1
TABLECELL_BEGIN
 90
        0
 91
        0
309
TABLECELL_END
300
CELL
  1
LINKEDTABLEDATACELL_BEGIN
 90
        0
300

 91
        0
301
CUSTOMDATA
  1
DATAMAP_BEGIN
 90
        1
300
ACAD_ROUNDTRIP_2008_CELL_CHECKSUM
301
DATAMAP_VALUE
 93
        2
 90
        2
140
478.0
 94
        0
300

302

304
ACVALUE_END
309
DATAMAP_END
 92
        0
 95
        1
302
CONTENT
  1
CELLCONTENT_BEGIN
 90
        1
300
VALUE
 93
        6
 90
        4
  1
MdC
 94
        0
300

302
MdC
304
ACVALUE_END
 91
        0
309
CELLCONTENT_END
  1
FORMATTEDCELLCONTENT_BEGIN
170
     1
300
CONTENTFORMAT
  1
CONTENTFORMAT_BEGIN
 90
        3
 91
        0
 92
        4
 93
        0
300

 40
0.0
140
1.0
 94
        1
 62
     0
340
55
144
4.5
309
CONTENTFORMAT_END
309
FORMATTEDCELLCONTENT_END
309
LINKEDTABLEDATACELL_END
  1
FORMATTEDTABLEDATACELL_BEGIN
300
CELLTABLEFORMAT
  1
TABLEFORMAT_BEGIN
 90
        1
170
     1
 91
   408576
 92
        0
 62
   257
 93
        1
300
CONTENTFORMAT
  1
CONTENTFORMAT_BEGIN
 90
        0
 91
        0
 92
      512
 93
        0
300

 40
0.0
140
1.0
 94
        2
 62
     0
340
0
144
0.18
309
CONTENTFORMAT_END
171
     1
301
MARGIN
  1
CELLMARGIN_BEGIN
 40
3.152761065069776
 40
3.152761065069776
 40
3.152761065069776
 40
3.152761065069776
 40
9.458283195209327
 40
9.458283195209327
309
CELLMARGIN_END
 94
        0
309
TABLEFORMAT_END
309
FORMATTEDTABLEDATACELL_END
  1
TABLECELL_BEGIN
 90
        0
 91
        0
309
TABLECELL_END
300
CELL
  1
LINKEDTABLEDATACELL_BEGIN
 90
        0
300

 91
        0
301
CUSTOMDATA
  1
DATAMAP_BEGIN
 90
        1
300
ACAD_ROUNDTRIP_2008_CELL_CHECKSUM
301
DATAMAP_VALUE
 93
        2
 90
        2
140
13600.0
 94
        0
300

302

304
ACVALUE_END
309
DATAMAP_END
 92
        0
 95
        1
302
CONTENT
  1
CELLCONTENT_BEGIN
 90
        1
300
VALUE
 93
        6
 90
        4
  1
3x10{\C256; + 7x1,5}
 94
        0
300

302
3x10{\C256; + 7x1,5}
304
ACVALUE_END
 91
        0
309
CELLCONTENT_END
  1
FORMATTEDCELLCONTENT_BEGIN
170
     1
300
CONTENTFORMAT
  1
CONTENTFORMAT_BEGIN
 90
        3
 91
        0
 92
        4
 93
        0
300

 40
0.0
140
1.0
 94
        1
 62
     0
340
55
144
4.5
309
CONTENTFORMAT_END
309
FORMATTEDCELLCONTENT_END
309
LINKEDTABLEDATACELL_END
  1
FORMATTEDTABLEDATACELL_BEGIN
300
CELLTABLEFORMAT
  1
TABLEFORMAT_BEGIN
 90
        1
170
     1
 91
   408576
 92
        0
 62
   257
 93
        1
300
CONTENTFORMAT
  1
CONTENTFORMAT_BEGIN
 90
        0
 91
        0
 92
      512
 93
        0
300

 40
0.0
140
1.0
 94
        2
 62
     0
340
0
144
0.18
309
CONTENTFORMAT_END
171
     1
301
MARGIN
  1
CELLMARGIN_BEGIN
 40
3.152761065069776
 40
3.152761065069776
 40
3.152761065069776
 40
3.152761065069776
 40
9.458283195209327
 40
9.458283195209327
309
CELLMARGIN_END
 94
        0
309
TABLEFORMAT_END
309
FORMATTEDTABLEDATACELL_END
  1
TABLECELL_BEGIN
 90
        0
 91
        0
309
TABLECELL_END
300
CELL
  1
LINKEDTABLEDATACELL_BEGIN
 90
        0
300

 91
        0
301
CUSTOMDATA
  1
DATAMAP_BEGIN
 90
        1
300
ACAD_ROUNDTRIP_2008_CELL_CHECKSUM
301
DATAMAP_VALUE
 93
        2
 90
        2
140
302.0
 94
        0
300

302

304
ACVALUE_END
309
DATAMAP_END
 92
        0
 95
        1
302
CONTENT
  1
CELLCONTENT_BEGIN
 90
        1
300
VALUE
 93
        4
 90
        1
 91
      450
 94
        0
300
%ds[\,]
302
450
304
ACVALUE_END
 91
        0
309
CELLCONTENT_END
  1
FORMATTEDCELLCONTENT_BEGIN
170
     1
300
CONTENTFORMAT
  1
CONTENTFORMAT_BEGIN
 90
        3
 91
        0
 92
        1
 93
        0
300
%ds[\,]
 40
0.0
140
1.0
 94
        1
 62
     0
340
55
144
4.5
309
CONTENTFORMAT_END
309
FORMATTEDCELLCONTENT_END
309
LINKEDTABLEDATACELL_END
  1
FORMATTEDTABLEDATACELL_BEGIN
300
CELLTABLEFORMAT
  1
TABLEFORMAT_BEGIN
 90
        1
170
     1
 91
   408592
 92
        0
 62
   257
 93
        1
300
CONTENTFORMAT
  1
CONTENTFORMAT_BEGIN
 90
        0
 91
        0
 92
      512
 93
        0
300

 40
0.0
140
1.0
 94
        3
 62
     0
340
0
144
0.18
309
CONTENTFORMAT_END
171
     1
301
MARGIN
  1
CELLMARGIN_BEGIN
 40
3.152761065069776
 40
3.152761065069776
 40
3.152761065069776
 40
3.152761065069776
 40
9.458283195209327
 40
9.458283195209327
309
CELLMARGIN_END
 94
        0
309
TABLEFORMAT_END
309
FORMATTEDTABLEDATACELL_END
  1
TABLECELL_BEGIN
 90
        0
 91
        0
309
TABLECELL_END
 91
        0
301
CUSTOMDATA
  1
DATAMAP_BEGIN
 90
        0
309
DATAMAP_END
309
LINKEDTABLEDATAROW_END
  1
FORMATTEDTABLEDATAROW_BEGIN
300
ROWTABLEFORMAT
  1
TABLEFORMAT_BEGIN
 90
        2
170
     1
 91
      128
 92
        0
 62
   257
 93
        1
300
CONTENTFORMAT
  1
CONTENTFORMAT_BEGIN
 90
        0
 91
        0
 92
      512
 93
        0
300

 40
0.0
140
1.0
 94
        1
 62
     0
340
0
144
9.458283195209327
309
CONTENTFORMAT_END
171
     0
 94
        0
309
TABLEFORMAT_END
309
FORMATTEDTABLEDATAROW_END
  1
TABLEROW_BEGIN
 90
        3
 40
25.05166272740883
309
TABLEROW_END
301
ROW
  1
LINKEDTABLEDATAROW_BEGIN
 90
        4
300
CELL
  1
LINKEDTABLEDATACELL_BEGIN
 90
        0
300

 91
        0
301
CUSTOMDATA
  1
DATAMAP_BEGIN
 90
        1
300
ACAD_ROUNDTRIP_2008_CELL_CHECKSUM
301
DATAMAP_VALUE
 93
        2
 90
        2
140
347.0
 94
        0
300

302

304
ACVALUE_END
309
DATAMAP_END
 92
        0
 95
        1
302
CONTENT
  1
CELLCONTENT_BEGIN
 90
        1
300
VALUE
 93
        6
 90
        4
  1
12B
 94
        0
300

302
12B
304
ACVALUE_END
 91
        0
309
CELLCONTENT_END
  1
FORMATTEDCELLCONTENT_BEGIN
170
     1
300
CONTENTFORMAT
  1
CONTENTFORMAT_BEGIN
 90
        3
 91
        0
 92
        4
 93
        0
300

 40
0.0
140
1.0
 94
        1
 62
     0
340
55
144
4.5
309
CONTENTFORMAT_END
309
FORMATTEDCELLCONTENT_END
309
LINKEDTABLEDATACELL_END
  1
FORMATTEDTABLEDATACELL_BEGIN
300
CELLTABLEFORMAT
  1
TABLEFORMAT_BEGIN
 90
        1
170
     1
 91
   408576
 92
        0
 62
   257
 93
        1
300
CONTENTFORMAT
  1
CONTENTFORMAT_BEGIN
 90
        0
 91
        0
 92
      512
 93
        0
300

 40
0.0
140
1.0
 94
        2
 62
     0
340
0
144
0.18
309
CONTENTFORMAT_END
171
     1
301
MARGIN
  1
CELLMARGIN_BEGIN
 40
3.152761065069776
 40
3.152761065069776
 40
3.152761065069776
 40
3.152761065069776
 40
9.458283195209327
 40
9.458283195209327
309
CELLMARGIN_END
 94
        0
309
TABLEFORMAT_END
309
FORMATTEDTABLEDATACELL_END
  1
TABLECELL_BEGIN
 90
        0
 91
        0
309
TABLECELL_END
300
CELL
  1
LINKEDTABLEDATACELL_BEGIN
 90
        0
300

 91
        0
301
CUSTOMDATA
  1
DATAMAP_BEGIN
 90
        1
300
ACAD_ROUNDTRIP_2008_CELL_CHECKSUM
301
DATAMAP_VALUE
 93
        2
 90
        2
140
478.0
 94
        0
300

302

304
ACVALUE_END
309
DATAMAP_END
 92
        0
 95
        1
302
CONTENT
  1
CELLCONTENT_BEGIN
 90
        1
300
VALUE
 93
        6
 90
        4
  1
MdC
 94
        0
300

302
MdC
304
ACVALUE_END
 91
        0
309
CELLCONTENT_END
  1
FORMATTEDCELLCONTENT_BEGIN
170
     1
300
CONTENTFORMAT
  1
CONTENTFORMAT_BEGIN
 90
        3
 91
        0
 92
        4
 93
        0
300

 40
0.0
140
1.0
 94
        1
 62
     0
340
55
144
4.5
309
CONTENTFORMAT_END
309
FORMATTEDCELLCONTENT_END
309
LINKEDTABLEDATACELL_END
  1
FORMATTEDTABLEDATACELL_BEGIN
300
CELLTABLEFORMAT
  1
TABLEFORMAT_BEGIN
 90
        1
170
     1
 91
   408576
 92
        0
 62
   257
 93
        1
300
CONTENTFORMAT
  1
CONTENTFORMAT_BEGIN
 90
        0
 91
        0
 92
      512
 93
        0
300

 40
0.0
140
1.0
 94
        2
 62
     0
340
0
144
0.18
309
CONTENTFORMAT_END
171
     1
301
MARGIN
  1
CELLMARGIN_BEGIN
 40
3.152761065069776
 40
3.152761065069776
 40
3.152761065069776
 40
3.152761065069776
 40
9.458283195209327
 40
9.458283195209327
309
CELLMARGIN_END
 94
        0
309
TABLEFORMAT_END
309
FORMATTEDTABLEDATACELL_END
  1
TABLECELL_BEGIN
 90
        0
 91
        0
309
TABLECELL_END
300
CELL
  1
LINKEDTABLEDATACELL_BEGIN
 90
        0
300

 91
        0
301
CUSTOMDATA
  1
DATAMAP_BEGIN
 90
        1
300
ACAD_ROUNDTRIP_2008_CELL_CHECKSUM
301
DATAMAP_VALUE
 93
        2
 90
        2
140
13600.0
 94
        0
300

302

304
ACVALUE_END
309
DATAMAP_END
 92
        0
 95
        1
302
CONTENT
  1
CELLCONTENT_BEGIN
 90
        1
300
VALUE
 93
        6
 90
        4
  1
3x10{\C256; + 7x1,5}
 94
        0
300

302
3x10{\C256; + 7x1,5}
304
ACVALUE_END
 91
        0
309
CELLCONTENT_END
  1
FORMATTEDCELLCONTENT_BEGIN
170
     1
300
CONTENTFORMAT
  1
CONTENTFORMAT_BEGIN
 90
        3
 91
        0
 92
        4
 93
        0
300

 40
0.0
140
1.0
 94
        1
 62
     0
340
55
144
4.5
309
CONTENTFORMAT_END
309
FORMATTEDCELLCONTENT_END
309
LINKEDTABLEDATACELL_END
  1
FORMATTEDTABLEDATACELL_BEGIN
300
CELLTABLEFORMAT
  1
TABLEFORMAT_BEGIN
 90
        1
170
     1
 91
   408576
 92
        0
 62
   257
 93
        1
300
CONTENTFORMAT
  1
CONTENTFORMAT_BEGIN
 90
        0
 91
        0
 92
      512
 93
        0
300

 40
0.0
140
1.0
 94
        2
 62
     0
340
0
144
0.18
309
CONTENTFORMAT_END
171
     1
301
MARGIN
  1
CELLMARGIN_BEGIN
 40
3.152761065069776
 40
3.152761065069776
 40
3.152761065069776
 40
3.152761065069776
 40
9.458283195209327
 40
9.458283195209327
309
CELLMARGIN_END
 94
        0
309
TABLEFORMAT_END
309
FORMATTEDTABLEDATACELL_END
  1
TABLECELL_BEGIN
 90
        0
 91
        0
309
TABLECELL_END
300
CELL
  1
LINKEDTABLEDATACELL_BEGIN
 90
        0
300

 91
        0
301
CUSTOMDATA
  1
DATAMAP_BEGIN
 90
        1
300
ACAD_ROUNDTRIP_2008_CELL_CHECKSUM
301
DATAMAP_VALUE
 93
        2
 90
        2
140
293.0
 94
        0
300

302

304
ACVALUE_END
309
DATAMAP_END
 92
        0
 95
        1
302
CONTENT
  1
CELLCONTENT_BEGIN
 90
        1
300
VALUE
 93
        4
 90
        1
 91
      500
 94
        0
300
%ds[\,]
302
500
304
ACVALUE_END
 91
        0
309
CELLCONTENT_END
  1
FORMATTEDCELLCONTENT_BEGIN
170
     1
300
CONTENTFORMAT
  1
CONTENTFORMAT_BEGIN
 90
        3
 91
        0
 92
        1
 93
        0
300
%ds[\,]
 40
0.0
140
1.0
 94
        1
 62
     0
340
55
144
4.5
309
CONTENTFORMAT_END
309
FORMATTEDCELLCONTENT_END
309
LINKEDTABLEDATACELL_END
  1
FORMATTEDTABLEDATACELL_BEGIN
300
CELLTABLEFORMAT
  1
TABLEFORMAT_BEGIN
 90
        1
170
     1
 91
   408592
 92
        0
 62
   257
 93
        1
300
CONTENTFORMAT
  1
CONTENTFORMAT_BEGIN
 90
        0
 91
        0
 92
      512
 93
        0
300

 40
0.0
140
1.0
 94
        3
 62
     0
340
0
144
0.18
309
CONTENTFORMAT_END
171
     1
301
MARGIN
  1
CELLMARGIN_BEGIN
 40
3.152761065069776
 40
3.152761065069776
 40
3.152761065069776
 40
3.152761065069776
 40
9.458283195209327
 40
9.458283195209327
309
CELLMARGIN_END
 94
        0
309
TABLEFORMAT_END
309
FORMATTEDTABLEDATACELL_END
  1
TABLECELL_BEGIN
 90
        0
 91
        0
309
TABLECELL_END
 91
        0
301
CUSTOMDATA
  1
DATAMAP_BEGIN
 90
        0
309
DATAMAP_END
309
LINKEDTABLEDATAROW_END
  1
FORMATTEDTABLEDATAROW_BEGIN
300
ROWTABLEFORMAT
  1
TABLEFORMAT_BEGIN
 90
        2
170
     1
 91
      128
 92
        0
 62
   257
 93
        1
300
CONTENTFORMAT
  1
CONTENTFORMAT_BEGIN
 90
        0
 91
        0
 92
      512
 93
        0
300

 40
0.0
140
1.0
 94
        1
 62
     0
340
0
144
9.458283195209327
309
CONTENTFORMAT_END
171
     0
 94
        0
309
TABLEFORMAT_END
309
FORMATTEDTABLEDATAROW_END
  1
TABLEROW_BEGIN
 90
        3
 40
25.05166272740883
309
TABLEROW_END
301
ROW
  1
LINKEDTABLEDATAROW_BEGIN
 90
        4
300
CELL
  1
LINKEDTABLEDATACELL_BEGIN
 90
        0
300

 91
        0
301
CUSTOMDATA
  1
DATAMAP_BEGIN
 90
        1
300
ACAD_ROUNDTRIP_2008_CELL_CHECKSUM
301
DATAMAP_VALUE
 93
        2
 90
        2
140
346.0
 94
        0
300

302

304
ACVALUE_END
309
DATAMAP_END
 92
        0
 95
        1
302
CONTENT
  1
CELLCONTENT_BEGIN
 90
        1
300
VALUE
 93
        6
 90
        4
  1
13A
 94
        0
300

302
13A
304
ACVALUE_END
 91
        0
309
CELLCONTENT_END
  1
FORMATTEDCELLCONTENT_BEGIN
170
     1
300
CONTENTFORMAT
  1
CONTENTFORMAT_BEGIN
 90
        3
 91
        0
 92
        4
 93
        0
300

 40
0.0
140
1.0
 94
        1
 62
     0
340
55
144
4.5
309
CONTENTFORMAT_END
309
FORMATTEDCELLCONTENT_END
309
LINKEDTABLEDATACELL_END
  1
FORMATTEDTABLEDATACELL_BEGIN
300
CELLTABLEFORMAT
  1
TABLEFORMAT_BEGIN
 90
        1
170
     1
 91
   408576
 92
        0
 62
   257
 93
        1
300
CONTENTFORMAT
  1
CONTENTFORMAT_BEGIN
 90
        0
 91
        0
 92
      512
 93
        0
300

 40
0.0
140
1.0
 94
        2
 62
     0
340
0
144
0.18
309
CONTENTFORMAT_END
171
     1
301
MARGIN
  1
CELLMARGIN_BEGIN
 40
3.152761065069776
 40
3.152761065069776
 40
3.152761065069776
 40
3.152761065069776
 40
9.458283195209327
 40
9.458283195209327
309
CELLMARGIN_END
 94
        0
309
TABLEFORMAT_END
309
FORMATTEDTABLEDATACELL_END
  1
TABLECELL_BEGIN
 90
        0
 91
        0
309
TABLECELL_END
300
CELL
  1
LINKEDTABLEDATACELL_BEGIN
 90
        0
300

 91
        0
301
CUSTOMDATA
  1
DATAMAP_BEGIN
 90
        1
300
ACAD_ROUNDTRIP_2008_CELL_CHECKSUM
301
DATAMAP_VALUE
 93
        2
 90
        2
140
478.0
 94
        0
300

302

304
ACVALUE_END
309
DATAMAP_END
 92
        0
 95
        1
302
CONTENT
  1
CELLCONTENT_BEGIN
 90
        1
300
VALUE
 93
        6
 90
        4
  1
MdC
 94
        0
300

302
MdC
304
ACVALUE_END
 91
        0
309
CELLCONTENT_END
  1
FORMATTEDCELLCONTENT_BEGIN
170
     1
300
CONTENTFORMAT
  1
CONTENTFORMAT_BEGIN
 90
        3
 91
        0
 92
        4
 93
        0
300

 40
0.0
140
1.0
 94
        1
 62
     0
340
55
144
4.5
309
CONTENTFORMAT_END
309
FORMATTEDCELLCONTENT_END
309
LINKEDTABLEDATACELL_END
  1
FORMATTEDTABLEDATACELL_BEGIN
300
CELLTABLEFORMAT
  1
TABLEFORMAT_BEGIN
 90
        1
170
     1
 91
   408576
 92
        0
 62
   257
 93
        1
300
CONTENTFORMAT
  1
CONTENTFORMAT_BEGIN
 90
        0
 91
        0
 92
      512
 93
        0
300

 40
0.0
140
1.0
 94
        2
 62
     0
340
0
144
0.18
309
CONTENTFORMAT_END
171
     1
301
MARGIN
  1
CELLMARGIN_BEGIN
 40
3.152761065069776
 40
3.152761065069776
 40
3.152761065069776
 40
3.152761065069776
 40
9.458283195209327
 40
9.458283195209327
309
CELLMARGIN_END
 94
        0
309
TABLEFORMAT_END
309
FORMATTEDTABLEDATACELL_END
  1
TABLECELL_BEGIN
 90
        0
 91
        0
309
TABLECELL_END
300
CELL
  1
LINKEDTABLEDATACELL_BEGIN
 90
        0
300

 91
        0
301
CUSTOMDATA
  1
DATAMAP_BEGIN
 90
        1
300
ACAD_ROUNDTRIP_2008_CELL_CHECKSUM
301
DATAMAP_VALUE
 93
        2
 90
        2
140
13600.0
 94
        0
300

302

304
ACVALUE_END
309
DATAMAP_END
 92
        0
 95
        1
302
CONTENT
  1
CELLCONTENT_BEGIN
 90
        1
300
VALUE
 93
        6
 90
        4
  1
3x10{\C256; + 7x1,5}
 94
        0
300

302
3x10{\C256; + 7x1,5}
304
ACVALUE_END
 91
        0
309
CELLCONTENT_END
  1
FORMATTEDCELLCONTENT_BEGIN
170
     1
300
CONTENTFORMAT
  1
CONTENTFORMAT_BEGIN
 90
        3
 91
        0
 92
        4
 93
        0
300

 40
0.0
140
1.0
 94
        1
 62
     0
340
55
144
4.5
309
CONTENTFORMAT_END
309
FORMATTEDCELLCONTENT_END
309
LINKEDTABLEDATACELL_END
  1
FORMATTEDTABLEDATACELL_BEGIN
300
CELLTABLEFORMAT
  1
TABLEFORMAT_BEGIN
 90
        1
170
     1
 91
   408576
 92
        0
 62
   257
 93
        1
300
CONTENTFORMAT
  1
CONTENTFORMAT_BEGIN
 90
        0
 91
        0
 92
      512
 93
        0
300

 40
0.0
140
1.0
 94
        2
 62
     0
340
0
144
0.18
309
CONTENTFORMAT_END
171
     1
301
MARGIN
  1
CELLMARGIN_BEGIN
 40
3.152761065069776
 40
3.152761065069776
 40
3.152761065069776
 40
3.152761065069776
 40
9.458283195209327
 40
9.458283195209327
309
CELLMARGIN_END
 94
        0
309
TABLEFORMAT_END
309
FORMATTEDTABLEDATACELL_END
  1
TABLECELL_BEGIN
 90
        0
 91
        0
309
TABLECELL_END
300
CELL
  1
LINKEDTABLEDATACELL_BEGIN
 90
        0
300

 91
        0
301
CUSTOMDATA
  1
DATAMAP_BEGIN
 90
        1
300
ACAD_ROUNDTRIP_2008_CELL_CHECKSUM
301
DATAMAP_VALUE
 93
        2
 90
        2
140
293.0
 94
        0
300

302

304
ACVALUE_END
309
DATAMAP_END
 92
        0
 95
        1
302
CONTENT
  1
CELLCONTENT_BEGIN
 90
        1
300
VALUE
 93
        4
 90
        1
 91
      500
 94
        0
300
%ds[\,]
302
500
304
ACVALUE_END
 91
        0
309
CELLCONTENT_END
  1
FORMATTEDCELLCONTENT_BEGIN
170
     1
300
CONTENTFORMAT
  1
CONTENTFORMAT_BEGIN
 90
        3
 91
        0
 92
        1
 93
        0
300
%ds[\,]
 40
0.0
140
1.0
 94
        1
 62
     0
340
55
144
4.5
309
CONTENTFORMAT_END
309
FORMATTEDCELLCONTENT_END
309
LINKEDTABLEDATACELL_END
  1
FORMATTEDTABLEDATACELL_BEGIN
300
CELLTABLEFORMAT
  1
TABLEFORMAT_BEGIN
 90
        1
170
     1
 91
   408592
 92
        0
 62
   257
 93
        1
300
CONTENTFORMAT
  1
CONTENTFORMAT_BEGIN
 90
        0
 91
        0
 92
      512
 93
        0
300

 40
0.0
140
1.0
 94
        3
 62
     0
340
0
144
0.18
309
CONTENTFORMAT_END
171
     1
301
MARGIN
  1
CELLMARGIN_BEGIN
 40
3.152761065069776
 40
3.152761065069776
 40
3.152761065069776
 40
3.152761065069776
 40
9.458283195209327
 40
9.458283195209327
309
CELLMARGIN_END
 94
        0
309
TABLEFORMAT_END
309
FORMATTEDTABLEDATACELL_END
  1
TABLECELL_BEGIN
 90
        0
 91
        0
309
TABLECELL_END
 91
        0
301
CUSTOMDATA
  1
DATAMAP_BEGIN
 90
        0
309
DATAMAP_END
309
LINKEDTABLEDATAROW_END
  1
FORMATTEDTABLEDATAROW_BEGIN
300
ROWTABLEFORMAT
  1
TABLEFORMAT_BEGIN
 90
        2
170
     1
 91
      128
 92
        0
 62
   257
 93
        1
300
CONTENTFORMAT
  1
CONTENTFORMAT_BEGIN
 90
        0
 91
        0
 92
      512
 93
        0
300

 40
0.0
140
1.0
 94
        1
 62
     0
340
0
144
9.458283195209327
309
CONTENTFORMAT_END
171
     0
 94
        0
309
TABLEFORMAT_END
309
FORMATTEDTABLEDATAROW_END
  1
TABLEROW_BEGIN
 90
        3
 40
25.05166272740883
309
TABLEROW_END
301
ROW
  1
LINKEDTABLEDATAROW_BEGIN
 90
        4
300
CELL
  1
LINKEDTABLEDATACELL_BEGIN
 90
        0
300

 91
        0
301
CUSTOMDATA
  1
DATAMAP_BEGIN
 90
        1
300
ACAD_ROUNDTRIP_2008_CELL_CHECKSUM
301
DATAMAP_VALUE
 93
        2
 90
        2
140
349.0
 94
        0
300

302

304
ACVALUE_END
309
DATAMAP_END
 92
        0
 95
        1
302
CONTENT
  1
CELLCONTENT_BEGIN
 90
        1
300
VALUE
 93
        6
 90
        4
  1
13B
 94
        0
300

302
13B
304
ACVALUE_END
 91
        0
309
CELLCONTENT_END
  1
FORMATTEDCELLCONTENT_BEGIN
170
     1
300
CONTENTFORMAT
  1
CONTENTFORMAT_BEGIN
 90
        3
 91
        0
 92
        4
 93
        0
300

 40
0.0
140
1.0
 94
        1
 62
     0
340
55
144
4.5
309
CONTENTFORMAT_END
309
FORMATTEDCELLCONTENT_END
309
LINKEDTABLEDATACELL_END
  1
FORMATTEDTABLEDATACELL_BEGIN
300
CELLTABLEFORMAT
  1
TABLEFORMAT_BEGIN
 90
        1
170
     1
 91
   408576
 92
        0
 62
   257
 93
        1
300
CONTENTFORMAT
  1
CONTENTFORMAT_BEGIN
 90
        0
 91
        0
 92
      512
 93
        0
300

 40
0.0
140
1.0
 94
        2
 62
     0
340
0
144
0.18
309
CONTENTFORMAT_END
171
     1
301
MARGIN
  1
CELLMARGIN_BEGIN
 40
3.152761065069776
 40
3.152761065069776
 40
3.152761065069776
 40
3.152761065069776
 40
9.458283195209327
 40
9.458283195209327
309
CELLMARGIN_END
 94
        0
309
TABLEFORMAT_END
309
FORMATTEDTABLEDATACELL_END
  1
TABLECELL_BEGIN
 90
        0
 91
        0
309
TABLECELL_END
300
CELL
  1
LINKEDTABLEDATACELL_BEGIN
 90
        0
300

 91
        0
301
CUSTOMDATA
  1
DATAMAP_BEGIN
 90
        1
300
ACAD_ROUNDTRIP_2008_CELL_CHECKSUM
301
DATAMAP_VALUE
 93
        2
 90
        2
140
478.0
 94
        0
300

302

304
ACVALUE_END
309
DATAMAP_END
 92
        0
 95
        1
302
CONTENT
  1
CELLCONTENT_BEGIN
 90
        1
300
VALUE
 93
        6
 90
        4
  1
MdC
 94
        0
300

302
MdC
304
ACVALUE_END
 91
        0
309
CELLCONTENT_END
  1
FORMATTEDCELLCONTENT_BEGIN
170
     1
300
CONTENTFORMAT
  1
CONTENTFORMAT_BEGIN
 90
        3
 91
        0
 92
        4
 93
        0
300

 40
0.0
140
1.0
 94
        1
 62
     0
340
55
144
4.5
309
CONTENTFORMAT_END
309
FORMATTEDCELLCONTENT_END
309
LINKEDTABLEDATACELL_END
  1
FORMATTEDTABLEDATACELL_BEGIN
300
CELLTABLEFORMAT
  1
TABLEFORMAT_BEGIN
 90
        1
170
     1
 91
   408576
 92
        0
 62
   257
 93
        1
300
CONTENTFORMAT
  1
CONTENTFORMAT_BEGIN
 90
        0
 91
        0
 92
      512
 93
        0
300

 40
0.0
140
1.0
 94
        2
 62
     0
340
0
144
0.18
309
CONTENTFORMAT_END
171
     1
301
MARGIN
  1
CELLMARGIN_BEGIN
 40
3.152761065069776
 40
3.152761065069776
 40
3.152761065069776
 40
3.152761065069776
 40
9.458283195209327
 40
9.458283195209327
309
CELLMARGIN_END
 94
        0
309
TABLEFORMAT_END
309
FORMATTEDTABLEDATACELL_END
  1
TABLECELL_BEGIN
 90
        0
 91
        0
309
TABLECELL_END
300
CELL
  1
LINKEDTABLEDATACELL_BEGIN
 90
        0
300

 91
        0
301
CUSTOMDATA
  1
DATAMAP_BEGIN
 90
        1
300
ACAD_ROUNDTRIP_2008_CELL_CHECKSUM
301
DATAMAP_VALUE
 93
        2
 90
        2
140
13600.0
 94
        0
300

302

304
ACVALUE_END
309
DATAMAP_END
 92
        0
 95
        1
302
CONTENT
  1
CELLCONTENT_BEGIN
 90
        1
300
VALUE
 93
        6
 90
        4
  1
3x10{\C256; + 7x1,5}
 94
        0
300

302
3x10{\C256; + 7x1,5}
304
ACVALUE_END
 91
        0
309
CELLCONTENT_END
  1
FORMATTEDCELLCONTENT_BEGIN
170
     1
300
CONTENTFORMAT
  1
CONTENTFORMAT_BEGIN
 90
        3
 91
        0
 92
        4
 93
        0
300

 40
0.0
140
1.0
 94
        1
 62
     0
340
55
144
4.5
309
CONTENTFORMAT_END
309
FORMATTEDCELLCONTENT_END
309
LINKEDTABLEDATACELL_END
  1
FORMATTEDTABLEDATACELL_BEGIN
300
CELLTABLEFORMAT
  1
TABLEFORMAT_BEGIN
 90
        1
170
     1
 91
   408576
 92
        0
 62
   257
 93
        1
300
CONTENTFORMAT
  1
CONTENTFORMAT_BEGIN
 90
        0
 91
        0
 92
      512
 93
        0
300

 40
0.0
140
1.0
 94
        2
 62
     0
340
0
144
0.18
309
CONTENTFORMAT_END
171
     1
301
MARGIN
  1
CELLMARGIN_BEGIN
 40
3.152761065069776
 40
3.152761065069776
 40
3.152761065069776
 40
3.152761065069776
 40
9.458283195209327
 40
9.458283195209327
309
CELLMARGIN_END
 94
        0
309
TABLEFORMAT_END
309
FORMATTEDTABLEDATACELL_END
  1
TABLECELL_BEGIN
 90
        0
 91
        0
309
TABLECELL_END
300
CELL
  1
LINKEDTABLEDATACELL_BEGIN
 90
        0
300

 91
        0
301
CUSTOMDATA
  1
DATAMAP_BEGIN
 90
        1
300
ACAD_ROUNDTRIP_2008_CELL_CHECKSUM
301
DATAMAP_VALUE
 93
        2
 90
        2
140
294.0
 94
        0
300

302

304
ACVALUE_END
309
DATAMAP_END
 92
        0
 95
        1
302
CONTENT
  1
CELLCONTENT_BEGIN
 90
        1
300
VALUE
 93
        6
 90
        1
 91
      600
 94
        0
300

302
600
304
ACVALUE_END
 91
        0
309
CELLCONTENT_END
  1
FORMATTEDCELLCONTENT_BEGIN
170
     1
300
CONTENTFORMAT
  1
CONTENTFORMAT_BEGIN
 90
        3
 91
        0
 92
        1
 93
        0
300

 40
0.0
140
1.0
 94
        1
 62
     0
340
55
144
4.5
309
CONTENTFORMAT_END
309
FORMATTEDCELLCONTENT_END
309
LINKEDTABLEDATACELL_END
  1
FORMATTEDTABLEDATACELL_BEGIN
300
CELLTABLEFORMAT
  1
TABLEFORMAT_BEGIN
 90
        1
170
     1
 91
   408592
 92
        0
 62
   257
 93
        1
300
CONTENTFORMAT
  1
CONTENTFORMAT_BEGIN
 90
        0
 91
        0
 92
      512
 93
        0
300

 40
0.0
140
1.0
 94
        3
 62
     0
340
0
144
0.18
309
CONTENTFORMAT_END
171
     1
301
MARGIN
  1
CELLMARGIN_BEGIN
 40
3.152761065069776
 40
3.152761065069776
 40
3.152761065069776
 40
3.152761065069776
 40
9.458283195209327
 40
9.458283195209327
309
CELLMARGIN_END
 94
        0
309
TABLEFORMAT_END
309
FORMATTEDTABLEDATACELL_END
  1
TABLECELL_BEGIN
 90
        0
 91
        0
309
TABLECELL_END
 91
        0
301
CUSTOMDATA
  1
DATAMAP_BEGIN
 90
        0
309
DATAMAP_END
309
LINKEDTABLEDATAROW_END
  1
FORMATTEDTABLEDATAROW_BEGIN
300
ROWTABLEFORMAT
  1
TABLEFORMAT_BEGIN
 90
        2
170
     1
 91
      128
 92
        0
 62
   257
 93
        1
300
CONTENTFORMAT
  1
CONTENTFORMAT_BEGIN
 90
        0
 91
        0
 92
      512
 93
        0
300

 40
0.0
140
1.0
 94
        1
 62
     0
340
0
144
9.458283195209327
309
CONTENTFORMAT_END
171
     0
 94
        0
309
TABLEFORMAT_END
309
FORMATTEDTABLEDATAROW_END
  1
TABLEROW_BEGIN
 90
        3
 40
25.05166272740883
309
TABLEROW_END
301
ROW
  1
LINKEDTABLEDATAROW_BEGIN
 90
        4
300
CELL
  1
LINKEDTABLEDATACELL_BEGIN
 90
        0
300

 91
        0
301
CUSTOMDATA
  1
DATAMAP_BEGIN
 90
        1
300
ACAD_ROUNDTRIP_2008_CELL_CHECKSUM
301
DATAMAP_VALUE
 93
        2
 90
        2
140
358.0
 94
        0
300

302

304
ACVALUE_END
309
DATAMAP_END
 92
        0
 95
        1
302
CONTENT
  1
CELLCONTENT_BEGIN
 90
        1
300
VALUE
 93
        6
 90
        4
  1
A1A
 94
        0
300

302
A1A
304
ACVALUE_END
 91
        0
309
CELLCONTENT_END
  1
FORMATTEDCELLCONTENT_BEGIN
170
     1
300
CONTENTFORMAT
  1
CONTENTFORMAT_BEGIN
 90
        3
 91
        0
 92
        4
 93
        0
300

 40
0.0
140
1.0
 94
        1
 62
     0
340
55
144
4.5
309
CONTENTFORMAT_END
309
FORMATTEDCELLCONTENT_END
309
LINKEDTABLEDATACELL_END
  1
FORMATTEDTABLEDATACELL_BEGIN
300
CELLTABLEFORMAT
  1
TABLEFORMAT_BEGIN
 90
        1
170
     1
 91
   408576
 92
        0
 62
   257
 93
        1
300
CONTENTFORMAT
  1
CONTENTFORMAT_BEGIN
 90
        0
 91
        0
 92
      512
 93
        0
300

 40
0.0
140
1.0
 94
        2
 62
     0
340
0
144
0.18
309
CONTENTFORMAT_END
171
     1
301
MARGIN
  1
CELLMARGIN_BEGIN
 40
3.152761065069776
 40
3.152761065069776
 40
3.152761065069776
 40
3.152761065069776
 40
9.458283195209327
 40
9.458283195209327
309
CELLMARGIN_END
 94
        0
309
TABLEFORMAT_END
309
FORMATTEDTABLEDATACELL_END
  1
TABLECELL_BEGIN
 90
        0
 91
        0
309
TABLECELL_END
300
CELL
  1
LINKEDTABLEDATACELL_BEGIN
 90
        0
300

 91
        0
301
CUSTOMDATA
  1
DATAMAP_BEGIN
 90
        1
300
ACAD_ROUNDTRIP_2008_CELL_CHECKSUM
301
DATAMAP_VALUE
 93
        2
 90
        2
140
1488.0
 94
        0
300

302

304
ACVALUE_END
309
DATAMAP_END
 92
        0
 95
        1
302
CONTENT
  1
CELLCONTENT_BEGIN
 90
        1
300
VALUE
 93
        6
 90
        4
  1
SEÑAL
 94
        0
300

302
SEÑAL
304
ACVALUE_END
 91
        0
309
CELLCONTENT_END
  1
FORMATTEDCELLCONTENT_BEGIN
170
     1
300
CONTENTFORMAT
  1
CONTENTFORMAT_BEGIN
 90
        3
 91
        0
 92
        4
 93
        0
300

 40
0.0
140
1.0
 94
        1
 62
     0
340
55
144
4.5
309
CONTENTFORMAT_END
309
FORMATTEDCELLCONTENT_END
309
LINKEDTABLEDATACELL_END
  1
FORMATTEDTABLEDATACELL_BEGIN
300
CELLTABLEFORMAT
  1
TABLEFORMAT_BEGIN
 90
        1
170
     1
 91
   408576
 92
        0
 62
   257
 93
        1
300
CONTENTFORMAT
  1
CONTENTFORMAT_BEGIN
 90
        0
 91
        0
 92
      512
 93
        0
300

 40
0.0
140
1.0
 94
        2
 62
     0
340
0
144
0.18
309
CONTENTFORMAT_END
171
     1
301
MARGIN
  1
CELLMARGIN_BEGIN
 40
3.152761065069776
 40
3.152761065069776
 40
3.152761065069776
 40
3.152761065069776
 40
9.458283195209327
 40
9.458283195209327
309
CELLMARGIN_END
 94
        0
309
TABLEFORMAT_END
309
FORMATTEDTABLEDATACELL_END
  1
TABLECELL_BEGIN
 90
        0
 91
        0
309
TABLECELL_END
300
CELL
  1
LINKEDTABLEDATACELL_BEGIN
 90
        0
300

 91
        0
301
CUSTOMDATA
  1
DATAMAP_BEGIN
 90
        1
300
ACAD_ROUNDTRIP_2008_CELL_CHECKSUM
301
DATAMAP_VALUE
 93
        2
 90
        2
140
2235.0
 94
        0
300

302

304
ACVALUE_END
309
DATAMAP_END
 92
        0
 95
        1
302
CONTENT
  1
CELLCONTENT_BEGIN
 90
        1
300
VALUE
 93
        6
 90
        4
  1
7x1,5 + C
 94
        0
300

302
7x1,5 + C
304
ACVALUE_END
 91
        0
309
CELLCONTENT_END
  1
FORMATTEDCELLCONTENT_BEGIN
170
     1
300
CONTENTFORMAT
  1
CONTENTFORMAT_BEGIN
 90
        3
 91
        0
 92
        4
 93
        0
300

 40
0.0
140
1.0
 94
        1
 62
     0
340
55
144
4.5
309
CONTENTFORMAT_END
309
FORMATTEDCELLCONTENT_END
309
LINKEDTABLEDATACELL_END
  1
FORMATTEDTABLEDATACELL_BEGIN
300
CELLTABLEFORMAT
  1
TABLEFORMAT_BEGIN
 90
        1
170
     1
 91
   408576
 92
        0
 62
   257
 93
        1
300
CONTENTFORMAT
  1
CONTENTFORMAT_BEGIN
 90
        0
 91
        0
 92
      512
 93
        0
300

 40
0.0
140
1.0
 94
        2
 62
     0
340
0
144
0.18
309
CONTENTFORMAT_END
171
     1
301
MARGIN
  1
CELLMARGIN_BEGIN
 40
3.152761065069776
 40
3.152761065069776
 40
3.152761065069776
 40
3.152761065069776
 40
9.458283195209327
 40
9.458283195209327
309
CELLMARGIN_END
 94
        0
309
TABLEFORMAT_END
309
FORMATTEDTABLEDATACELL_END
  1
TABLECELL_BEGIN
 90
        0
 91
        0
309
TABLECELL_END
300
CELL
  1
LINKEDTABLEDATACELL_BEGIN
 90
        0
300

 91
        0
301
CUSTOMDATA
  1
DATAMAP_BEGIN
 90
        1
300
ACAD_ROUNDTRIP_2008_CELL_CHECKSUM
301
DATAMAP_VALUE
 93
        2
 90
        2
140
297.0
 94
        0
300

302

304
ACVALUE_END
309
DATAMAP_END
 92
        0
 95
        1
302
CONTENT
  1
CELLCONTENT_BEGIN
 90
        1
300
VALUE
 93
        4
 90
        1
 91
      900
 94
        0
300
%ds[\,]
302
900
304
ACVALUE_END
 91
        0
309
CELLCONTENT_END
  1
FORMATTEDCELLCONTENT_BEGIN
170
     1
300
CONTENTFORMAT
  1
CONTENTFORMAT_BEGIN
 90
        3
 91
        0
 92
        1
 93
        0
300
%ds[\,]
 40
0.0
140
1.0
 94
        1
 62
     0
340
55
144
4.5
309
CONTENTFORMAT_END
309
FORMATTEDCELLCONTENT_END
309
LINKEDTABLEDATACELL_END
  1
FORMATTEDTABLEDATACELL_BEGIN
300
CELLTABLEFORMAT
  1
TABLEFORMAT_BEGIN
 90
        1
170
     1
 91
   408592
 92
        0
 62
   257
 93
        1
300
CONTENTFORMAT
  1
CONTENTFORMAT_BEGIN
 90
        0
 91
        0
 92
      512
 93
        0
300

 40
0.0
140
1.0
 94
        3
 62
     0
340
0
144
0.18
309
CONTENTFORMAT_END
171
     1
301
MARGIN
  1
CELLMARGIN_BEGIN
 40
3.152761065069776
 40
3.152761065069776
 40
3.152761065069776
 40
3.152761065069776
 40
9.458283195209327
 40
9.458283195209327
309
CELLMARGIN_END
 94
        0
309
TABLEFORMAT_END
309
FORMATTEDTABLEDATACELL_END
  1
TABLECELL_BEGIN
 90
        0
 91
        0
309
TABLECELL_END
 91
        0
301
CUSTOMDATA
  1
DATAMAP_BEGIN
 90
        0
309
DATAMAP_END
309
LINKEDTABLEDATAROW_END
  1
FORMATTEDTABLEDATAROW_BEGIN
300
ROWTABLEFORMAT
  1
TABLEFORMAT_BEGIN
 90
        2
170
     1
 91
      128
 92
        0
 62
   257
 93
        1
300
CONTENTFORMAT
  1
CONTENTFORMAT_BEGIN
 90
        0
 91
        0
 92
      512
 93
        0
300

 40
0.0
140
1.0
 94
        1
 62
     0
340
0
144
9.458283195209327
309
CONTENTFORMAT_END
171
     0
 94
        0
309
TABLEFORMAT_END
309
FORMATTEDTABLEDATAROW_END
  1
TABLEROW_BEGIN
 90
        3
 40
25.05166272740883
309
TABLEROW_END
301
ROW
  1
LINKEDTABLEDATAROW_BEGIN
 90
        4
300
CELL
  1
LINKEDTABLEDATACELL_BEGIN
 90
        0
300

 91
        0
301
CUSTOMDATA
  1
DATAMAP_BEGIN
 90
        1
300
ACAD_ROUNDTRIP_2008_CELL_CHECKSUM
301
DATAMAP_VALUE
 93
        2
 90
        2
140
179.0
 94
        0
300

302

304
ACVALUE_END
309
DATAMAP_END
 92
        0
 95
        1
302
CONTENT
  1
CELLCONTENT_BEGIN
 90
        1
300
VALUE
 93
        6
 90
        4
  1
1A
 94
        0
300

302
1A
304
ACVALUE_END
 91
        0
309
CELLCONTENT_END
  1
FORMATTEDCELLCONTENT_BEGIN
170
     1
300
CONTENTFORMAT
  1
CONTENTFORMAT_BEGIN
 90
        3
 91
        0
 92
        4
 93
        0
300

 40
0.0
140
1.0
 94
        1
 62
     0
340
55
144
4.5
309
CONTENTFORMAT_END
309
FORMATTEDCELLCONTENT_END
309
LINKEDTABLEDATACELL_END
  1
FORMATTEDTABLEDATACELL_BEGIN
300
CELLTABLEFORMAT
  1
TABLEFORMAT_BEGIN
 90
        1
170
     1
 91
   408576
 92
        0
 62
   257
 93
        1
300
CONTENTFORMAT
  1
CONTENTFORMAT_BEGIN
 90
        0
 91
        0
 92
      512
 93
        0
300

 40
0.0
140
1.0
 94
        2
 62
     0
340
0
144
0.18
309
CONTENTFORMAT_END
171
     1
301
MARGIN
  1
CELLMARGIN_BEGIN
 40
3.152761065069776
 40
3.152761065069776
 40
3.152761065069776
 40
3.152761065069776
 40
9.458283195209327
 40
9.458283195209327
309
CELLMARGIN_END
 94
        0
309
TABLEFORMAT_END
309
FORMATTEDTABLEDATACELL_END
  1
TABLECELL_BEGIN
 90
        0
 91
        0
309
TABLECELL_END
300
CELL
  1
LINKEDTABLEDATACELL_BEGIN
 90
        0
300

 91
        0
301
CUSTOMDATA
  1
DATAMAP_BEGIN
 90
        1
300
ACAD_ROUNDTRIP_2008_CELL_CHECKSUM
301
DATAMAP_VALUE
 93
        2
 90
        2
140
1488.0
 94
        0
300

302

304
ACVALUE_END
309
DATAMAP_END
 92
        0
 95
        1
302
CONTENT
  1
CELLCONTENT_BEGIN
 90
        1
300
VALUE
 93
        6
 90
        4
  1
SEÑAL
 94
        0
300

302
SEÑAL
304
ACVALUE_END
 91
        0
309
CELLCONTENT_END
  1
FORMATTEDCELLCONTENT_BEGIN
170
     1
300
CONTENTFORMAT
  1
CONTENTFORMAT_BEGIN
 90
        3
 91
        0
 92
        4
 93
        0
300

 40
0.0
140
1.0
 94
        1
 62
     0
340
55
144
4.5
309
CONTENTFORMAT_END
309
FORMATTEDCELLCONTENT_END
309
LINKEDTABLEDATACELL_END
  1
FORMATTEDTABLEDATACELL_BEGIN
300
CELLTABLEFORMAT
  1
TABLEFORMAT_BEGIN
 90
        1
170
     1
 91
   408576
 92
        0
 62
   257
 93
        1
300
CONTENTFORMAT
  1
CONTENTFORMAT_BEGIN
 90
        0
 91
        0
 92
      512
 93
        0
300

 40
0.0
140
1.0
 94
        2
 62
     0
340
0
144
0.18
309
CONTENTFORMAT_END
171
     1
301
MARGIN
  1
CELLMARGIN_BEGIN
 40
3.152761065069776
 40
3.152761065069776
 40
3.152761065069776
 40
3.152761065069776
 40
9.458283195209327
 40
9.458283195209327
309
CELLMARGIN_END
 94
        0
309
TABLEFORMAT_END
309
FORMATTEDTABLEDATACELL_END
  1
TABLECELL_BEGIN
 90
        0
 91
        0
309
TABLECELL_END
300
CELL
  1
LINKEDTABLEDATACELL_BEGIN
 90
        0
300

 91
        0
301
CUSTOMDATA
  1
DATAMAP_BEGIN
 90
        1
300
ACAD_ROUNDTRIP_2008_CELL_CHECKSUM
301
DATAMAP_VALUE
 93
        2
 90
        2
140
2235.0
 94
        0
300

302

304
ACVALUE_END
309
DATAMAP_END
 92
        0
 95
        1
302
CONTENT
  1
CELLCONTENT_BEGIN
 90
        1
300
VALUE
 93
        6
 90
        4
  1
7x1,5 + C
 94
        0
300

302
7x1,5 + C
304
ACVALUE_END
 91
        0
309
CELLCONTENT_END
  1
FORMATTEDCELLCONTENT_BEGIN
170
     1
300
CONTENTFORMAT
  1
CONTENTFORMAT_BEGIN
 90
        3
 91
        0
 92
        4
 93
        0
300

 40
0.0
140
1.0
 94
        1
 62
     0
340
55
144
4.5
309
CONTENTFORMAT_END
309
FORMATTEDCELLCONTENT_END
309
LINKEDTABLEDATACELL_END
  1
FORMATTEDTABLEDATACELL_BEGIN
300
CELLTABLEFORMAT
  1
TABLEFORMAT_BEGIN
 90
        1
170
     1
 91
   408576
 92
        0
 62
   257
 93
        1
300
CONTENTFORMAT
  1
CONTENTFORMAT_BEGIN
 90
        0
 91
        0
 92
      512
 93
        0
300

 40
0.0
140
1.0
 94
        2
 62
     0
340
0
144
0.18
309
CONTENTFORMAT_END
171
     1
301
MARGIN
  1
CELLMARGIN_BEGIN
 40
3.152761065069776
 40
3.152761065069776
 40
3.152761065069776
 40
3.152761065069776
 40
9.458283195209327
 40
9.458283195209327
309
CELLMARGIN_END
 94
        0
309
TABLEFORMAT_END
309
FORMATTEDTABLEDATACELL_END
  1
TABLECELL_BEGIN
 90
        0
 91
        0
309
TABLECELL_END
300
CELL
  1
LINKEDTABLEDATACELL_BEGIN
 90
        0
300

 91
        0
301
CUSTOMDATA
  1
DATAMAP_BEGIN
 90
        1
300
ACAD_ROUNDTRIP_2008_CELL_CHECKSUM
301
DATAMAP_VALUE
 93
        2
 90
        2
140
291.0
 94
        0
300

302

304
ACVALUE_END
309
DATAMAP_END
 92
        0
 95
        1
302
CONTENT
  1
CELLCONTENT_BEGIN
 90
        1
300
VALUE
 93
        4
 90
        1
 91
      300
 94
        0
300
%ds[\,]
302
300
304
ACVALUE_END
 91
        0
309
CELLCONTENT_END
  1
FORMATTEDCELLCONTENT_BEGIN
170
     1
300
CONTENTFORMAT
  1
CONTENTFORMAT_BEGIN
 90
        3
 91
        0
 92
        1
 93
        0
300
%ds[\,]
 40
0.0
140
1.0
 94
        1
 62
     0
340
55
144
4.5
309
CONTENTFORMAT_END
309
FORMATTEDCELLCONTENT_END
309
LINKEDTABLEDATACELL_END
  1
FORMATTEDTABLEDATACELL_BEGIN
300
CELLTABLEFORMAT
  1
TABLEFORMAT_BEGIN
 90
        1
170
     1
 91
   408592
 92
        0
 62
   257
 93
        1
300
CONTENTFORMAT
  1
CONTENTFORMAT_BEGIN
 90
        0
 91
        0
 92
      512
 93
        0
300

 40
0.0
140
1.0
 94
        3
 62
     0
340
0
144
0.18
309
CONTENTFORMAT_END
171
     1
301
MARGIN
  1
CELLMARGIN_BEGIN
 40
3.152761065069776
 40
3.152761065069776
 40
3.152761065069776
 40
3.152761065069776
 40
9.458283195209327
 40
9.458283195209327
309
CELLMARGIN_END
 94
        0
309
TABLEFORMAT_END
309
FORMATTEDTABLEDATACELL_END
  1
TABLECELL_BEGIN
 90
        0
 91
        0
309
TABLECELL_END
 91
        0
301
CUSTOMDATA
  1
DATAMAP_BEGIN
 90
        0
309
DATAMAP_END
309
LINKEDTABLEDATAROW_END
  1
FORMATTEDTABLEDATAROW_BEGIN
300
ROWTABLEFORMAT
  1
TABLEFORMAT_BEGIN
 90
        2
170
     1
 91
      128
 92
        0
 62
   257
 93
        1
300
CONTENTFORMAT
  1
CONTENTFORMAT_BEGIN
 90
        0
 91
        0
 92
      512
 93
        0
300

 40
0.0
140
1.0
 94
        1
 62
     0
340
0
144
9.458283195209327
309
CONTENTFORMAT_END
171
     0
 94
        0
309
TABLEFORMAT_END
309
FORMATTEDTABLEDATAROW_END
  1
TABLEROW_BEGIN
 90
        3
 40
25.05166272740883
309
TABLEROW_END
301
ROW
  1
LINKEDTABLEDATAROW_BEGIN
 90
        4
300
CELL
  1
LINKEDTABLEDATACELL_BEGIN
 90
        0
300

 91
        0
301
CUSTOMDATA
  1
DATAMAP_BEGIN
 90
        1
300
ACAD_ROUNDTRIP_2008_CELL_CHECKSUM
301
DATAMAP_VALUE
 93
        2
 90
        2
140
661.0
 94
        0
300

302

304
ACVALUE_END
309
DATAMAP_END
 92
        0
 95
        1
302
CONTENT
  1
CELLCONTENT_BEGIN
 90
        1
300
VALUE
 93
        6
 90
        4
  1
5ABF
 94
        0
300

302
5ABF
304
ACVALUE_END
 91
        0
309
CELLCONTENT_END
  1
FORMATTEDCELLCONTENT_BEGIN
170
     1
300
CONTENTFORMAT
  1
CONTENTFORMAT_BEGIN
 90
        3
 91
        0
 92
        4
 93
        0
300

 40
0.0
140
1.0
 94
        1
 62
     0
340
55
144
4.5
309
CONTENTFORMAT_END
309
FORMATTEDCELLCONTENT_END
309
LINKEDTABLEDATACELL_END
  1
FORMATTEDTABLEDATACELL_BEGIN
300
CELLTABLEFORMAT
  1
TABLEFORMAT_BEGIN
 90
        1
170
     1
 91
   408576
 92
        0
 62
   257
 93
        1
300
CONTENTFORMAT
  1
CONTENTFORMAT_BEGIN
 90
        0
 91
        0
 92
      512
 93
        0
300

 40
0.0
140
1.0
 94
        2
 62
     0
340
0
144
0.18
309
CONTENTFORMAT_END
171
     1
301
MARGIN
  1
CELLMARGIN_BEGIN
 40
3.152761065069776
 40
3.152761065069776
 40
3.152761065069776
 40
3.152761065069776
 40
9.458283195209327
 40
9.458283195209327
309
CELLMARGIN_END
 94
        0
309
TABLEFORMAT_END
309
FORMATTEDTABLEDATACELL_END
  1
TABLECELL_BEGIN
 90
        0
 91
        0
309
TABLECELL_END
300
CELL
  1
LINKEDTABLEDATACELL_BEGIN
 90
        0
300

 91
        0
301
CUSTOMDATA
  1
DATAMAP_BEGIN
 90
        1
300
ACAD_ROUNDTRIP_2008_CELL_CHECKSUM
301
DATAMAP_VALUE
 93
        2
 90
        2
140
1488.0
 94
        0
300

302

304
ACVALUE_END
309
DATAMAP_END
 92
        0
 95
        1
302
CONTENT
  1
CELLCONTENT_BEGIN
 90
        1
300
VALUE
 93
        6
 90
        4
  1
SEÑAL
 94
        0
300

302
SEÑAL
304
ACVALUE_END
 91
        0
309
CELLCONTENT_END
  1
FORMATTEDCELLCONTENT_BEGIN
170
     1
300
CONTENTFORMAT
  1
CONTENTFORMAT_BEGIN
 90
        3
 91
        0
 92
        4
 93
        0
300

 40
0.0
140
1.0
 94
        1
 62
     0
340
55
144
4.5
309
CONTENTFORMAT_END
309
FORMATTEDCELLCONTENT_END
309
LINKEDTABLEDATACELL_END
  1
FORMATTEDTABLEDATACELL_BEGIN
300
CELLTABLEFORMAT
  1
TABLEFORMAT_BEGIN
 90
        1
170
     1
 91
   408576
 92
        0
 62
   257
 93
        1
300
CONTENTFORMAT
  1
CONTENTFORMAT_BEGIN
 90
        0
 91
        0
 92
      512
 93
        0
300

 40
0.0
140
1.0
 94
        2
 62
     0
340
0
144
0.18
309
CONTENTFORMAT_END
171
     1
301
MARGIN
  1
CELLMARGIN_BEGIN
 40
3.152761065069776
 40
3.152761065069776
 40
3.152761065069776
 40
3.152761065069776
 40
9.458283195209327
 40
9.458283195209327
309
CELLMARGIN_END
 94
        0
309
TABLEFORMAT_END
309
FORMATTEDTABLEDATACELL_END
  1
TABLECELL_BEGIN
 90
        0
 91
        0
309
TABLECELL_END
300
CELL
  1
LINKEDTABLEDATACELL_BEGIN
 90
        0
300

 91
        0
301
CUSTOMDATA
  1
DATAMAP_BEGIN
 90
        1
300
ACAD_ROUNDTRIP_2008_CELL_CHECKSUM
301
DATAMAP_VALUE
 93
        2
 90
        2
140
3515.0
 94
        0
300

302

304
ACVALUE_END
309
DATAMAP_END
 92
        0
 95
        1
302
CONTENT
  1
CELLCONTENT_BEGIN
 90
        1
300
VALUE
 93
        6
 90
        4
  1
2x7x1,5 + C
 94
        0
300

302
2x7x1,5 + C
304
ACVALUE_END
 91
        0
309
CELLCONTENT_END
  1
FORMATTEDCELLCONTENT_BEGIN
170
     1
300
CONTENTFORMAT
  1
CONTENTFORMAT_BEGIN
 90
        3
 91
        0
 92
        4
 93
        0
300

 40
0.0
140
1.0
 94
        1
 62
     0
340
55
144
4.5
309
CONTENTFORMAT_END
309
FORMATTEDCELLCONTENT_END
309
LINKEDTABLEDATACELL_END
  1
FORMATTEDTABLEDATACELL_BEGIN
300
CELLTABLEFORMAT
  1
TABLEFORMAT_BEGIN
 90
        1
170
     1
 91
   408576
 92
        0
 62
   257
 93
        1
300
CONTENTFORMAT
  1
CONTENTFORMAT_BEGIN
 90
        0
 91
        0
 92
      512
 93
        0
300

 40
0.0
140
1.0
 94
        2
 62
     0
340
0
144
0.18
309
CONTENTFORMAT_END
171
     1
301
MARGIN
  1
CELLMARGIN_BEGIN
 40
3.152761065069776
 40
3.152761065069776
 40
3.152761065069776
 40
3.152761065069776
 40
9.458283195209327
 40
9.458283195209327
309
CELLMARGIN_END
 94
        0
309
TABLEFORMAT_END
309
FORMATTEDTABLEDATACELL_END
  1
TABLECELL_BEGIN
 90
        0
 91
        0
309
TABLECELL_END
300
CELL
  1
LINKEDTABLEDATACELL_BEGIN
 90
        0
300

 91
        0
301
CUSTOMDATA
  1
DATAMAP_BEGIN
 90
        1
300
ACAD_ROUNDTRIP_2008_CELL_CHECKSUM
301
DATAMAP_VALUE
 93
        2
 90
        2
140
301.0
 94
        0
300

302

304
ACVALUE_END
309
DATAMAP_END
 92
        0
 95
        1
302
CONTENT
  1
CELLCONTENT_BEGIN
 90
        1
300
VALUE
 93
        6
 90
        1
 91
      350
 94
        0
300

302
350
304
ACVALUE_END
 91
        0
309
CELLCONTENT_END
  1
FORMATTEDCELLCONTENT_BEGIN
170
     1
300
CONTENTFORMAT
  1
CONTENTFORMAT_BEGIN
 90
        3
 91
        0
 92
        1
 93
        0
300

 40
0.0
140
1.0
 94
        1
 62
     0
340
55
144
4.5
309
CONTENTFORMAT_END
309
FORMATTEDCELLCONTENT_END
309
LINKEDTABLEDATACELL_END
  1
FORMATTEDTABLEDATACELL_BEGIN
300
CELLTABLEFORMAT
  1
TABLEFORMAT_BEGIN
 90
        1
170
     1
 91
   408592
 92
        0
 62
   257
 93
        1
300
CONTENTFORMAT
  1
CONTENTFORMAT_BEGIN
 90
        0
 91
        0
 92
      512
 93
        0
300

 40
0.0
140
1.0
 94
        3
 62
     0
340
0
144
0.18
309
CONTENTFORMAT_END
171
     1
301
MARGIN
  1
CELLMARGIN_BEGIN
 40
3.152761065069776
 40
3.152761065069776
 40
3.152761065069776
 40
3.152761065069776
 40
9.458283195209327
 40
9.458283195209327
309
CELLMARGIN_END
 94
        0
309
TABLEFORMAT_END
309
FORMATTEDTABLEDATACELL_END
  1
TABLECELL_BEGIN
 90
        0
 91
        0
309
TABLECELL_END
 91
        0
301
CUSTOMDATA
  1
DATAMAP_BEGIN
 90
        0
309
DATAMAP_END
309
LINKEDTABLEDATAROW_END
  1
FORMATTEDTABLEDATAROW_BEGIN
300
ROWTABLEFORMAT
  1
TABLEFORMAT_BEGIN
 90
        2
170
     1
 91
      128
 92
        0
 62
   257
 93
        1
300
CONTENTFORMAT
  1
CONTENTFORMAT_BEGIN
 90
        0
 91
        0
 92
      512
 93
        0
300

 40
0.0
140
1.0
 94
        1
 62
     0
340
0
144
9.458283195209327
309
CONTENTFORMAT_END
171
     0
 94
        0
309
TABLEFORMAT_END
309
FORMATTEDTABLEDATAROW_END
  1
TABLEROW_BEGIN
 90
        3
 40
25.05166272740883
309
TABLEROW_END
301
ROW
  1
LINKEDTABLEDATAROW_BEGIN
 90
        4
300
CELL
  1
LINKEDTABLEDATACELL_BEGIN
 90
        0
300

 91
        0
301
CUSTOMDATA
  1
DATAMAP_BEGIN
 90
        1
300
ACAD_ROUNDTRIP_2008_CELL_CHECKSUM
301
DATAMAP_VALUE
 93
        2
 90
        2
140
1702.0
 94
        0
300

302

304
ACVALUE_END
309
DATAMAP_END
 92
        0
 95
        1
302
CONTENT
  1
CELLCONTENT_BEGIN
 90
        1
300
VALUE
 93
        6
 90
        4
  1
3AB/3AF
 94
        0
300

302
3AB/3AF
304
ACVALUE_END
 91
        0
309
CELLCONTENT_END
  1
FORMATTEDCELLCONTENT_BEGIN
170
     1
300
CONTENTFORMAT
  1
CONTENTFORMAT_BEGIN
 90
        3
 91
        0
 92
        4
 93
        0
300

 40
0.0
140
1.0
 94
        1
 62
     0
340
55
144
4.5
309
CONTENTFORMAT_END
309
FORMATTEDCELLCONTENT_END
309
LINKEDTABLEDATACELL_END
  1
FORMATTEDTABLEDATACELL_BEGIN
300
CELLTABLEFORMAT
  1
TABLEFORMAT_BEGIN
 90
        1
170
     1
 91
   408576
 92
        0
 62
   257
 93
        1
300
CONTENTFORMAT
  1
CONTENTFORMAT_BEGIN
 90
        0
 91
        0
 92
      512
 93
        0
300

 40
0.0
140
1.0
 94
        2
 62
     0
340
0
144
0.18
309
CONTENTFORMAT_END
171
     1
301
MARGIN
  1
CELLMARGIN_BEGIN
 40
3.152761065069776
 40
3.152761065069776
 40
3.152761065069776
 40
3.152761065069776
 40
9.458283195209327
 40
9.458283195209327
309
CELLMARGIN_END
 94
        0
309
TABLEFORMAT_END
309
FORMATTEDTABLEDATACELL_END
  1
TABLECELL_BEGIN
 90
        0
 91
        0
309
TABLECELL_END
300
CELL
  1
LINKEDTABLEDATACELL_BEGIN
 90
        0
300

 91
        0
301
CUSTOMDATA
  1
DATAMAP_BEGIN
 90
        1
300
ACAD_ROUNDTRIP_2008_CELL_CHECKSUM
301
DATAMAP_VALUE
 93
        2
 90
        2
140
1488.0
 94
        0
300

302

304
ACVALUE_END
309
DATAMAP_END
 92
        0
 95
        1
302
CONTENT
  1
CELLCONTENT_BEGIN
 90
        1
300
VALUE
 93
        6
 90
        4
  1
SEÑAL
 94
        0
300

302
SEÑAL
304
ACVALUE_END
 91
        0
309
CELLCONTENT_END
  1
FORMATTEDCELLCONTENT_BEGIN
170
     1
300
CONTENTFORMAT
  1
CONTENTFORMAT_BEGIN
 90
        3
 91
        0
 92
        4
 93
        0
300

 40
0.0
140
1.0
 94
        1
 62
     0
340
55
144
4.5
309
CONTENTFORMAT_END
309
FORMATTEDCELLCONTENT_END
309
LINKEDTABLEDATACELL_END
  1
FORMATTEDTABLEDATACELL_BEGIN
300
CELLTABLEFORMAT
  1
TABLEFORMAT_BEGIN
 90
        1
170
     1
 91
   408576
 92
        0
 62
   257
 93
        1
300
CONTENTFORMAT
  1
CONTENTFORMAT_BEGIN
 90
        0
 91
        0
 92
      512
 93
        0
300

 40
0.0
140
1.0
 94
        2
 62
     0
340
0
144
0.18
309
CONTENTFORMAT_END
171
     1
301
MARGIN
  1
CELLMARGIN_BEGIN
 40
3.152761065069776
 40
3.152761065069776
 40
3.152761065069776
 40
3.152761065069776
 40
9.458283195209327
 40
9.458283195209327
309
CELLMARGIN_END
 94
        0
309
TABLEFORMAT_END
309
FORMATTEDTABLEDATACELL_END
  1
TABLECELL_BEGIN
 90
        0
 91
        0
309
TABLECELL_END
300
CELL
  1
LINKEDTABLEDATACELL_BEGIN
 90
        0
300

 91
        0
301
CUSTOMDATA
  1
DATAMAP_BEGIN
 90
        1
300
ACAD_ROUNDTRIP_2008_CELL_CHECKSUM
301
DATAMAP_VALUE
 93
        2
 90
        2
140
3515.0
 94
        0
300

302

304
ACVALUE_END
309
DATAMAP_END
 92
        0
 95
        1
302
CONTENT
  1
CELLCONTENT_BEGIN
 90
        1
300
VALUE
 93
        6
 90
        4
  1
2x7x1,5 + C
 94
        0
300

302
2x7x1,5 + C
304
ACVALUE_END
 91
        0
309
CELLCONTENT_END
  1
FORMATTEDCELLCONTENT_BEGIN
170
     1
300
CONTENTFORMAT
  1
CONTENTFORMAT_BEGIN
 90
        3
 91
        0
 92
        4
 93
        0
300

 40
0.0
140
1.0
 94
        1
 62
     0
340
55
144
4.5
309
CONTENTFORMAT_END
309
FORMATTEDCELLCONTENT_END
309
LINKEDTABLEDATACELL_END
  1
FORMATTEDTABLEDATACELL_BEGIN
300
CELLTABLEFORMAT
  1
TABLEFORMAT_BEGIN
 90
        1
170
     1
 91
   408576
 92
        0
 62
   257
 93
        1
300
CONTENTFORMAT
  1
CONTENTFORMAT_BEGIN
 90
        0
 91
        0
 92
      512
 93
        0
300

 40
0.0
140
1.0
 94
        2
 62
     0
340
0
144
0.18
309
CONTENTFORMAT_END
171
     1
301
MARGIN
  1
CELLMARGIN_BEGIN
 40
3.152761065069776
 40
3.152761065069776
 40
3.152761065069776
 40
3.152761065069776
 40
9.458283195209327
 40
9.458283195209327
309
CELLMARGIN_END
 94
        0
309
TABLEFORMAT_END
309
FORMATTEDTABLEDATACELL_END
  1
TABLECELL_BEGIN
 90
        0
 91
        0
309
TABLECELL_END
300
CELL
  1
LINKEDTABLEDATACELL_BEGIN
 90
        0
300

 91
        0
301
CUSTOMDATA
  1
DATAMAP_BEGIN
 90
        1
300
ACAD_ROUNDTRIP_2008_CELL_CHECKSUM
301
DATAMAP_VALUE
 93
        2
 90
        2
140
302.0
 94
        0
300

302

304
ACVALUE_END
309
DATAMAP_END
 92
        0
 95
        1
302
CONTENT
  1
CELLCONTENT_BEGIN
 90
        1
300
VALUE
 93
        6
 90
        1
 91
      450
 94
        0
300

302
450
304
ACVALUE_END
 91
        0
309
CELLCONTENT_END
  1
FORMATTEDCELLCONTENT_BEGIN
170
     1
300
CONTENTFORMAT
  1
CONTENTFORMAT_BEGIN
 90
        3
 91
        0
 92
        1
 93
        0
300

 40
0.0
140
1.0
 94
        1
 62
     0
340
55
144
4.5
309
CONTENTFORMAT_END
309
FORMATTEDCELLCONTENT_END
309
LINKEDTABLEDATACELL_END
  1
FORMATTEDTABLEDATACELL_BEGIN
300
CELLTABLEFORMAT
  1
TABLEFORMAT_BEGIN
 90
        1
170
     1
 91
   408592
 92
        0
 62
   257
 93
        1
300
CONTENTFORMAT
  1
CONTENTFORMAT_BEGIN
 90
        0
 91
        0
 92
      512
 93
        0
300

 40
0.0
140
1.0
 94
        3
 62
     0
340
0
144
0.18
309
CONTENTFORMAT_END
171
     1
301
MARGIN
  1
CELLMARGIN_BEGIN
 40
3.152761065069776
 40
3.152761065069776
 40
3.152761065069776
 40
3.152761065069776
 40
9.458283195209327
 40
9.458283195209327
309
CELLMARGIN_END
 94
        0
309
TABLEFORMAT_END
309
FORMATTEDTABLEDATACELL_END
  1
TABLECELL_BEGIN
 90
        0
 91
        0
309
TABLECELL_END
 91
        0
301
CUSTOMDATA
  1
DATAMAP_BEGIN
 90
        0
309
DATAMAP_END
309
LINKEDTABLEDATAROW_END
  1
FORMATTEDTABLEDATAROW_BEGIN
300
ROWTABLEFORMAT
  1
TABLEFORMAT_BEGIN
 90
        2
170
     1
 91
      128
 92
        0
 62
   257
 93
        1
300
CONTENTFORMAT
  1
CONTENTFORMAT_BEGIN
 90
        0
 91
        0
 92
      512
 93
        0
300

 40
0.0
140
1.0
 94
        1
 62
     0
340
0
144
9.458283195209327
309
CONTENTFORMAT_END
171
     0
 94
        0
309
TABLEFORMAT_END
309
FORMATTEDTABLEDATAROW_END
  1
TABLEROW_BEGIN
 90
        3
 40
25.05166272740883
309
TABLEROW_END
301
ROW
  1
LINKEDTABLEDATAROW_BEGIN
 90
        4
300
CELL
  1
LINKEDTABLEDATACELL_BEGIN
 90
        0
300

 91
        0
301
CUSTOMDATA
  1
DATAMAP_BEGIN
 90
        1
300
ACAD_ROUNDTRIP_2008_CELL_CHECKSUM
301
DATAMAP_VALUE
 93
        2
 90
        2
140
1736.0
 94
        0
300

302

304
ACVALUE_END
309
DATAMAP_END
 92
        0
 95
        1
302
CONTENT
  1
CELLCONTENT_BEGIN
 90
        1
300
VALUE
 93
        6
 90
        4
  1
2DE/2DG
 94
        0
300

302
2DE/2DG
304
ACVALUE_END
 91
        0
309
CELLCONTENT_END
  1
FORMATTEDCELLCONTENT_BEGIN
170
     1
300
CONTENTFORMAT
  1
CONTENTFORMAT_BEGIN
 90
        3
 91
        0
 92
        4
 93
        0
300

 40
0.0
140
1.0
 94
        1
 62
     0
340
55
144
4.5
309
CONTENTFORMAT_END
309
FORMATTEDCELLCONTENT_END
309
LINKEDTABLEDATACELL_END
  1
FORMATTEDTABLEDATACELL_BEGIN
300
CELLTABLEFORMAT
  1
TABLEFORMAT_BEGIN
 90
        1
170
     1
 91
   408576
 92
        0
 62
   257
 93
        1
300
CONTENTFORMAT
  1
CONTENTFORMAT_BEGIN
 90
        0
 91
        0
 92
      512
 93
        0
300

 40
0.0
140
1.0
 94
        2
 62
     0
340
0
144
0.18
309
CONTENTFORMAT_END
171
     1
301
MARGIN
  1
CELLMARGIN_BEGIN
 40
3.152761065069776
 40
3.152761065069776
 40
3.152761065069776
 40
3.152761065069776
 40
9.458283195209327
 40
9.458283195209327
309
CELLMARGIN_END
 94
        0
309
TABLEFORMAT_END
309
FORMATTEDTABLEDATACELL_END
  1
TABLECELL_BEGIN
 90
        0
 91
        0
309
TABLECELL_END
300
CELL
  1
LINKEDTABLEDATACELL_BEGIN
 90
        0
300

 91
        0
301
CUSTOMDATA
  1
DATAMAP_BEGIN
 90
        1
300
ACAD_ROUNDTRIP_2008_CELL_CHECKSUM
301
DATAMAP_VALUE
 93
        2
 90
        2
140
1488.0
 94
        0
300

302

304
ACVALUE_END
309
DATAMAP_END
 92
        0
 95
        1
302
CONTENT
  1
CELLCONTENT_BEGIN
 90
        1
300
VALUE
 93
        6
 90
        4
  1
SEÑAL
 94
        0
300

302
SEÑAL
304
ACVALUE_END
 91
        0
309
CELLCONTENT_END
  1
FORMATTEDCELLCONTENT_BEGIN
170
     1
300
CONTENTFORMAT
  1
CONTENTFORMAT_BEGIN
 90
        3
 91
        0
 92
        4
 93
        0
300

 40
0.0
140
1.0
 94
        1
 62
     0
340
55
144
4.5
309
CONTENTFORMAT_END
309
FORMATTEDCELLCONTENT_END
309
LINKEDTABLEDATACELL_END
  1
FORMATTEDTABLEDATACELL_BEGIN
300
CELLTABLEFORMAT
  1
TABLEFORMAT_BEGIN
 90
        1
170
     1
 91
   408576
 92
        0
 62
   257
 93
        1
300
CONTENTFORMAT
  1
CONTENTFORMAT_BEGIN
 90
        0
 91
        0
 92
      512
 93
        0
300

 40
0.0
140
1.0
 94
        2
 62
     0
340
0
144
0.18
309
CONTENTFORMAT_END
171
     1
301
MARGIN
  1
CELLMARGIN_BEGIN
 40
3.152761065069776
 40
3.152761065069776
 40
3.152761065069776
 40
3.152761065069776
 40
9.458283195209327
 40
9.458283195209327
309
CELLMARGIN_END
 94
        0
309
TABLEFORMAT_END
309
FORMATTEDTABLEDATACELL_END
  1
TABLECELL_BEGIN
 90
        0
 91
        0
309
TABLECELL_END
300
CELL
  1
LINKEDTABLEDATACELL_BEGIN
 90
        0
300

 91
        0
301
CUSTOMDATA
  1
DATAMAP_BEGIN
 90
        1
300
ACAD_ROUNDTRIP_2008_CELL_CHECKSUM
301
DATAMAP_VALUE
 93
        2
 90
        2
140
3515.0
 94
        0
300

302

304
ACVALUE_END
309
DATAMAP_END
 92
        0
 95
        1
302
CONTENT
  1
CELLCONTENT_BEGIN
 90
        1
300
VALUE
 93
        6
 90
        4
  1
2x7x1,5 + C
 94
        0
300

302
2x7x1,5 + C
304
ACVALUE_END
 91
        0
309
CELLCONTENT_END
  1
FORMATTEDCELLCONTENT_BEGIN
170
     1
300
CONTENTFORMAT
  1
CONTENTFORMAT_BEGIN
 90
        3
 91
        0
 92
        4
 93
        0
300

 40
0.0
140
1.0
 94
        1
 62
     0
340
55
144
4.5
309
CONTENTFORMAT_END
309
FORMATTEDCELLCONTENT_END
309
LINKEDTABLEDATACELL_END
  1
FORMATTEDTABLEDATACELL_BEGIN
300
CELLTABLEFORMAT
  1
TABLEFORMAT_BEGIN
 90
        1
170
     1
 91
   408576
 92
        0
 62
   257
 93
        1
300
CONTENTFORMAT
  1
CONTENTFORMAT_BEGIN
 90
        0
 91
        0
 92
      512
 93
        0
300

 40
0.0
140
1.0
 94
        2
 62
     0
340
0
144
0.18
309
CONTENTFORMAT_END
171
     1
301
MARGIN
  1
CELLMARGIN_BEGIN
 40
3.152761065069776
 40
3.152761065069776
 40
3.152761065069776
 40
3.152761065069776
 40
9.458283195209327
 40
9.458283195209327
309
CELLMARGIN_END
 94
        0
309
TABLEFORMAT_END
309
FORMATTEDTABLEDATACELL_END
  1
TABLECELL_BEGIN
 90
        0
 91
        0
309
TABLECELL_END
300
CELL
  1
LINKEDTABLEDATACELL_BEGIN
 90
        0
300

 91
        0
301
CUSTOMDATA
  1
DATAMAP_BEGIN
 90
        1
300
ACAD_ROUNDTRIP_2008_CELL_CHECKSUM
301
DATAMAP_VALUE
 93
        2
 90
        2
140
293.0
 94
        0
300

302

304
ACVALUE_END
309
DATAMAP_END
 92
        0
 95
        1
302
CONTENT
  1
CELLCONTENT_BEGIN
 90
        1
300
VALUE
 93
        4
 90
        1
 91
      500
 94
        0
300
%ds[\,]
302
500
304
ACVALUE_END
 91
        0
309
CELLCONTENT_END
  1
FORMATTEDCELLCONTENT_BEGIN
170
     1
300
CONTENTFORMAT
  1
CONTENTFORMAT_BEGIN
 90
        3
 91
        0
 92
        1
 93
        0
300
%ds[\,]
 40
0.0
140
1.0
 94
        1
 62
     0
340
55
144
4.5
309
CONTENTFORMAT_END
309
FORMATTEDCELLCONTENT_END
309
LINKEDTABLEDATACELL_END
  1
FORMATTEDTABLEDATACELL_BEGIN
300
CELLTABLEFORMAT
  1
TABLEFORMAT_BEGIN
 90
        1
170
     1
 91
   408592
 92
        0
 62
   257
 93
        1
300
CONTENTFORMAT
  1
CONTENTFORMAT_BEGIN
 90
        0
 91
        0
 92
      512
 93
        0
300

 40
0.0
140
1.0
 94
        3
 62
     0
340
0
144
0.18
309
CONTENTFORMAT_END
171
     1
301
MARGIN
  1
CELLMARGIN_BEGIN
 40
3.152761065069776
 40
3.152761065069776
 40
3.152761065069776
 40
3.152761065069776
 40
9.458283195209327
 40
9.458283195209327
309
CELLMARGIN_END
 94
        0
309
TABLEFORMAT_END
309
FORMATTEDTABLEDATACELL_END
  1
TABLECELL_BEGIN
 90
        0
 91
        0
309
TABLECELL_END
 91
        0
301
CUSTOMDATA
  1
DATAMAP_BEGIN
 90
        0
309
DATAMAP_END
309
LINKEDTABLEDATAROW_END
  1
FORMATTEDTABLEDATAROW_BEGIN
300
ROWTABLEFORMAT
  1
TABLEFORMAT_BEGIN
 90
        2
170
     1
 91
      128
 92
        0
 62
   257
 93
        1
300
CONTENTFORMAT
  1
CONTENTFORMAT_BEGIN
 90
        0
 91
        0
 92
      512
 93
        0
300

 40
0.0
140
1.0
 94
        1
 62
     0
340
0
144
9.458283195209327
309
CONTENTFORMAT_END
171
     0
 94
        0
309
TABLEFORMAT_END
309
FORMATTEDTABLEDATAROW_END
  1
TABLEROW_BEGIN
 90
        3
 40
25.05166272740883
309
TABLEROW_END
301
ROW
  1
LINKEDTABLEDATAROW_BEGIN
 90
        4
300
CELL
  1
LINKEDTABLEDATACELL_BEGIN
 90
        0
300

 91
        0
301
CUSTOMDATA
  1
DATAMAP_BEGIN
 90
        1
300
ACAD_ROUNDTRIP_2008_CELL_CHECKSUM
301
DATAMAP_VALUE
 93
        2
 90
        2
140
679.0
 94
        0
300

302

304
ACVALUE_END
309
DATAMAP_END
 92
        0
 95
        1
302
CONTENT
  1
CELLCONTENT_BEGIN
 90
        1
300
VALUE
 93
        6
 90
        4
  1
6DGE
 94
        0
300

302
6DGE
304
ACVALUE_END
 91
        0
309
CELLCONTENT_END
  1
FORMATTEDCELLCONTENT_BEGIN
170
     1
300
CONTENTFORMAT
  1
CONTENTFORMAT_BEGIN
 90
        3
 91
        0
 92
        4
 93
        0
300

 40
0.0
140
1.0
 94
        1
 62
     0
340
55
144
4.5
309
CONTENTFORMAT_END
309
FORMATTEDCELLCONTENT_END
309
LINKEDTABLEDATACELL_END
  1
FORMATTEDTABLEDATACELL_BEGIN
300
CELLTABLEFORMAT
  1
TABLEFORMAT_BEGIN
 90
        1
170
     1
 91
   408576
 92
        0
 62
   257
 93
        1
300
CONTENTFORMAT
  1
CONTENTFORMAT_BEGIN
 90
        0
 91
        0
 92
      512
 93
        0
300

 40
0.0
140
1.0
 94
        2
 62
     0
340
0
144
0.18
309
CONTENTFORMAT_END
171
     1
301
MARGIN
  1
CELLMARGIN_BEGIN
 40
3.152761065069776
 40
3.152761065069776
 40
3.152761065069776
 40
3.152761065069776
 40
9.458283195209327
 40
9.458283195209327
309
CELLMARGIN_END
 94
        0
309
TABLEFORMAT_END
309
FORMATTEDTABLEDATACELL_END
  1
TABLECELL_BEGIN
 90
        0
 91
        0
309
TABLECELL_END
300
CELL
  1
LINKEDTABLEDATACELL_BEGIN
 90
        0
300

 91
        0
301
CUSTOMDATA
  1
DATAMAP_BEGIN
 90
        1
300
ACAD_ROUNDTRIP_2008_CELL_CHECKSUM
301
DATAMAP_VALUE
 93
        2
 90
        2
140
1488.0
 94
        0
300

302

304
ACVALUE_END
309
DATAMAP_END
 92
        0
 95
        1
302
CONTENT
  1
CELLCONTENT_BEGIN
 90
        1
300
VALUE
 93
        6
 90
        4
  1
SEÑAL
 94
        0
300

302
SEÑAL
304
ACVALUE_END
 91
        0
309
CELLCONTENT_END
  1
FORMATTEDCELLCONTENT_BEGIN
170
     1
300
CONTENTFORMAT
  1
CONTENTFORMAT_BEGIN
 90
        3
 91
        0
 92
        4
 93
        0
300

 40
0.0
140
1.0
 94
        1
 62
     0
340
55
144
4.5
309
CONTENTFORMAT_END
309
FORMATTEDCELLCONTENT_END
309
LINKEDTABLEDATACELL_END
  1
FORMATTEDTABLEDATACELL_BEGIN
300
CELLTABLEFORMAT
  1
TABLEFORMAT_BEGIN
 90
        1
170
     1
 91
   408576
 92
        0
 62
   257
 93
        1
300
CONTENTFORMAT
  1
CONTENTFORMAT_BEGIN
 90
        0
 91
        0
 92
      512
 93
        0
300

 40
0.0
140
1.0
 94
        2
 62
     0
340
0
144
0.18
309
CONTENTFORMAT_END
171
     1
301
MARGIN
  1
CELLMARGIN_BEGIN
 40
3.152761065069776
 40
3.152761065069776
 40
3.152761065069776
 40
3.152761065069776
 40
9.458283195209327
 40
9.458283195209327
309
CELLMARGIN_END
 94
        0
309
TABLEFORMAT_END
309
FORMATTEDTABLEDATACELL_END
  1
TABLECELL_BEGIN
 90
        0
 91
        0
309
TABLECELL_END
300
CELL
  1
LINKEDTABLEDATACELL_BEGIN
 90
        0
300

 91
        0
301
CUSTOMDATA
  1
DATAMAP_BEGIN
 90
        1
300
ACAD_ROUNDTRIP_2008_CELL_CHECKSUM
301
DATAMAP_VALUE
 93
        2
 90
        2
140
3515.0
 94
        0
300

302

304
ACVALUE_END
309
DATAMAP_END
 92
        0
 95
        1
302
CONTENT
  1
CELLCONTENT_BEGIN
 90
        1
300
VALUE
 93
        6
 90
        4
  1
2x7x1,5 + C
 94
        0
300

302
2x7x1,5 + C
304
ACVALUE_END
 91
        0
309
CELLCONTENT_END
  1
FORMATTEDCELLCONTENT_BEGIN
170
     1
300
CONTENTFORMAT
  1
CONTENTFORMAT_BEGIN
 90
        3
 91
        0
 92
        4
 93
        0
300

 40
0.0
140
1.0
 94
        1
 62
     0
340
55
144
4.5
309
CONTENTFORMAT_END
309
FORMATTEDCELLCONTENT_END
309
LINKEDTABLEDATACELL_END
  1
FORMATTEDTABLEDATACELL_BEGIN
300
CELLTABLEFORMAT
  1
TABLEFORMAT_BEGIN
 90
        1
170
     1
 91
   408576
 92
        0
 62
   257
 93
        1
300
CONTENTFORMAT
  1
CONTENTFORMAT_BEGIN
 90
        0
 91
        0
 92
      512
 93
        0
300

 40
0.0
140
1.0
 94
        2
 62
     0
340
0
144
0.18
309
CONTENTFORMAT_END
171
     1
301
MARGIN
  1
CELLMARGIN_BEGIN
 40
3.152761065069776
 40
3.152761065069776
 40
3.152761065069776
 40
3.152761065069776
 40
9.458283195209327
 40
9.458283195209327
309
CELLMARGIN_END
 94
        0
309
TABLEFORMAT_END
309
FORMATTEDTABLEDATACELL_END
  1
TABLECELL_BEGIN
 90
        0
 91
        0
309
TABLECELL_END
300
CELL
  1
LINKEDTABLEDATACELL_BEGIN
 90
        0
300

 91
        0
301
CUSTOMDATA
  1
DATAMAP_BEGIN
 90
        1
300
ACAD_ROUNDTRIP_2008_CELL_CHECKSUM
301
DATAMAP_VALUE
 93
        2
 90
        2
140
294.0
 94
        0
300

302

304
ACVALUE_END
309
DATAMAP_END
 92
        0
 95
        1
302
CONTENT
  1
CELLCONTENT_BEGIN
 90
        1
300
VALUE
 93
        4
 90
        1
 91
      600
 94
        0
300
%ds[\,]
302
600
304
ACVALUE_END
 91
        0
309
CELLCONTENT_END
  1
FORMATTEDCELLCONTENT_BEGIN
170
     1
300
CONTENTFORMAT
  1
CONTENTFORMAT_BEGIN
 90
        3
 91
        0
 92
        1
 93
        0
300
%ds[\,]
 40
0.0
140
1.0
 94
        1
 62
     0
340
55
144
4.5
309
CONTENTFORMAT_END
309
FORMATTEDCELLCONTENT_END
309
LINKEDTABLEDATACELL_END
  1
FORMATTEDTABLEDATACELL_BEGIN
300
CELLTABLEFORMAT
  1
TABLEFORMAT_BEGIN
 90
        1
170
     1
 91
   408592
 92
        0
 62
   257
 93
        1
300
CONTENTFORMAT
  1
CONTENTFORMAT_BEGIN
 90
        0
 91
        0
 92
      512
 93
        0
300

 40
0.0
140
1.0
 94
        3
 62
     0
340
0
144
0.18
309
CONTENTFORMAT_END
171
     1
301
MARGIN
  1
CELLMARGIN_BEGIN
 40
3.152761065069776
 40
3.152761065069776
 40
3.152761065069776
 40
3.152761065069776
 40
9.458283195209327
 40
9.458283195209327
309
CELLMARGIN_END
 94
        0
309
TABLEFORMAT_END
309
FORMATTEDTABLEDATACELL_END
  1
TABLECELL_BEGIN
 90
        0
 91
        0
309
TABLECELL_END
 91
        0
301
CUSTOMDATA
  1
DATAMAP_BEGIN
 90
        0
309
DATAMAP_END
309
LINKEDTABLEDATAROW_END
  1
FORMATTEDTABLEDATAROW_BEGIN
300
ROWTABLEFORMAT
  1
TABLEFORMAT_BEGIN
 90
        2
170
     1
 91
      128
 92
        0
 62
   257
 93
        1
300
CONTENTFORMAT
  1
CONTENTFORMAT_BEGIN
 90
        0
 91
        0
 92
      512
 93
        0
300

 40
0.0
140
1.0
 94
        1
 62
     0
340
0
144
9.458283195209327
309
CONTENTFORMAT_END
171
     0
 94
        0
309
TABLEFORMAT_END
309
FORMATTEDTABLEDATAROW_END
  1
TABLEROW_BEGIN
 90
        3
 40
25.05166272740883
309
TABLEROW_END
301
ROW
  1
LINKEDTABLEDATAROW_BEGIN
 90
        4
300
CELL
  1
LINKEDTABLEDATACELL_BEGIN
 90
        0
300

 91
        0
301
CUSTOMDATA
  1
DATAMAP_BEGIN
 90
        1
300
ACAD_ROUNDTRIP_2008_CELL_CHECKSUM
301
DATAMAP_VALUE
 93
        2
 90
        2
140
188.0
 94
        0
300

302

304
ACVALUE_END
309
DATAMAP_END
 92
        0
 95
        1
302
CONTENT
  1
CELLCONTENT_BEGIN
 90
        1
300
VALUE
 93
        6
 90
        4
  1
4D
 94
        0
300

302
4D
304
ACVALUE_END
 91
        0
309
CELLCONTENT_END
  1
FORMATTEDCELLCONTENT_BEGIN
170
     1
300
CONTENTFORMAT
  1
CONTENTFORMAT_BEGIN
 90
        3
 91
        0
 92
        4
 93
        0
300

 40
0.0
140
1.0
 94
        1
 62
     0
340
55
144
4.5
309
CONTENTFORMAT_END
309
FORMATTEDCELLCONTENT_END
309
LINKEDTABLEDATACELL_END
  1
FORMATTEDTABLEDATACELL_BEGIN
300
CELLTABLEFORMAT
  1
TABLEFORMAT_BEGIN
 90
        1
170
     1
 91
   408576
 92
        0
 62
   257
 93
        1
300
CONTENTFORMAT
  1
CONTENTFORMAT_BEGIN
 90
        0
 91
        0
 92
      512
 93
        0
300

 40
0.0
140
1.0
 94
        2
 62
     0
340
0
144
0.18
309
CONTENTFORMAT_END
171
     1
301
MARGIN
  1
CELLMARGIN_BEGIN
 40
3.152761065069776
 40
3.152761065069776
 40
3.152761065069776
 40
3.152761065069776
 40
9.458283195209327
 40
9.458283195209327
309
CELLMARGIN_END
 94
        0
309
TABLEFORMAT_END
309
FORMATTEDTABLEDATACELL_END
  1
TABLECELL_BEGIN
 90
        0
 91
        0
309
TABLECELL_END
300
CELL
  1
LINKEDTABLEDATACELL_BEGIN
 90
        0
300

 91
        0
301
CUSTOMDATA
  1
DATAMAP_BEGIN
 90
        1
300
ACAD_ROUNDTRIP_2008_CELL_CHECKSUM
301
DATAMAP_VALUE
 93
        2
 90
        2
140
1488.0
 94
        0
300

302

304
ACVALUE_END
309
DATAMAP_END
 92
        0
 95
        1
302
CONTENT
  1
CELLCONTENT_BEGIN
 90
        1
300
VALUE
 93
        6
 90
        4
  1
SEÑAL
 94
        0
300

302
SEÑAL
304
ACVALUE_END
 91
        0
309
CELLCONTENT_END
  1
FORMATTEDCELLCONTENT_BEGIN
170
     1
300
CONTENTFORMAT
  1
CONTENTFORMAT_BEGIN
 90
        3
 91
        0
 92
        4
 93
        0
300

 40
0.0
140
1.0
 94
        1
 62
     0
340
55
144
4.5
309
CONTENTFORMAT_END
309
FORMATTEDCELLCONTENT_END
309
LINKEDTABLEDATACELL_END
  1
FORMATTEDTABLEDATACELL_BEGIN
300
CELLTABLEFORMAT
  1
TABLEFORMAT_BEGIN
 90
        1
170
     1
 91
   408576
 92
        0
 62
   257
 93
        1
300
CONTENTFORMAT
  1
CONTENTFORMAT_BEGIN
 90
        0
 91
        0
 92
      512
 93
        0
300

 40
0.0
140
1.0
 94
        2
 62
     0
340
0
144
0.18
309
CONTENTFORMAT_END
171
     1
301
MARGIN
  1
CELLMARGIN_BEGIN
 40
3.152761065069776
 40
3.152761065069776
 40
3.152761065069776
 40
3.152761065069776
 40
9.458283195209327
 40
9.458283195209327
309
CELLMARGIN_END
 94
        0
309
TABLEFORMAT_END
309
FORMATTEDTABLEDATACELL_END
  1
TABLECELL_BEGIN
 90
        0
 91
        0
309
TABLECELL_END
300
CELL
  1
LINKEDTABLEDATACELL_BEGIN
 90
        0
300

 91
        0
301
CUSTOMDATA
  1
DATAMAP_BEGIN
 90
        1
300
ACAD_ROUNDTRIP_2008_CELL_CHECKSUM
301
DATAMAP_VALUE
 93
        2
 90
        2
140
2235.0
 94
        0
300

302

304
ACVALUE_END
309
DATAMAP_END
 92
        0
 95
        1
302
CONTENT
  1
CELLCONTENT_BEGIN
 90
        1
300
VALUE
 93
        6
 90
        4
  1
7x1,5 + C
 94
        0
300

302
7x1,5 + C
304
ACVALUE_END
 91
        0
309
CELLCONTENT_END
  1
FORMATTEDCELLCONTENT_BEGIN
170
     1
300
CONTENTFORMAT
  1
CONTENTFORMAT_BEGIN
 90
        3
 91
        0
 92
        4
 93
        0
300

 40
0.0
140
1.0
 94
        1
 62
     0
340
55
144
4.5
309
CONTENTFORMAT_END
309
FORMATTEDCELLCONTENT_END
309
LINKEDTABLEDATACELL_END
  1
FORMATTEDTABLEDATACELL_BEGIN
300
CELLTABLEFORMAT
  1
TABLEFORMAT_BEGIN
 90
        1
170
     1
 91
   408576
 92
        0
 62
   257
 93
        1
300
CONTENTFORMAT
  1
CONTENTFORMAT_BEGIN
 90
        0
 91
        0
 92
      512
 93
        0
300

 40
0.0
140
1.0
 94
        2
 62
     0
340
0
144
0.18
309
CONTENTFORMAT_END
171
     1
301
MARGIN
  1
CELLMARGIN_BEGIN
 40
3.152761065069776
 40
3.152761065069776
 40
3.152761065069776
 40
3.152761065069776
 40
9.458283195209327
 40
9.458283195209327
309
CELLMARGIN_END
 94
        0
309
TABLEFORMAT_END
309
FORMATTEDTABLEDATACELL_END
  1
TABLECELL_BEGIN
 90
        0
 91
        0
309
TABLECELL_END
300
CELL
  1
LINKEDTABLEDATACELL_BEGIN
 90
        0
300

 91
        0
301
CUSTOMDATA
  1
DATAMAP_BEGIN
 90
        1
300
ACAD_ROUNDTRIP_2008_CELL_CHECKSUM
301
DATAMAP_VALUE
 93
        2
 90
        2
140
485.0
 94
        0
300

302

304
ACVALUE_END
309
DATAMAP_END
 92
        0
 95
        1
302
CONTENT
  1
CELLCONTENT_BEGIN
 90
        1
300
VALUE
 93
        4
 90
        1
 91
     1200
 94
        0
300
%ds[\,]
302
1200
304
ACVALUE_END
 91
        0
309
CELLCONTENT_END
  1
FORMATTEDCELLCONTENT_BEGIN
170
     1
300
CONTENTFORMAT
  1
CONTENTFORMAT_BEGIN
 90
        3
 91
        0
 92
        1
 93
        0
300
%ds[\,]
 40
0.0
140
1.0
 94
        1
 62
     0
340
55
144
4.5
309
CONTENTFORMAT_END
309
FORMATTEDCELLCONTENT_END
309
LINKEDTABLEDATACELL_END
  1
FORMATTEDTABLEDATACELL_BEGIN
300
CELLTABLEFORMAT
  1
TABLEFORMAT_BEGIN
 90
        1
170
     1
 91
   408592
 92
        0
 62
   257
 93
        1
300
CONTENTFORMAT
  1
CONTENTFORMAT_BEGIN
 90
        0
 91
        0
 92
      512
 93
        0
300

 40
0.0
140
1.0
 94
        3
 62
     0
340
0
144
0.18
309
CONTENTFORMAT_END
171
     1
301
MARGIN
  1
CELLMARGIN_BEGIN
 40
3.152761065069776
 40
3.152761065069776
 40
3.152761065069776
 40
3.152761065069776
 40
9.458283195209327
 40
9.458283195209327
309
CELLMARGIN_END
 94
        0
309
TABLEFORMAT_END
309
FORMATTEDTABLEDATACELL_END
  1
TABLECELL_BEGIN
 90
        0
 91
        0
309
TABLECELL_END
 91
        0
301
CUSTOMDATA
  1
DATAMAP_BEGIN
 90
        0
309
DATAMAP_END
309
LINKEDTABLEDATAROW_END
  1
FORMATTEDTABLEDATAROW_BEGIN
300
ROWTABLEFORMAT
  1
TABLEFORMAT_BEGIN
 90
        2
170
     1
 91
      128
 92
        0
 62
   257
 93
        1
300
CONTENTFORMAT
  1
CONTENTFORMAT_BEGIN
 90
        0
 91
        0
 92
      512
 93
        0
300

 40
0.0
140
1.0
 94
        1
 62
     0
340
0
144
9.458283195209327
309
CONTENTFORMAT_END
171
     0
 94
        0
309
TABLEFORMAT_END
309
FORMATTEDTABLEDATAROW_END
  1
TABLEROW_BEGIN
 90
        3
 40
25.05166272740883
309
TABLEROW_END
301
ROW
  1
LINKEDTABLEDATAROW_BEGIN
 90
        4
300
CELL
  1
LINKEDTABLEDATACELL_BEGIN
 90
        0
300

 91
        0
301
CUSTOMDATA
  1
DATAMAP_BEGIN
 90
        1
300
ACAD_ROUNDTRIP_2008_CELL_CHECKSUM
301
DATAMAP_VALUE
 93
        2
 90
        2
140
373.0
 94
        0
300

302

304
ACVALUE_END
309
DATAMAP_END
 92
        0
 95
        1
302
CONTENT
  1
CELLCONTENT_BEGIN
 90
        1
300
VALUE
 93
        6
 90
        4
  1
A4D
 94
        0
300

302
A4D
304
ACVALUE_END
 91
        0
309
CELLCONTENT_END
  1
FORMATTEDCELLCONTENT_BEGIN
170
     1
300
CONTENTFORMAT
  1
CONTENTFORMAT_BEGIN
 90
        3
 91
        0
 92
        4
 93
        0
300

 40
0.0
140
1.0
 94
        1
 62
     0
340
55
144
4.5
309
CONTENTFORMAT_END
309
FORMATTEDCELLCONTENT_END
309
LINKEDTABLEDATACELL_END
  1
FORMATTEDTABLEDATACELL_BEGIN
300
CELLTABLEFORMAT
  1
TABLEFORMAT_BEGIN
 90
        1
170
     1
 91
   408576
 92
        0
 62
   257
 93
        1
300
CONTENTFORMAT
  1
CONTENTFORMAT_BEGIN
 90
        0
 91
        0
 92
      512
 93
        0
300

 40
0.0
140
1.0
 94
        2
 62
     0
340
0
144
0.18
309
CONTENTFORMAT_END
171
     1
301
MARGIN
  1
CELLMARGIN_BEGIN
 40
3.152761065069776
 40
3.152761065069776
 40
3.152761065069776
 40
3.152761065069776
 40
9.458283195209327
 40
9.458283195209327
309
CELLMARGIN_END
 94
        0
309
TABLEFORMAT_END
309
FORMATTEDTABLEDATACELL_END
  1
TABLECELL_BEGIN
 90
        0
 91
        0
309
TABLECELL_END
300
CELL
  1
LINKEDTABLEDATACELL_BEGIN
 90
        0
300

 91
        0
301
CUSTOMDATA
  1
DATAMAP_BEGIN
 90
        1
300
ACAD_ROUNDTRIP_2008_CELL_CHECKSUM
301
DATAMAP_VALUE
 93
        2
 90
        2
140
1488.0
 94
        0
300

302

304
ACVALUE_END
309
DATAMAP_END
 92
        0
 95
        1
302
CONTENT
  1
CELLCONTENT_BEGIN
 90
        1
300
VALUE
 93
        6
 90
        4
  1
SEÑAL
 94
        0
300

302
SEÑAL
304
ACVALUE_END
 91
        0
309
CELLCONTENT_END
  1
FORMATTEDCELLCONTENT_BEGIN
170
     1
300
CONTENTFORMAT
  1
CONTENTFORMAT_BEGIN
 90
        3
 91
        0
 92
        4
 93
        0
300

 40
0.0
140
1.0
 94
        1
 62
     0
340
55
144
4.5
309
CONTENTFORMAT_END
309
FORMATTEDCELLCONTENT_END
309
LINKEDTABLEDATACELL_END
  1
FORMATTEDTABLEDATACELL_BEGIN
300
CELLTABLEFORMAT
  1
TABLEFORMAT_BEGIN
 90
        1
170
     1
 91
   408576
 92
        0
 62
   257
 93
        1
300
CONTENTFORMAT
  1
CONTENTFORMAT_BEGIN
 90
        0
 91
        0
 92
      512
 93
        0
300

 40
0.0
140
1.0
 94
        2
 62
     0
340
0
144
0.18
309
CONTENTFORMAT_END
171
     1
301
MARGIN
  1
CELLMARGIN_BEGIN
 40
3.152761065069776
 40
3.152761065069776
 40
3.152761065069776
 40
3.152761065069776
 40
9.458283195209327
 40
9.458283195209327
309
CELLMARGIN_END
 94
        0
309
TABLEFORMAT_END
309
FORMATTEDTABLEDATACELL_END
  1
TABLECELL_BEGIN
 90
        0
 91
        0
309
TABLECELL_END
300
CELL
  1
LINKEDTABLEDATACELL_BEGIN
 90
        0
300

 91
        0
301
CUSTOMDATA
  1
DATAMAP_BEGIN
 90
        1
300
ACAD_ROUNDTRIP_2008_CELL_CHECKSUM
301
DATAMAP_VALUE
 93
        2
 90
        2
140
2235.0
 94
        0
300

302

304
ACVALUE_END
309
DATAMAP_END
 92
        0
 95
        1
302
CONTENT
  1
CELLCONTENT_BEGIN
 90
        1
300
VALUE
 93
        6
 90
        4
  1
7x1,5 + C
 94
        0
300

302
7x1,5 + C
304
ACVALUE_END
 91
        0
309
CELLCONTENT_END
  1
FORMATTEDCELLCONTENT_BEGIN
170
     1
300
CONTENTFORMAT
  1
CONTENTFORMAT_BEGIN
 90
        3
 91
        0
 92
        4
 93
        0
300

 40
0.0
140
1.0
 94
        1
 62
     0
340
55
144
4.5
309
CONTENTFORMAT_END
309
FORMATTEDCELLCONTENT_END
309
LINKEDTABLEDATACELL_END
  1
FORMATTEDTABLEDATACELL_BEGIN
300
CELLTABLEFORMAT
  1
TABLEFORMAT_BEGIN
 90
        1
170
     1
 91
   408576
 92
        0
 62
   257
 93
        1
300
CONTENTFORMAT
  1
CONTENTFORMAT_BEGIN
 90
        0
 91
        0
 92
      512
 93
        0
300

 40
0.0
140
1.0
 94
        2
 62
     0
340
0
144
0.18
309
CONTENTFORMAT_END
171
     1
301
MARGIN
  1
CELLMARGIN_BEGIN
 40
3.152761065069776
 40
3.152761065069776
 40
3.152761065069776
 40
3.152761065069776
 40
9.458283195209327
 40
9.458283195209327
309
CELLMARGIN_END
 94
        0
309
TABLEFORMAT_END
309
FORMATTEDTABLEDATACELL_END
  1
TABLECELL_BEGIN
 90
        0
 91
        0
309
TABLECELL_END
300
CELL
  1
LINKEDTABLEDATACELL_BEGIN
 90
        0
300

 91
        0
301
CUSTOMDATA
  1
DATAMAP_BEGIN
 90
        1
300
ACAD_ROUNDTRIP_2008_CELL_CHECKSUM
301
DATAMAP_VALUE
 93
        2
 90
        2
140
499.0
 94
        0
300

302

304
ACVALUE_END
309
DATAMAP_END
 92
        0
 95
        1
302
CONTENT
  1
CELLCONTENT_BEGIN
 90
        1
300
VALUE
 93
        4
 90
        1
 91
     1900
 94
        0
300
%ds[\,]
302
1900
304
ACVALUE_END
 91
        0
309
CELLCONTENT_END
  1
FORMATTEDCELLCONTENT_BEGIN
170
     1
300
CONTENTFORMAT
  1
CONTENTFORMAT_BEGIN
 90
        3
 91
        0
 92
        1
 93
        0
300
%ds[\,]
 40
0.0
140
1.0
 94
        1
 62
     0
340
55
144
4.5
309
CONTENTFORMAT_END
309
FORMATTEDCELLCONTENT_END
309
LINKEDTABLEDATACELL_END
  1
FORMATTEDTABLEDATACELL_BEGIN
300
CELLTABLEFORMAT
  1
TABLEFORMAT_BEGIN
 90
        1
170
     1
 91
   408592
 92
        0
 62
   257
 93
        1
300
CONTENTFORMAT
  1
CONTENTFORMAT_BEGIN
 90
        0
 91
        0
 92
      512
 93
        0
300

 40
0.0
140
1.0
 94
        3
 62
     0
340
0
144
0.18
309
CONTENTFORMAT_END
171
     1
301
MARGIN
  1
CELLMARGIN_BEGIN
 40
3.152761065069776
 40
3.152761065069776
 40
3.152761065069776
 40
3.152761065069776
 40
9.458283195209327
 40
9.458283195209327
309
CELLMARGIN_END
 94
        0
309
TABLEFORMAT_END
309
FORMATTEDTABLEDATACELL_END
  1
TABLECELL_BEGIN
 90
        0
 91
        0
309
TABLECELL_END
 91
        0
301
CUSTOMDATA
  1
DATAMAP_BEGIN
 90
        0
309
DATAMAP_END
309
LINKEDTABLEDATAROW_END
  1
FORMATTEDTABLEDATAROW_BEGIN
300
ROWTABLEFORMAT
  1
TABLEFORMAT_BEGIN
 90
        2
170
     1
 91
      128
 92
        0
 62
   257
 93
        1
300
CONTENTFORMAT
  1
CONTENTFORMAT_BEGIN
 90
        0
 91
        0
 92
      512
 93
        0
300

 40
0.0
140
1.0
 94
        1
 62
     0
340
0
144
9.458283195209327
309
CONTENTFORMAT_END
171
     0
 94
        0
309
TABLEFORMAT_END
309
FORMATTEDTABLEDATAROW_END
  1
TABLEROW_BEGIN
 90
        3
 40
25.05166272740883
309
TABLEROW_END
301
ROW
  1
LINKEDTABLEDATAROW_BEGIN
 90
        4
300
CELL
  1
LINKEDTABLEDATACELL_BEGIN
 90
        0
300

 91
        0
301
CUSTOMDATA
  1
DATAMAP_BEGIN
 90
        1
300
ACAD_ROUNDTRIP_2008_CELL_CHECKSUM
301
DATAMAP_VALUE
 93
        2
 90
        2
140
5337.0
 94
        0
300

302

304
ACVALUE_END
309
DATAMAP_END
 92
        0
 95
        1
302
CONTENT
  1
CELLCONTENT_BEGIN
 90
        1
300
VALUE
 93
        6
 90
        4
  1
JUNTA ENLACE
 94
        0
300

302
JUNTA ENLACE
304
ACVALUE_END
 91
        0
309
CELLCONTENT_END
  1
FORMATTEDCELLCONTENT_BEGIN
170
     1
300
CONTENTFORMAT
  1
CONTENTFORMAT_BEGIN
 90
        3
 91
        0
 92
        4
 93
        0
300

 40
0.0
140
1.0
 94
        1
 62
     0
340
55
144
4.5
309
CONTENTFORMAT_END
309
FORMATTEDCELLCONTENT_END
309
LINKEDTABLEDATACELL_END
  1
FORMATTEDTABLEDATACELL_BEGIN
300
CELLTABLEFORMAT
  1
TABLEFORMAT_BEGIN
 90
        1
170
     1
 91
   408576
 92
        0
 62
   257
 93
        1
300
CONTENTFORMAT
  1
CONTENTFORMAT_BEGIN
 90
        0
 91
        0
 92
      512
 93
        0
300

 40
0.0
140
1.0
 94
        2
 62
     0
340
0
144
0.18
309
CONTENTFORMAT_END
171
     1
301
MARGIN
  1
CELLMARGIN_BEGIN
 40
3.152761065069776
 40
3.152761065069776
 40
3.152761065069776
 40
3.152761065069776
 40
9.458283195209327
 40
9.458283195209327
309
CELLMARGIN_END
 94
        0
309
TABLEFORMAT_END
309
FORMATTEDTABLEDATACELL_END
  1
TABLECELL_BEGIN
 90
        0
 91
        0
309
TABLECELL_END
300
CELL
  1
LINKEDTABLEDATACELL_BEGIN
 90
        0
300

 91
        0
301
CUSTOMDATA
  1
DATAMAP_BEGIN
 90
        1
300
ACAD_ROUNDTRIP_2008_CELL_CHECKSUM
301
DATAMAP_VALUE
 93
        2
 90
        2
140
239.0
 94
        0
300

302

304
ACVALUE_END
309
DATAMAP_END
 92
        0
 95
        1
302
CONTENT
  1
CELLCONTENT_BEGIN
 90
        1
300
VALUE
 93
        6
 90
        4
  1
CV
 94
        0
300

302
CV
304
ACVALUE_END
 91
        0
309
CELLCONTENT_END
  1
FORMATTEDCELLCONTENT_BEGIN
170
     1
300
CONTENTFORMAT
  1
CONTENTFORMAT_BEGIN
 90
        3
 91
        0
 92
        4
 93
        0
300

 40
0.0
140
1.0
 94
        1
 62
     0
340
55
144
4.5
309
CONTENTFORMAT_END
309
FORMATTEDCELLCONTENT_END
309
LINKEDTABLEDATACELL_END
  1
FORMATTEDTABLEDATACELL_BEGIN
300
CELLTABLEFORMAT
  1
TABLEFORMAT_BEGIN
 90
        1
170
     1
 91
   408576
 92
        0
 62
   257
 93
        1
300
CONTENTFORMAT
  1
CONTENTFORMAT_BEGIN
 90
        0
 91
        0
 92
      512
 93
        0
300

 40
0.0
140
1.0
 94
        2
 62
     0
340
0
144
0.18
309
CONTENTFORMAT_END
171
     1
301
MARGIN
  1
CELLMARGIN_BEGIN
 40
3.152761065069776
 40
3.152761065069776
 40
3.152761065069776
 40
3.152761065069776
 40
9.458283195209327
 40
9.458283195209327
309
CELLMARGIN_END
 94
        0
309
TABLEFORMAT_END
309
FORMATTEDTABLEDATACELL_END
  1
TABLECELL_BEGIN
 90
        0
 91
        0
309
TABLECELL_END
300
CELL
  1
LINKEDTABLEDATACELL_BEGIN
 90
        0
300

 91
        0
301
CUSTOMDATA
  1
DATAMAP_BEGIN
 90
        1
300
ACAD_ROUNDTRIP_2008_CELL_CHECKSUM
301
DATAMAP_VALUE
 93
        2
 90
        2
140
630.0
 94
        0
300

302

304
ACVALUE_END
309
DATAMAP_END
 92
        0
 95
        1
302
CONTENT
  1
CELLCONTENT_BEGIN
 90
        1
300
VALUE
 93
        6
 90
        4
  1
3x10
 94
        0
300

302
3x10
304
ACVALUE_END
 91
        0
309
CELLCONTENT_END
  1
FORMATTEDCELLCONTENT_BEGIN
170
     1
300
CONTENTFORMAT
  1
CONTENTFORMAT_BEGIN
 90
        3
 91
        0
 92
        4
 93
        0
300

 40
0.0
140
1.0
 94
        1
 62
     0
340
55
144
4.5
309
CONTENTFORMAT_END
309
FORMATTEDCELLCONTENT_END
309
LINKEDTABLEDATACELL_END
  1
FORMATTEDTABLEDATACELL_BEGIN
300
CELLTABLEFORMAT
  1
TABLEFORMAT_BEGIN
 90
        1
170
     1
 91
   408576
 92
        0
 62
   257
 93
        1
300
CONTENTFORMAT
  1
CONTENTFORMAT_BEGIN
 90
        0
 91
        0
 92
      512
 93
        0
300

 40
0.0
140
1.0
 94
        2
 62
     0
340
0
144
0.18
309
CONTENTFORMAT_END
171
     1
301
MARGIN
  1
CELLMARGIN_BEGIN
 40
3.152761065069776
 40
3.152761065069776
 40
3.152761065069776
 40
3.152761065069776
 40
9.458283195209327
 40
9.458283195209327
309
CELLMARGIN_END
 94
        0
309
TABLEFORMAT_END
309
FORMATTEDTABLEDATACELL_END
  1
TABLECELL_BEGIN
 90
        0
 91
        0
309
TABLECELL_END
300
CELL
  1
LINKEDTABLEDATACELL_BEGIN
 90
        0
300

 91
        0
301
CUSTOMDATA
  1
DATAMAP_BEGIN
 90
        1
300
ACAD_ROUNDTRIP_2008_CELL_CHECKSUM
301
DATAMAP_VALUE
 93
        2
 90
        2
140
294.0
 94
        0
300

302

304
ACVALUE_END
309
DATAMAP_END
 92
        0
 95
        1
302
CONTENT
  1
CELLCONTENT_BEGIN
 90
        1
300
VALUE
 93
        6
 90
        1
 91
      600
 94
        0
300

302
600
304
ACVALUE_END
 91
        0
309
CELLCONTENT_END
  1
FORMATTEDCELLCONTENT_BEGIN
170
     1
300
CONTENTFORMAT
  1
CONTENTFORMAT_BEGIN
 90
        3
 91
        0
 92
        1
 93
        0
300

 40
0.0
140
1.0
 94
        1
 62
     0
340
55
144
4.5
309
CONTENTFORMAT_END
309
FORMATTEDCELLCONTENT_END
309
LINKEDTABLEDATACELL_END
  1
FORMATTEDTABLEDATACELL_BEGIN
300
CELLTABLEFORMAT
  1
TABLEFORMAT_BEGIN
 90
        1
170
     1
 91
   408592
 92
        0
 62
   257
 93
        1
300
CONTENTFORMAT
  1
CONTENTFORMAT_BEGIN
 90
        0
 91
        0
 92
      512
 93
        0
300

 40
0.0
140
1.0
 94
        3
 62
     0
340
0
144
0.18
309
CONTENTFORMAT_END
171
     1
301
MARGIN
  1
CELLMARGIN_BEGIN
 40
3.152761065069776
 40
3.152761065069776
 40
3.152761065069776
 40
3.152761065069776
 40
9.458283195209327
 40
9.458283195209327
309
CELLMARGIN_END
 94
        0
309
TABLEFORMAT_END
309
FORMATTEDTABLEDATACELL_END
  1
TABLECELL_BEGIN
 90
        0
 91
        0
309
TABLECELL_END
 91
        0
301
CUSTOMDATA
  1
DATAMAP_BEGIN
 90
        0
309
DATAMAP_END
309
LINKEDTABLEDATAROW_END
  1
FORMATTEDTABLEDATAROW_BEGIN
300
ROWTABLEFORMAT
  1
TABLEFORMAT_BEGIN
 90
        2
170
     1
 91
      128
 92
        0
 62
   257
 93
        1
300
CONTENTFORMAT
  1
CONTENTFORMAT_BEGIN
 90
        0
 91
        0
 92
      512
 93
        0
300

 40
0.0
140
1.0
 94
        1
 62
     0
340
0
144
9.458283195209327
309
CONTENTFORMAT_END
171
     0
 94
        0
309
TABLEFORMAT_END
309
FORMATTEDTABLEDATAROW_END
  1
TABLEROW_BEGIN
 90
        3
 40
25.05166272740883
309
TABLEROW_END
301
ROW
  1
LINKEDTABLEDATAROW_BEGIN
 90
        4
300
CELL
  1
LINKEDTABLEDATACELL_BEGIN
 90
        0
300

 91
        0
301
CUSTOMDATA
  1
DATAMAP_BEGIN
 90
        1
300
ACAD_ROUNDTRIP_2008_CELL_CHECKSUM
301
DATAMAP_VALUE
 93
        2
 90
        2
140
5483.0
 94
        0
300

302

304
ACVALUE_END
309
DATAMAP_END
 92
        0
 95
        1
302
CONTENT
  1
CELLCONTENT_BEGIN
 90
        1
300
VALUE
 93
        6
 90
        4
  1
JUNTA CARGIL
 94
        0
300

302
JUNTA CARGIL
304
ACVALUE_END
 91
        0
309
CELLCONTENT_END
  1
FORMATTEDCELLCONTENT_BEGIN
170
     1
300
CONTENTFORMAT
  1
CONTENTFORMAT_BEGIN
 90
        3
 91
        0
 92
        4
 93
        0
300

 40
0.0
140
1.0
 94
        1
 62
     0
340
55
144
4.5
309
CONTENTFORMAT_END
309
FORMATTEDCELLCONTENT_END
309
LINKEDTABLEDATACELL_END
  1
FORMATTEDTABLEDATACELL_BEGIN
300
CELLTABLEFORMAT
  1
TABLEFORMAT_BEGIN
 90
        1
170
     1
 91
   408576
 92
        0
 62
   257
 93
        1
300
CONTENTFORMAT
  1
CONTENTFORMAT_BEGIN
 90
        0
 91
        0
 92
      512
 93
        0
300

 40
0.0
140
1.0
 94
        2
 62
     0
340
0
144
0.18
309
CONTENTFORMAT_END
171
     1
301
MARGIN
  1
CELLMARGIN_BEGIN
 40
3.152761065069776
 40
3.152761065069776
 40
3.152761065069776
 40
3.152761065069776
 40
9.458283195209327
 40
9.458283195209327
309
CELLMARGIN_END
 94
        0
309
TABLEFORMAT_END
309
FORMATTEDTABLEDATACELL_END
  1
TABLECELL_BEGIN
 90
        0
 91
        0
309
TABLECELL_END
300
CELL
  1
LINKEDTABLEDATACELL_BEGIN
 90
        0
300

 91
        0
301
CUSTOMDATA
  1
DATAMAP_BEGIN
 90
        1
300
ACAD_ROUNDTRIP_2008_CELL_CHECKSUM
301
DATAMAP_VALUE
 93
        2
 90
        2
140
239.0
 94
        0
300

302

304
ACVALUE_END
309
DATAMAP_END
 92
        0
 95
        1
302
CONTENT
  1
CELLCONTENT_BEGIN
 90
        1
300
VALUE
 93
        6
 90
        4
  1
CV
 94
        0
300

302
CV
304
ACVALUE_END
 91
        0
309
CELLCONTENT_END
  1
FORMATTEDCELLCONTENT_BEGIN
170
     1
300
CONTENTFORMAT
  1
CONTENTFORMAT_BEGIN
 90
        3
 91
        0
 92
        4
 93
        0
300

 40
0.0
140
1.0
 94
        1
 62
     0
340
55
144
4.5
309
CONTENTFORMAT_END
309
FORMATTEDCELLCONTENT_END
309
LINKEDTABLEDATACELL_END
  1
FORMATTEDTABLEDATACELL_BEGIN
300
CELLTABLEFORMAT
  1
TABLEFORMAT_BEGIN
 90
        1
170
     1
 91
   408576
 92
        0
 62
   257
 93
        1
300
CONTENTFORMAT
  1
CONTENTFORMAT_BEGIN
 90
        0
 91
        0
 92
      512
 93
        0
300

 40
0.0
140
1.0
 94
        2
 62
     0
340
0
144
0.18
309
CONTENTFORMAT_END
171
     1
301
MARGIN
  1
CELLMARGIN_BEGIN
 40
3.152761065069776
 40
3.152761065069776
 40
3.152761065069776
 40
3.152761065069776
 40
9.458283195209327
 40
9.458283195209327
309
CELLMARGIN_END
 94
        0
309
TABLEFORMAT_END
309
FORMATTEDTABLEDATACELL_END
  1
TABLECELL_BEGIN
 90
        0
 91
        0
309
TABLECELL_END
300
CELL
  1
LINKEDTABLEDATACELL_BEGIN
 90
        0
300

 91
        0
301
CUSTOMDATA
  1
DATAMAP_BEGIN
 90
        1
300
ACAD_ROUNDTRIP_2008_CELL_CHECKSUM
301
DATAMAP_VALUE
 93
        2
 90
        2
140
630.0
 94
        0
300

302

304
ACVALUE_END
309
DATAMAP_END
 92
        0
 95
        1
302
CONTENT
  1
CELLCONTENT_BEGIN
 90
        1
300
VALUE
 93
        6
 90
        4
  1
3x10
 94
        0
300

302
3x10
304
ACVALUE_END
 91
        0
309
CELLCONTENT_END
  1
FORMATTEDCELLCONTENT_BEGIN
170
     1
300
CONTENTFORMAT
  1
CONTENTFORMAT_BEGIN
 90
        3
 91
        0
 92
        4
 93
        0
300

 40
0.0
140
1.0
 94
        1
 62
     0
340
55
144
4.5
309
CONTENTFORMAT_END
309
FORMATTEDCELLCONTENT_END
309
LINKEDTABLEDATACELL_END
  1
FORMATTEDTABLEDATACELL_BEGIN
300
CELLTABLEFORMAT
  1
TABLEFORMAT_BEGIN
 90
        1
170
     1
 91
   408576
 92
        0
 62
   257
 93
        1
300
CONTENTFORMAT
  1
CONTENTFORMAT_BEGIN
 90
        0
 91
        0
 92
      512
 93
        0
300

 40
0.0
140
1.0
 94
        2
 62
     0
340
0
144
0.18
309
CONTENTFORMAT_END
171
     1
301
MARGIN
  1
CELLMARGIN_BEGIN
 40
3.152761065069776
 40
3.152761065069776
 40
3.152761065069776
 40
3.152761065069776
 40
9.458283195209327
 40
9.458283195209327
309
CELLMARGIN_END
 94
        0
309
TABLEFORMAT_END
309
FORMATTEDTABLEDATACELL_END
  1
TABLECELL_BEGIN
 90
        0
 91
        0
309
TABLECELL_END
300
CELL
  1
LINKEDTABLEDATACELL_BEGIN
 90
        0
300

 91
        0
301
CUSTOMDATA
  1
DATAMAP_BEGIN
 90
        1
300
ACAD_ROUNDTRIP_2008_CELL_CHECKSUM
301
DATAMAP_VALUE
 93
        2
 90
        2
140
301.0
 94
        0
300

302

304
ACVALUE_END
309
DATAMAP_END
 92
        0
 95
        1
302
CONTENT
  1
CELLCONTENT_BEGIN
 90
        1
300
VALUE
 93
        6
 90
        1
 91
      350
 94
        0
300

302
350
304
ACVALUE_END
 91
        0
309
CELLCONTENT_END
  1
FORMATTEDCELLCONTENT_BEGIN
170
     1
300
CONTENTFORMAT
  1
CONTENTFORMAT_BEGIN
 90
        3
 91
        0
 92
        1
 93
        0
300

 40
0.0
140
1.0
 94
        1
 62
     0
340
55
144
4.5
309
CONTENTFORMAT_END
309
FORMATTEDCELLCONTENT_END
309
LINKEDTABLEDATACELL_END
  1
FORMATTEDTABLEDATACELL_BEGIN
300
CELLTABLEFORMAT
  1
TABLEFORMAT_BEGIN
 90
        1
170
     1
 91
   408592
 92
        0
 62
   257
 93
        1
300
CONTENTFORMAT
  1
CONTENTFORMAT_BEGIN
 90
        0
 91
        0
 92
      512
 93
        0
300

 40
0.0
140
1.0
 94
        3
 62
     0
340
0
144
0.18
309
CONTENTFORMAT_END
171
     1
301
MARGIN
  1
CELLMARGIN_BEGIN
 40
3.152761065069776
 40
3.152761065069776
 40
3.152761065069776
 40
3.152761065069776
 40
9.458283195209327
 40
9.458283195209327
309
CELLMARGIN_END
 94
        0
309
TABLEFORMAT_END
309
FORMATTEDTABLEDATACELL_END
  1
TABLECELL_BEGIN
 90
        0
 91
        0
309
TABLECELL_END
 91
        0
301
CUSTOMDATA
  1
DATAMAP_BEGIN
 90
        0
309
DATAMAP_END
309
LINKEDTABLEDATAROW_END
  1
FORMATTEDTABLEDATAROW_BEGIN
300
ROWTABLEFORMAT
  1
TABLEFORMAT_BEGIN
 90
        2
170
     1
 91
      128
 92
        0
 62
   257
 93
        1
300
CONTENTFORMAT
  1
CONTENTFORMAT_BEGIN
 90
        0
 91
        0
 92
      512
 93
        0
300

 40
0.0
140
1.0
 94
        1
 62
     0
340
0
144
9.458283195209327
309
CONTENTFORMAT_END
171
     0
 94
        0
309
TABLEFORMAT_END
309
FORMATTEDTABLEDATAROW_END
  1
TABLEROW_BEGIN
 90
        3
 40
25.05166272740883
309
TABLEROW_END
301
ROW
  1
LINKEDTABLEDATAROW_BEGIN
 90
        4
300
CELL
  1
LINKEDTABLEDATACELL_BEGIN
 90
        0
300

 91
        0
301
CUSTOMDATA
  1
DATAMAP_BEGIN
 90
        1
300
ACAD_ROUNDTRIP_2008_CELL_CHECKSUM
301
DATAMAP_VALUE
 93
        2
 90
        2
140
3515.0
 94
        0
300

302

304
ACVALUE_END
309
DATAMAP_END
 92
        0
 95
        1
302
CONTENT
  1
CELLCONTENT_BEGIN
 90
        1
300
VALUE
 93
        6
 90
        4
  1
CONTADOR 1
 94
        0
300

302
CONTADOR 1
304
ACVALUE_END
 91
        0
309
CELLCONTENT_END
  1
FORMATTEDCELLCONTENT_BEGIN
170
     1
300
CONTENTFORMAT
  1
CONTENTFORMAT_BEGIN
 90
        3
 91
        0
 92
        4
 93
        0
300

 40
0.0
140
1.0
 94
        1
 62
     0
340
55
144
4.5
309
CONTENTFORMAT_END
309
FORMATTEDCELLCONTENT_END
309
LINKEDTABLEDATACELL_END
  1
FORMATTEDTABLEDATACELL_BEGIN
300
CELLTABLEFORMAT
  1
TABLEFORMAT_BEGIN
 90
        1
170
     1
 91
   408576
 92
        0
 62
   257
 93
        1
300
CONTENTFORMAT
  1
CONTENTFORMAT_BEGIN
 90
        0
 91
        0
 92
      512
 93
        0
300

 40
0.0
140
1.0
 94
        2
 62
     0
340
0
144
0.18
309
CONTENTFORMAT_END
171
     1
301
MARGIN
  1
CELLMARGIN_BEGIN
 40
3.152761065069776
 40
3.152761065069776
 40
3.152761065069776
 40
3.152761065069776
 40
9.458283195209327
 40
9.458283195209327
309
CELLMARGIN_END
 94
        0
309
TABLEFORMAT_END
309
FORMATTEDTABLEDATACELL_END
  1
TABLECELL_BEGIN
 90
        0
 91
        0
309
TABLECELL_END
300
CELL
  1
LINKEDTABLEDATACELL_BEGIN
 90
        0
300

 91
        0
301
CUSTOMDATA
  1
DATAMAP_BEGIN
 90
        1
300
ACAD_ROUNDTRIP_2008_CELL_CHECKSUM
301
DATAMAP_VALUE
 93
        2
 90
        2
140
205.0
 94
        0
300

302

304
ACVALUE_END
309
DATAMAP_END
 92
        0
 95
        1
302
CONTENT
  1
CELLCONTENT_BEGIN
 90
        1
300
VALUE
 93
        6
 90
        4
  1
CE
 94
        0
300

302
CE
304
ACVALUE_END
 91
        0
309
CELLCONTENT_END
  1
FORMATTEDCELLCONTENT_BEGIN
170
     1
300
CONTENTFORMAT
  1
CONTENTFORMAT_BEGIN
 90
        3
 91
        0
 92
        4
 93
        0
300

 40
0.0
140
1.0
 94
        1
 62
     0
340
55
144
4.5
309
CONTENTFORMAT_END
309
FORMATTEDCELLCONTENT_END
309
LINKEDTABLEDATACELL_END
  1
FORMATTEDTABLEDATACELL_BEGIN
300
CELLTABLEFORMAT
  1
TABLEFORMAT_BEGIN
 90
        1
170
     1
 91
   408576
 92
        0
 62
   257
 93
        1
300
CONTENTFORMAT
  1
CONTENTFORMAT_BEGIN
 90
        0
 91
        0
 92
      512
 93
        0
300

 40
0.0
140
1.0
 94
        2
 62
     0
340
0
144
0.18
309
CONTENTFORMAT_END
171
     1
301
MARGIN
  1
CELLMARGIN_BEGIN
 40
3.152761065069776
 40
3.152761065069776
 40
3.152761065069776
 40
3.152761065069776
 40
9.458283195209327
 40
9.458283195209327
309
CELLMARGIN_END
 94
        0
309
TABLEFORMAT_END
309
FORMATTEDTABLEDATACELL_END
  1
TABLECELL_BEGIN
 90
        0
 91
        0
309
TABLECELL_END
300
CELL
  1
LINKEDTABLEDATACELL_BEGIN
 90
        0
300

 91
        0
301
CUSTOMDATA
  1
DATAMAP_BEGIN
 90
        1
300
ACAD_ROUNDTRIP_2008_CELL_CHECKSUM
301
DATAMAP_VALUE
 93
        2
 90
        2
140
2668.0
 94
        0
300

302

304
ACVALUE_END
309
DATAMAP_END
 92
        0
 95
        1
302
CONTENT
  1
CELLCONTENT_BEGIN
 90
        1
300
VALUE
 93
        6
 90
        4
  1
CUADRETE
 94
        0
300

302
CUADRETE
304
ACVALUE_END
 91
        0
309
CELLCONTENT_END
  1
FORMATTEDCELLCONTENT_BEGIN
170
     1
300
CONTENTFORMAT
  1
CONTENTFORMAT_BEGIN
 90
        3
 91
        0
 92
        4
 93
        0
300

 40
0.0
140
1.0
 94
        1
 62
     0
340
55
144
4.5
309
CONTENTFORMAT_END
309
FORMATTEDCELLCONTENT_END
309
LINKEDTABLEDATACELL_END
  1
FORMATTEDTABLEDATACELL_BEGIN
300
CELLTABLEFORMAT
  1
TABLEFORMAT_BEGIN
 90
        1
170
     1
 91
   408576
 92
        0
 62
   257
 93
        1
300
CONTENTFORMAT
  1
CONTENTFORMAT_BEGIN
 90
        0
 91
        0
 92
      512
 93
        0
300

 40
0.0
140
1.0
 94
        2
 62
     0
340
0
144
0.18
309
CONTENTFORMAT_END
171
     1
301
MARGIN
  1
CELLMARGIN_BEGIN
 40
3.152761065069776
 40
3.152761065069776
 40
3.152761065069776
 40
3.152761065069776
 40
9.458283195209327
 40
9.458283195209327
309
CELLMARGIN_END
 94
        0
309
TABLEFORMAT_END
309
FORMATTEDTABLEDATACELL_END
  1
TABLECELL_BEGIN
 90
        0
 91
        0
309
TABLECELL_END
300
CELL
  1
LINKEDTABLEDATACELL_BEGIN
 90
        0
300

 91
        0
301
CUSTOMDATA
  1
DATAMAP_BEGIN
 90
        1
300
ACAD_ROUNDTRIP_2008_CELL_CHECKSUM
301
DATAMAP_VALUE
 93
        2
 90
        2
140
301.0
 94
        0
300

302

304
ACVALUE_END
309
DATAMAP_END
 92
        0
 95
        1
302
CONTENT
  1
CELLCONTENT_BEGIN
 90
        1
300
VALUE
 93
        6
 90
        1
 91
      350
 94
        0
300

302
350
304
ACVALUE_END
 91
        0
309
CELLCONTENT_END
  1
FORMATTEDCELLCONTENT_BEGIN
170
     1
300
CONTENTFORMAT
  1
CONTENTFORMAT_BEGIN
 90
        3
 91
        0
 92
        1
 93
        0
300

 40
0.0
140
1.0
 94
        1
 62
     0
340
55
144
4.5
309
CONTENTFORMAT_END
309
FORMATTEDCELLCONTENT_END
309
LINKEDTABLEDATACELL_END
  1
FORMATTEDTABLEDATACELL_BEGIN
300
CELLTABLEFORMAT
  1
TABLEFORMAT_BEGIN
 90
        1
170
     1
 91
   408592
 92
        0
 62
   257
 93
        1
300
CONTENTFORMAT
  1
CONTENTFORMAT_BEGIN
 90
        0
 91
        0
 92
      512
 93
        0
300

 40
0.0
140
1.0
 94
        3
 62
     0
340
0
144
0.18
309
CONTENTFORMAT_END
171
     1
301
MARGIN
  1
CELLMARGIN_BEGIN
 40
3.152761065069776
 40
3.152761065069776
 40
3.152761065069776
 40
3.152761065069776
 40
9.458283195209327
 40
9.458283195209327
309
CELLMARGIN_END
 94
        0
309
TABLEFORMAT_END
309
FORMATTEDTABLEDATACELL_END
  1
TABLECELL_BEGIN
 90
        0
 91
        0
309
TABLECELL_END
 91
        0
301
CUSTOMDATA
  1
DATAMAP_BEGIN
 90
        0
309
DATAMAP_END
309
LINKEDTABLEDATAROW_END
  1
FORMATTEDTABLEDATAROW_BEGIN
300
ROWTABLEFORMAT
  1
TABLEFORMAT_BEGIN
 90
        2
170
     1
 91
      128
 92
        0
 62
   257
 93
        1
300
CONTENTFORMAT
  1
CONTENTFORMAT_BEGIN
 90
        0
 91
        0
 92
      512
 93
        0
300

 40
0.0
140
1.0
 94
        1
 62
     0
340
0
144
9.458283195209327
309
CONTENTFORMAT_END
171
     0
 94
        0
309
TABLEFORMAT_END
309
FORMATTEDTABLEDATAROW_END
  1
TABLEROW_BEGIN
 90
        3
 40
25.05166272740883
309
TABLEROW_END
301
ROW
  1
LINKEDTABLEDATAROW_BEGIN
 90
        4
300
CELL
  1
LINKEDTABLEDATACELL_BEGIN
 90
        0
300

 91
        0
301
CUSTOMDATA
  1
DATAMAP_BEGIN
 90
        1
300
ACAD_ROUNDTRIP_2008_CELL_CHECKSUM
301
DATAMAP_VALUE
 93
        2
 90
        2
140
3525.0
 94
        0
300

302

304
ACVALUE_END
309
DATAMAP_END
 92
        0
 95
        1
302
CONTENT
  1
CELLCONTENT_BEGIN
 90
        1
300
VALUE
 93
        6
 90
        4
  1
CONTADOR 2
 94
        0
300

302
CONTADOR 2
304
ACVALUE_END
 91
        0
309
CELLCONTENT_END
  1
FORMATTEDCELLCONTENT_BEGIN
170
     1
300
CONTENTFORMAT
  1
CONTENTFORMAT_BEGIN
 90
        3
 91
        0
 92
        4
 93
        0
300

 40
0.0
140
1.0
 94
        1
 62
     0
340
55
144
4.5
309
CONTENTFORMAT_END
309
FORMATTEDCELLCONTENT_END
309
LINKEDTABLEDATACELL_END
  1
FORMATTEDTABLEDATACELL_BEGIN
300
CELLTABLEFORMAT
  1
TABLEFORMAT_BEGIN
 90
        1
170
     1
 91
   408576
 92
        0
 62
   257
 93
        1
300
CONTENTFORMAT
  1
CONTENTFORMAT_BEGIN
 90
        0
 91
        0
 92
      512
 93
        0
300

 40
0.0
140
1.0
 94
        2
 62
     0
340
0
144
0.18
309
CONTENTFORMAT_END
171
     1
301
MARGIN
  1
CELLMARGIN_BEGIN
 40
3.152761065069776
 40
3.152761065069776
 40
3.152761065069776
 40
3.152761065069776
 40
9.458283195209327
 40
9.458283195209327
309
CELLMARGIN_END
 94
        0
309
TABLEFORMAT_END
309
FORMATTEDTABLEDATACELL_END
  1
TABLECELL_BEGIN
 90
        0
 91
        0
309
TABLECELL_END
300
CELL
  1
LINKEDTABLEDATACELL_BEGIN
 90
        0
300

 91
        0
301
CUSTOMDATA
  1
DATAMAP_BEGIN
 90
        1
300
ACAD_ROUNDTRIP_2008_CELL_CHECKSUM
301
DATAMAP_VALUE
 93
        2
 90
        2
140
205.0
 94
        0
300

302

304
ACVALUE_END
309
DATAMAP_END
 92
        0
 95
        1
302
CONTENT
  1
CELLCONTENT_BEGIN
 90
        1
300
VALUE
 93
        6
 90
        4
  1
CE
 94
        0
300

302
CE
304
ACVALUE_END
 91
        0
309
CELLCONTENT_END
  1
FORMATTEDCELLCONTENT_BEGIN
170
     1
300
CONTENTFORMAT
  1
CONTENTFORMAT_BEGIN
 90
        3
 91
        0
 92
        4
 93
        0
300

 40
0.0
140
1.0
 94
        1
 62
     0
340
55
144
4.5
309
CONTENTFORMAT_END
309
FORMATTEDCELLCONTENT_END
309
LINKEDTABLEDATACELL_END
  1
FORMATTEDTABLEDATACELL_BEGIN
300
CELLTABLEFORMAT
  1
TABLEFORMAT_BEGIN
 90
        1
170
     1
 91
   408576
 92
        0
 62
   257
 93
        1
300
CONTENTFORMAT
  1
CONTENTFORMAT_BEGIN
 90
        0
 91
        0
 92
      512
 93
        0
300

 40
0.0
140
1.0
 94
        2
 62
     0
340
0
144
0.18
309
CONTENTFORMAT_END
171
     1
301
MARGIN
  1
CELLMARGIN_BEGIN
 40
3.152761065069776
 40
3.152761065069776
 40
3.152761065069776
 40
3.152761065069776
 40
9.458283195209327
 40
9.458283195209327
309
CELLMARGIN_END
 94
        0
309
TABLEFORMAT_END
309
FORMATTEDTABLEDATACELL_END
  1
TABLECELL_BEGIN
 90
        0
 91
        0
309
TABLECELL_END
300
CELL
  1
LINKEDTABLEDATACELL_BEGIN
 90
        0
300

 91
        0
301
CUSTOMDATA
  1
DATAMAP_BEGIN
 90
        1
300
ACAD_ROUNDTRIP_2008_CELL_CHECKSUM
301
DATAMAP_VALUE
 93
        2
 90
        2
140
2668.0
 94
        0
300

302

304
ACVALUE_END
309
DATAMAP_END
 92
        0
 95
        1
302
CONTENT
  1
CELLCONTENT_BEGIN
 90
        1
300
VALUE
 93
        6
 90
        4
  1
CUADRETE
 94
        0
300

302
CUADRETE
304
ACVALUE_END
 91
        0
309
CELLCONTENT_END
  1
FORMATTEDCELLCONTENT_BEGIN
170
     1
300
CONTENTFORMAT
  1
CONTENTFORMAT_BEGIN
 90
        3
 91
        0
 92
        4
 93
        0
300

 40
0.0
140
1.0
 94
        1
 62
     0
340
55
144
4.5
309
CONTENTFORMAT_END
309
FORMATTEDCELLCONTENT_END
309
LINKEDTABLEDATACELL_END
  1
FORMATTEDTABLEDATACELL_BEGIN
300
CELLTABLEFORMAT
  1
TABLEFORMAT_BEGIN
 90
        1
170
     1
 91
   408576
 92
        0
 62
   257
 93
        1
300
CONTENTFORMAT
  1
CONTENTFORMAT_BEGIN
 90
        0
 91
        0
 92
      512
 93
        0
300

 40
0.0
140
1.0
 94
        2
 62
     0
340
0
144
0.18
309
CONTENTFORMAT_END
171
     1
301
MARGIN
  1
CELLMARGIN_BEGIN
 40
3.152761065069776
 40
3.152761065069776
 40
3.152761065069776
 40
3.152761065069776
 40
9.458283195209327
 40
9.458283195209327
309
CELLMARGIN_END
 94
        0
309
TABLEFORMAT_END
309
FORMATTEDTABLEDATACELL_END
  1
TABLECELL_BEGIN
 90
        0
 91
        0
309
TABLECELL_END
300
CELL
  1
LINKEDTABLEDATACELL_BEGIN
 90
        0
300

 91
        0
301
CUSTOMDATA
  1
DATAMAP_BEGIN
 90
        1
300
ACAD_ROUNDTRIP_2008_CELL_CHECKSUM
301
DATAMAP_VALUE
 93
        2
 90
        2
140
293.0
 94
        0
300

302

304
ACVALUE_END
309
DATAMAP_END
 92
        0
 95
        1
302
CONTENT
  1
CELLCONTENT_BEGIN
 90
        1
300
VALUE
 93
        6
 90
        1
 91
      500
 94
        0
300

302
500
304
ACVALUE_END
 91
        0
309
CELLCONTENT_END
  1
FORMATTEDCELLCONTENT_BEGIN
170
     1
300
CONTENTFORMAT
  1
CONTENTFORMAT_BEGIN
 90
        3
 91
        0
 92
        1
 93
        0
300

 40
0.0
140
1.0
 94
        1
 62
     0
340
55
144
4.5
309
CONTENTFORMAT_END
309
FORMATTEDCELLCONTENT_END
309
LINKEDTABLEDATACELL_END
  1
FORMATTEDTABLEDATACELL_BEGIN
300
CELLTABLEFORMAT
  1
TABLEFORMAT_BEGIN
 90
        1
170
     1
 91
   408592
 92
        0
 62
   257
 93
        1
300
CONTENTFORMAT
  1
CONTENTFORMAT_BEGIN
 90
        0
 91
        0
 92
      512
 93
        0
300

 40
0.0
140
1.0
 94
        3
 62
     0
340
0
144
0.18
309
CONTENTFORMAT_END
171
     1
301
MARGIN
  1
CELLMARGIN_BEGIN
 40
3.152761065069776
 40
3.152761065069776
 40
3.152761065069776
 40
3.152761065069776
 40
9.458283195209327
 40
9.458283195209327
309
CELLMARGIN_END
 94
        0
309
TABLEFORMAT_END
309
FORMATTEDTABLEDATACELL_END
  1
TABLECELL_BEGIN
 90
        0
 91
        0
309
TABLECELL_END
 91
        0
301
CUSTOMDATA
  1
DATAMAP_BEGIN
 90
        0
309
DATAMAP_END
309
LINKEDTABLEDATAROW_END
  1
FORMATTEDTABLEDATAROW_BEGIN
300
ROWTABLEFORMAT
  1
TABLEFORMAT_BEGIN
 90
        2
170
     1
 91
      128
 92
        0
 62
   257
 93
        1
300
CONTENTFORMAT
  1
CONTENTFORMAT_BEGIN
 90
        0
 91
        0
 92
      512
 93
        0
300

 40
0.0
140
1.0
 94
        1
 62
     0
340
0
144
9.458283195209327
309
CONTENTFORMAT_END
171
     0
 94
        0
309
TABLEFORMAT_END
309
FORMATTEDTABLEDATAROW_END
  1
TABLEROW_BEGIN
 90
        3
 40
25.05166272740883
309
TABLEROW_END
301
ROW
  1
LINKEDTABLEDATAROW_BEGIN
 90
        4
300
CELL
  1
LINKEDTABLEDATACELL_BEGIN
 90
        0
300

 91
        0
301
CUSTOMDATA
  1
DATAMAP_BEGIN
 90
        1
300
ACAD_ROUNDTRIP_2008_CELL_CHECKSUM
301
DATAMAP_VALUE
 93
        2
 90
        2
140
3535.0
 94
        0
300

302

304
ACVALUE_END
309
DATAMAP_END
 92
        0
 95
        1
302
CONTENT
  1
CELLCONTENT_BEGIN
 90
        1
300
VALUE
 93
        6
 90
        4
  1
CONTADOR 3
 94
        0
300

302
CONTADOR 3
304
ACVALUE_END
 91
        0
309
CELLCONTENT_END
  1
FORMATTEDCELLCONTENT_BEGIN
170
     1
300
CONTENTFORMAT
  1
CONTENTFORMAT_BEGIN
 90
        3
 91
        0
 92
        4
 93
        0
300

 40
0.0
140
1.0
 94
        1
 62
     0
340
55
144
4.5
309
CONTENTFORMAT_END
309
FORMATTEDCELLCONTENT_END
309
LINKEDTABLEDATACELL_END
  1
FORMATTEDTABLEDATACELL_BEGIN
300
CELLTABLEFORMAT
  1
TABLEFORMAT_BEGIN
 90
        1
170
     1
 91
   408576
 92
        0
 62
   257
 93
        1
300
CONTENTFORMAT
  1
CONTENTFORMAT_BEGIN
 90
        0
 91
        0
 92
      512
 93
        0
300

 40
0.0
140
1.0
 94
        2
 62
     0
340
0
144
0.18
309
CONTENTFORMAT_END
171
     1
301
MARGIN
  1
CELLMARGIN_BEGIN
 40
3.152761065069776
 40
3.152761065069776
 40
3.152761065069776
 40
3.152761065069776
 40
9.458283195209327
 40
9.458283195209327
309
CELLMARGIN_END
 94
        0
309
TABLEFORMAT_END
309
FORMATTEDTABLEDATACELL_END
  1
TABLECELL_BEGIN
 90
        0
 91
        0
309
TABLECELL_END
300
CELL
  1
LINKEDTABLEDATACELL_BEGIN
 90
        0
300

 91
        0
301
CUSTOMDATA
  1
DATAMAP_BEGIN
 90
        1
300
ACAD_ROUNDTRIP_2008_CELL_CHECKSUM
301
DATAMAP_VALUE
 93
        2
 90
        2
140
205.0
 94
        0
300

302

304
ACVALUE_END
309
DATAMAP_END
 92
        0
 95
        1
302
CONTENT
  1
CELLCONTENT_BEGIN
 90
        1
300
VALUE
 93
        6
 90
        4
  1
CE
 94
        0
300

302
CE
304
ACVALUE_END
 91
        0
309
CELLCONTENT_END
  1
FORMATTEDCELLCONTENT_BEGIN
170
     1
300
CONTENTFORMAT
  1
CONTENTFORMAT_BEGIN
 90
        3
 91
        0
 92
        4
 93
        0
300

 40
0.0
140
1.0
 94
        1
 62
     0
340
55
144
4.5
309
CONTENTFORMAT_END
309
FORMATTEDCELLCONTENT_END
309
LINKEDTABLEDATACELL_END
  1
FORMATTEDTABLEDATACELL_BEGIN
300
CELLTABLEFORMAT
  1
TABLEFORMAT_BEGIN
 90
        1
170
     1
 91
   408576
 92
        0
 62
   257
 93
        1
300
CONTENTFORMAT
  1
CONTENTFORMAT_BEGIN
 90
        0
 91
        0
 92
      512
 93
        0
300

 40
0.0
140
1.0
 94
        2
 62
     0
340
0
144
0.18
309
CONTENTFORMAT_END
171
     1
301
MARGIN
  1
CELLMARGIN_BEGIN
 40
3.152761065069776
 40
3.152761065069776
 40
3.152761065069776
 40
3.152761065069776
 40
9.458283195209327
 40
9.458283195209327
309
CELLMARGIN_END
 94
        0
309
TABLEFORMAT_END
309
FORMATTEDTABLEDATACELL_END
  1
TABLECELL_BEGIN
 90
        0
 91
        0
309
TABLECELL_END
300
CELL
  1
LINKEDTABLEDATACELL_BEGIN
 90
        0
300

 91
        0
301
CUSTOMDATA
  1
DATAMAP_BEGIN
 90
        1
300
ACAD_ROUNDTRIP_2008_CELL_CHECKSUM
301
DATAMAP_VALUE
 93
        2
 90
        2
140
2668.0
 94
        0
300

302

304
ACVALUE_END
309
DATAMAP_END
 92
        0
 95
        1
302
CONTENT
  1
CELLCONTENT_BEGIN
 90
        1
300
VALUE
 93
        6
 90
        4
  1
CUADRETE
 94
        0
300

302
CUADRETE
304
ACVALUE_END
 91
        0
309
CELLCONTENT_END
  1
FORMATTEDCELLCONTENT_BEGIN
170
     1
300
CONTENTFORMAT
  1
CONTENTFORMAT_BEGIN
 90
        3
 91
        0
 92
        4
 93
        0
300

 40
0.0
140
1.0
 94
        1
 62
     0
340
55
144
4.5
309
CONTENTFORMAT_END
309
FORMATTEDCELLCONTENT_END
309
LINKEDTABLEDATACELL_END
  1
FORMATTEDTABLEDATACELL_BEGIN
300
CELLTABLEFORMAT
  1
TABLEFORMAT_BEGIN
 90
        1
170
     1
 91
   408576
 92
        0
 62
   257
 93
        1
300
CONTENTFORMAT
  1
CONTENTFORMAT_BEGIN
 90
        0
 91
        0
 92
      512
 93
        0
300

 40
0.0
140
1.0
 94
        2
 62
     0
340
0
144
0.18
309
CONTENTFORMAT_END
171
     1
301
MARGIN
  1
CELLMARGIN_BEGIN
 40
3.152761065069776
 40
3.152761065069776
 40
3.152761065069776
 40
3.152761065069776
 40
9.458283195209327
 40
9.458283195209327
309
CELLMARGIN_END
 94
        0
309
TABLEFORMAT_END
309
FORMATTEDTABLEDATACELL_END
  1
TABLECELL_BEGIN
 90
        0
 91
        0
309
TABLECELL_END
300
CELL
  1
LINKEDTABLEDATACELL_BEGIN
 90
        0
300

 91
        0
301
CUSTOMDATA
  1
DATAMAP_BEGIN
 90
        1
300
ACAD_ROUNDTRIP_2008_CELL_CHECKSUM
301
DATAMAP_VALUE
 93
        2
 90
        2
140
294.0
 94
        0
300

302

304
ACVALUE_END
309
DATAMAP_END
 92
        0
 95
        1
302
CONTENT
  1
CELLCONTENT_BEGIN
 90
        1
300
VALUE
 93
        6
 90
        1
 91
      600
 94
        0
300

302
600
304
ACVALUE_END
 91
        0
309
CELLCONTENT_END
  1
FORMATTEDCELLCONTENT_BEGIN
170
     1
300
CONTENTFORMAT
  1
CONTENTFORMAT_BEGIN
 90
        3
 91
        0
 92
        1
 93
        0
300

 40
0.0
140
1.0
 94
        1
 62
     0
340
55
144
4.5
309
CONTENTFORMAT_END
309
FORMATTEDCELLCONTENT_END
309
LINKEDTABLEDATACELL_END
  1
FORMATTEDTABLEDATACELL_BEGIN
300
CELLTABLEFORMAT
  1
TABLEFORMAT_BEGIN
 90
        1
170
     1
 91
   408592
 92
        0
 62
   257
 93
        1
300
CONTENTFORMAT
  1
CONTENTFORMAT_BEGIN
 90
        0
 91
        0
 92
      512
 93
        0
300

 40
0.0
140
1.0
 94
        3
 62
     0
340
0
144
0.18
309
CONTENTFORMAT_END
171
     1
301
MARGIN
  1
CELLMARGIN_BEGIN
 40
3.152761065069776
 40
3.152761065069776
 40
3.152761065069776
 40
3.152761065069776
 40
9.458283195209327
 40
9.458283195209327
309
CELLMARGIN_END
 94
        0
309
TABLEFORMAT_END
309
FORMATTEDTABLEDATACELL_END
  1
TABLECELL_BEGIN
 90
        0
 91
        0
309
TABLECELL_END
 91
        0
301
CUSTOMDATA
  1
DATAMAP_BEGIN
 90
        0
309
DATAMAP_END
309
LINKEDTABLEDATAROW_END
  1
FORMATTEDTABLEDATAROW_BEGIN
300
ROWTABLEFORMAT
  1
TABLEFORMAT_BEGIN
 90
        2
170
     1
 91
      128
 92
        0
 62
   257
 93
        1
300
CONTENTFORMAT
  1
CONTENTFORMAT_BEGIN
 90
        0
 91
        0
 92
      512
 93
        0
300

 40
0.0
140
1.0
 94
        1
 62
     0
340
0
144
9.458283195209327
309
CONTENTFORMAT_END
171
     0
 94
        0
309
TABLEFORMAT_END
309
FORMATTEDTABLEDATAROW_END
  1
TABLEROW_BEGIN
 90
        3
 40
25.05166272740883
309
TABLEROW_END
 92
        0
100
AcDbFormattedTableData
300
TABLEFORMAT
  1
TABLEFORMAT_BEGIN
 90
        4
170
     1
 91
   408576
 92
        0
 62
   257
 93
        1
300
CONTENTFORMAT
  1
CONTENTFORMAT_BEGIN
 90
        0
 91
        0
 92
      512
 93
        0
300

 40
0.0
140
1.0
 94
        1
 62
     0
340
0
144
0.18
309
CONTENTFORMAT_END
171
     1
301
MARGIN
  1
CELLMARGIN_BEGIN
 40
3.152761065069776
 40
3.152761065069776
 40
3.152761065069776
 40
3.152761065069776
 40
9.458283195209327
 40
9.458283195209327
309
CELLMARGIN_END
 94
        0
309
TABLEFORMAT_END
 90
        1
 91
        0
 92
        0
 93
        0
 94
        3
100
AcDbTableContent
340
65
  0
TABLEGEOMETRY
  5
CF9E
330
D018
100
AcDbTableGeometry
 90
       21
 91
        4
 92
       84
 93
        3
 40
178.756460353954
 41
18.91656639041866
330
0
 94
        1
 10
232.5879716410423
 20
-8.322149943610838
 30
0.0
 11
318.8134407529497
 21
-14.62767207375054
 31
0.0
 43
172.4509382238144
 44
12.61104426027911
 45
172.4509382238144
 46
12.61104426027911
 95
        0
 93
        3
 40
6.305522130139552
 41
6.305522130139552
330
0
 94
        0
 93
        3
 40
6.305522130139552
 41
6.305522130139552
330
0
 94
        0
 93
        3
 40
6.305522130139552
 41
6.305522130139552
330
0
 94
        0
 93
        3
 40
94.68283195209329
 41
18.91656639041865
330
0
 94
        1
 10
35.51470527726087
 20
-6.220309233564421
 30
0.0
 11
79.70336018823764
 21
-12.52583136370413
 31
0.0
 43
88.37730982195372
 44
12.6110442602791
 45
88.37730982195372
 46
12.6110442602791
 95
        0
 93
        3
 40
53.6969381061862
 41
18.91656639041865
330
0
 94
        1
 10
56.00765220021412
 20
-6.220309233564421
 30
0.0
 11
79.70336018823764
 21
-12.52583136370413
 31
0.0
 43
47.39141597604664
 44
12.6110442602791
 45
47.39141597604664
 46
12.6110442602791
 95
        0
 93
        3
 40
45.81503544351176
 41
15.76380532534888
330
0
 94
        1
 10
59.94860353155082
 20
-7.796689766099461
 30
0.0
 11
79.70336018823719
 21
-12.52583136370413
 31
0.0
 43
39.50951331337221
 44
9.458283195209331
 45
39.50951331337221
 46
9.458283195209331
 95
        0
 93
        3
 40
107.2938762123724
 41
15.76380532534888
330
0
 94
        1
 10
29.20918314712162
 20
-7.796689766099461
 30
0.0
 11
79.70336018823764
 21
-12.52583136370413
 31
0.0
 43
100.9883540822328
 44
9.458283195209327
 45
100.9883540822328
 46
9.458283195209327
 95
        0
 93
        3
 40
25.32208852055821
 41
15.76380532534888
330
0
 94
        1
 10
70.19507699302858
 20
-3.152761065069626
 30
0.0
 11
79.70336018823764
 21
-3.152761065069626
 31
0.0
 43
19.01656639041865
 44
9.458283195209327
 45
19.01656639041865
 46
9.458283195209327
 95
        0
 93
        3
 40
31.62761065069776
 41
15.76380532534888
330
0
 94
        1
 10
67.04231592795849
 20
-3.152761065069626
 30
0.0
 11
79.70336018823764
 21
-3.152761065069626
 31
0.0
 43
25.32208852055821
 44
9.458283195209327
 45
25.32208852055821
 46
9.458283195209327
 95
        0
 93
        3
 40
104.1411151473026
 41
17.34018585788376
330
0
 94
        1
 10
30.78556367965575
 20
-3.152761065069626
 30
0.0
 11
79.70336018823719
 21
-3.152761065069626
 31
0.0
 43
97.83559301716305
 44
11.03466372774421
 45
97.83559301716305
 46
11.03466372774421
 95
        0
 93
        3
 40
28.47484958562798
 41
15.76380532534888
330
0
 94
        1
 10
134.084631855917
 20
-3.152761065069626
 30
0.0
 11
156.2539593114052
 21
-3.152761065069626
 31
0.0
 43
22.16932745548843
 44
9.458283195209327
 45
22.16932745548843
 46
9.458283195209327
 95
        0
 93
        3
 40
25.32208852055821
 41
15.76380532534888
330
0
 94
        1
 10
70.19507699302858
 20
-3.152761065069626
 30
0.0
 11
79.70336018823764
 21
-3.152761065069626
 31
0.0
 43
19.01656639041865
 44
9.458283195209327
 45
19.01656639041865
 46
9.458283195209327
 95
        0
 93
        3
 40
31.62761065069776
 41
15.76380532534888
330
0
 94
        1
 10
67.04231592795849
 20
-3.152761065069626
 30
0.0
 11
79.70336018823764
 21
-3.152761065069626
 31
0.0
 43
25.32208852055821
 44
9.458283195209327
 45
25.32208852055821
 46
9.458283195209327
 95
        0
 93
        3
 40
104.1411151473026
 41
17.34018585788376
330
0
 94
        1
 10
30.78556367965575
 20
-3.152761065069626
 30
0.0
 11
79.70336018823719
 21
-3.152761065069626
 31
0.0
 43
97.83559301716305
 44
11.03466372774421
 45
97.83559301716305
 46
11.03466372774421
 95
        0
 93
        3
 40
30.05123011816287
 41
15.76380532534888
330
0
 94
        1
 10
132.5082513233819
 20
-3.152761065069626
 30
0.0
 11
156.2539593114052
 21
-3.152761065069626
 31
0.0
 43
23.74570798802332
 44
9.458283195209327
 45
23.74570798802332
 46
9.458283195209327
 95
        0
 93
        3
 40
28.47484958562798
 41
15.76380532534888
330
0
 94
        1
 10
68.61869646049354
 20
-3.152761065069626
 30
0.0
 11
79.70336018823764
 21
-3.152761065069626
 31
0.0
 43
22.16932745548843
 44
9.458283195209329
 45
22.16932745548843
 46
9.458283195209329
 95
        0
 93
        3
 40
31.62761065069776
 41
15.76380532534888
330
0
 94
        1
 10
67.04231592795849
 20
-3.152761065069626
 30
0.0
 11
79.70336018823764
 21
-3.152761065069626
 31
0.0
 43
25.32208852055821
 44
9.458283195209327
 45
25.32208852055821
 46
9.458283195209327
 95
        0
 93
        3
 40
104.1411151473026
 41
17.34018585788376
330
0
 94
        1
 10
30.78556367965575
 20
-3.152761065069626
 30
0.0
 11
79.70336018823719
 21
-3.152761065069626
 31
0.0
 43
97.83559301716305
 44
11.03466372774421
 45
97.83559301716305
 46
11.03466372774421
 95
        0
 93
        3
 40
30.05123011816287
 41
15.76380532534888
330
0
 94
        1
 10
132.5082513233819
 20
-3.152761065069626
 30
0.0
 11
156.2539593114052
 21
-3.152761065069626
 31
0.0
 43
23.74570798802332
 44
9.458283195209327
 45
23.74570798802332
 46
9.458283195209327
 95
        0
 93
        3
 40
28.47484958562798
 41
15.76380532534888
330
0
 94
        1
 10
68.61869646049354
 20
-3.152761065069626
 30
0.0
 11
79.70336018823764
 21
-3.152761065069626
 31
0.0
 43
22.16932745548843
 44
9.458283195209327
 45
22.16932745548843
 46
9.458283195209327
 95
        0
 93
        3
 40
31.62761065069776
 41
15.76380532534888
330
0
 94
        1
 10
67.04231592795849
 20
-3.152761065069626
 30
0.0
 11
79.70336018823764
 21
-3.152761065069626
 31
0.0
 43
25.32208852055821
 44
9.458283195209327
 45
25.32208852055821
 46
9.458283195209327
 95
        0
 93
        3
 40
104.1411151473026
 41
17.34018585788376
330
0
 94
        1
 10
30.78556367965575
 20
-3.152761065069626
 30
0.0
 11
79.70336018823719
 21
-3.152761065069626
 31
0.0
 43
97.83559301716305
 44
11.03466372774421
 45
97.83559301716305
 46
11.03466372774421
 95
        0
 93
        3
 40
28.47484958562798
 41
15.76380532534888
330
0
 94
        1
 10
134.084631855917
 20
-3.152761065069626
 30
0.0
 11
156.2539593114052
 21
-3.152761065069626
 31
0.0
 43
22.16932745548843
 44
9.458283195209327
 45
22.16932745548843
 46
9.458283195209327
 95
        0
 93
        3
 40
28.47484958562798
 41
15.76380532534888
330
0
 94
        1
 10
68.61869646049354
 20
-3.152761065069626
 30
0.0
 11
79.70336018823764
 21
-3.152761065069626
 31
0.0
 43
22.16932745548843
 44
9.458283195209329
 45
22.16932745548843
 46
9.458283195209329
 95
        0
 93
        3
 40
31.62761065069776
 41
15.76380532534888
330
0
 94
        1
 10
67.04231592795849
 20
-3.152761065069626
 30
0.0
 11
79.70336018823764
 21
-3.152761065069626
 31
0.0
 43
25.32208852055821
 44
9.458283195209327
 45
25.32208852055821
 46
9.458283195209327
 95
        0
 93
        3
 40
104.1411151473026
 41
17.34018585788376
330
0
 94
        1
 10
30.78556367965575
 20
-3.152761065069626
 30
0.0
 11
79.70336018823719
 21
-3.152761065069626
 31
0.0
 43
97.83559301716305
 44
11.03466372774421
 45
97.83559301716305
 46
11.03466372774421
 95
        0
 93
        3
 40
28.47484958562798
 41
15.76380532534888
330
0
 94
        1
 10
134.084631855917
 20
-3.152761065069626
 30
0.0
 11
156.2539593114052
 21
-3.152761065069626
 31
0.0
 43
22.16932745548843
 44
9.458283195209327
 45
22.16932745548843
 46
9.458283195209327
 95
        0
 93
        3
 40
28.47484958562798
 41
15.76380532534888
330
0
 94
        1
 10
68.61869646049354
 20
-3.152761065069626
 30
0.0
 11
79.70336018823764
 21
-3.152761065069626
 31
0.0
 43
22.16932745548843
 44
9.458283195209327
 45
22.16932745548843
 46
9.458283195209327
 95
        0
 93
        3
 40
31.62761065069776
 41
15.76380532534888
330
0
 94
        1
 10
67.04231592795849
 20
-3.152761065069626
 30
0.0
 11
79.70336018823764
 21
-3.152761065069626
 31
0.0
 43
25.32208852055821
 44
9.458283195209327
 45
25.32208852055821
 46
9.458283195209327
 95
        0
 93
        3
 40
104.1411151473026
 41
17.34018585788376
330
0
 94
        1
 10
30.78556367965575
 20
-3.152761065069626
 30
0.0
 11
79.70336018823719
 21
-3.152761065069626
 31
0.0
 43
97.83559301716305
 44
11.03466372774421
 45
97.83559301716305
 46
11.03466372774421
 95
        0
 93
        3
 40
28.47484958562798
 41
15.76380532534888
330
0
 94
        1
 10
134.084631855917
 20
-3.152761065069626
 30
0.0
 11
156.2539593114052
 21
-3.152761065069626
 31
0.0
 43
22.16932745548843
 44
9.458283195209327
 45
22.16932745548843
 46
9.458283195209327
 95
        0
 93
        3
 40
28.47484958562798
 41
15.76380532534888
330
0
 94
        1
 10
68.61869646049354
 20
-3.152761065069626
 30
0.0
 11
79.70336018823764
 21
-3.152761065069626
 31
0.0
 43
22.16932745548843
 44
9.458283195209327
 45
22.16932745548843
 46
9.458283195209327
 95
        0
 93
        3
 40
50.54417704111641
 41
15.76380532534888
330
0
 94
        1
 10
57.58403273274916
 20
-3.152761065069626
 30
0.0
 11
79.70336018823764
 21
-3.152761065069626
 31
0.0
 43
44.23865491097686
 44
9.458283195209329
 45
44.23865491097686
 46
9.458283195209329
 95
        0
 93
        3
 40
80.49540715927927
 41
17.34018585788376
330
0
 94
        1
 10
42.60841767366719
 20
-3.152761065069626
 30
0.0
 11
79.70336018823719
 21
-3.152761065069626
 31
0.0
 43
74.18988502913972
 44
11.03466372774421
 45
74.18988502913972
 46
11.03466372774421
 95
        0
 93
        3
 40
28.47484958562798
 41
15.76380532534888
330
0
 94
        1
 10
134.084631855917
 20
-3.152761065069626
 30
0.0
 11
156.2539593114052
 21
-3.152761065069626
 31
0.0
 43
22.16932745548843
 44
9.458283195209327
 45
22.16932745548843
 46
9.458283195209327
 95
        0
 93
        3
 40
19.01656639041865
 41
15.76380532534888
330
0
 94
        1
 10
73.34783805809775
 20
-3.152761065069626
 30
0.0
 11
79.70336018823764
 21
-3.152761065069626
 31
0.0
 43
12.7110442602791
 44
9.458283195209327
 45
12.7110442602791
 46
9.458283195209327
 95
        0
 93
        3
 40
50.54417704111641
 41
15.76380532534888
330
0
 94
        1
 10
57.58403273274916
 20
-3.152761065069626
 30
0.0
 11
79.70336018823764
 21
-3.152761065069626
 31
0.0
 43
44.23865491097686
 44
9.458283195209329
 45
44.23865491097686
 46
9.458283195209329
 95
        0
 93
        3
 40
80.49540715927927
 41
17.34018585788376
330
0
 94
        1
 10
42.60841767366719
 20
-3.152761065069626
 30
0.0
 11
79.70336018823719
 21
-3.152761065069626
 31
0.0
 43
74.18988502913972
 44
11.03466372774421
 45
74.18988502913972
 46
11.03466372774421
 95
        0
 93
        3
 40
28.47484958562798
 41
15.76380532534888
330
0
 94
        1
 10
134.084631855917
 20
-3.152761065069626
 30
0.0
 11
156.2539593114052
 21
-3.152761065069626
 31
0.0
 43
22.16932745548843
 44
9.458283195209329
 45
22.16932745548843
 46
9.458283195209329
 95
        0
 93
        3
 40
41.08589384590707
 41
15.76380532534888
330
0
 94
        1
 10
62.31317433035383
 20
-3.152761065069626
 30
0.0
 11
79.70336018823764
 21
-3.152761065069626
 31
0.0
 43
34.78037171576753
 44
9.458283195209327
 45
34.78037171576753
 46
9.458283195209327
 95
        0
 93
        3
 40
50.54417704111641
 41
15.76380532534888
330
0
 94
        1
 10
57.58403273274916
 20
-3.152761065069626
 30
0.0
 11
79.70336018823764
 21
-3.152761065069626
 31
0.0
 43
44.23865491097686
 44
9.458283195209329
 45
44.23865491097686
 46
9.458283195209329
 95
        0
 93
        3
 40
99.41197354969796
 41
17.34018585788376
330
0
 94
        1
 10
33.15013447845786
 20
-3.152761065069626
 30
0.0
 11
79.70336018823719
 21
-3.152761065069626
 31
0.0
 43
93.10645141955841
 44
11.03466372774421
 45
93.10645141955841
 46
11.03466372774421
 95
        0
 93
        3
 40
30.05123011816287
 41
15.76380532534888
330
0
 94
        1
 10
132.5082513233819
 20
-3.152761065069626
 30
0.0
 11
156.2539593114052
 21
-3.152761065069626
 31
0.0
 43
23.74570798802332
 44
9.458283195209327
 45
23.74570798802332
 46
9.458283195209327
 95
        0
 93
        3
 40
69.46074343153506
 41
15.76380532534888
330
0
 94
        1
 10
48.12574953753983
 20
-3.152761065069626
 30
0.0
 11
79.70336018823764
 21
-3.152761065069626
 31
0.0
 43
63.15522130139551
 44
9.458283195209329
 45
63.15522130139551
 46
9.458283195209329
 95
        0
 93
        3
 40
50.54417704111641
 41
15.76380532534888
330
0
 94
        1
 10
57.58403273274916
 20
-3.152761065069626
 30
0.0
 11
79.70336018823764
 21
-3.152761065069626
 31
0.0
 43
44.23865491097686
 44
9.458283195209329
 45
44.23865491097686
 46
9.458283195209329
 95
        0
 93
        3
 40
99.41197354969796
 41
17.34018585788376
330
0
 94
        1
 10
33.15013447845786
 20
-3.152761065069626
 30
0.0
 11
79.70336018823719
 21
-3.152761065069626
 31
0.0
 43
93.10645141955841
 44
11.03466372774421
 45
93.10645141955841
 46
11.03466372774421
 95
        0
 93
        3
 40
30.05123011816287
 41
15.76380532534888
330
0
 94
        1
 10
132.5082513233819
 20
-3.152761065069626
 30
0.0
 11
156.2539593114052
 21
-3.152761065069626
 31
0.0
 43
23.74570798802332
 44
9.458283195209327
 45
23.74570798802332
 46
9.458283195209327
 95
        0
 93
        3
 40
69.46074343153508
 41
15.76380532534888
330
0
 94
        1
 10
48.12574953753983
 20
-3.152761065069626
 30
0.0
 11
79.70336018823764
 21
-3.152761065069626
 31
0.0
 43
63.15522130139552
 44
9.458283195209331
 45
63.15522130139552
 46
9.458283195209331
 95
        0
 93
        3
 40
50.54417704111641
 41
15.76380532534888
330
0
 94
        1
 10
57.58403273274916
 20
-3.152761065069626
 30
0.0
 11
79.70336018823764
 21
-3.152761065069626
 31
0.0
 43
44.23865491097686
 44
9.458283195209329
 45
44.23865491097686
 46
9.458283195209329
 95
        0
 93
        3
 40
99.41197354969796
 41
17.34018585788376
330
0
 94
        1
 10
33.15013447845786
 20
-3.152761065069626
 30
0.0
 11
79.70336018823719
 21
-3.152761065069626
 31
0.0
 43
93.10645141955841
 44
11.03466372774421
 45
93.10645141955841
 46
11.03466372774421
 95
        0
 93
        3
 40
28.47484958562798
 41
15.76380532534888
330
0
 94
        1
 10
134.084631855917
 20
-3.152761065069626
 30
0.0
 11
156.2539593114052
 21
-3.152761065069626
 31
0.0
 43
22.16932745548843
 44
9.458283195209327
 45
22.16932745548843
 46
9.458283195209327
 95
        0
 93
        3
 40
41.08589384590708
 41
15.76380532534888
330
0
 94
        1
 10
62.31317433035383
 20
-3.152761065069626
 30
0.0
 11
79.70336018823764
 21
-3.152761065069626
 31
0.0
 43
34.78037171576754
 44
9.458283195209327
 45
34.78037171576754
 46
9.458283195209327
 95
        0
 93
        3
 40
50.54417704111641
 41
15.76380532534888
330
0
 94
        1
 10
57.58403273274916
 20
-3.152761065069626
 30
0.0
 11
79.70336018823764
 21
-3.152761065069626
 31
0.0
 43
44.23865491097686
 44
9.458283195209329
 45
44.23865491097686
 46
9.458283195209329
 95
        0
 93
        3
 40
99.41197354969796
 41
17.34018585788376
330
0
 94
        1
 10
33.15013447845786
 20
-3.152761065069626
 30
0.0
 11
79.70336018823719
 21
-3.152761065069626
 31
0.0
 43
93.10645141955841
 44
11.03466372774421
 45
93.10645141955841
 46
11.03466372774421
 95
        0
 93
        3
 40
28.47484958562798
 41
15.76380532534888
330
0
 94
        1
 10
134.084631855917
 20
-3.152761065069626
 30
0.0
 11
156.2539593114052
 21
-3.152761065069626
 31
0.0
 43
22.16932745548843
 44
9.458283195209327
 45
22.16932745548843
 46
9.458283195209327
 95
        0
 93
        3
 40
22.16932745548843
 41
15.76380532534888
330
0
 94
        1
 10
71.77145752556317
 20
-3.152761065069626
 30
0.0
 11
79.70336018823764
 21
-3.152761065069626
 31
0.0
 43
15.86380532534888
 44
9.458283195209327
 45
15.86380532534888
 46
9.458283195209327
 95
        0
 93
        3
 40
50.54417704111641
 41
15.76380532534888
330
0
 94
        1
 10
57.58403273274916
 20
-3.152761065069626
 30
0.0
 11
79.70336018823764
 21
-3.152761065069626
 31
0.0
 43
44.23865491097686
 44
9.458283195209329
 45
44.23865491097686
 46
9.458283195209329
 95
        0
 93
        3
 40
80.49540715927927
 41
17.34018585788376
330
0
 94
        1
 10
42.60841767366719
 20
-3.152761065069626
 30
0.0
 11
79.70336018823719
 21
-3.152761065069626
 31
0.0
 43
74.18988502913972
 44
11.03466372774421
 45
74.18988502913972
 46
11.03466372774421
 95
        0
 93
        3
 40
34.78037171576754
 41
15.76380532534888
330
0
 94
        1
 10
127.7791097257768
 20
-3.152761065069626
 30
0.0
 11
156.2539593114052
 21
-3.152761065069626
 31
0.0
 43
28.47484958562798
 44
9.458283195209329
 45
28.47484958562798
 46
9.458283195209329
 95
        0
 93
        3
 40
31.62761065069776
 41
15.76380532534888
330
0
 94
        1
 10
67.04231592795849
 20
-3.152761065069626
 30
0.0
 11
79.70336018823764
 21
-3.152761065069626
 31
0.0
 43
25.32208852055821
 44
9.458283195209327
 45
25.32208852055821
 46
9.458283195209327
 95
        0
 93
        3
 40
50.54417704111641
 41
15.76380532534888
330
0
 94
        1
 10
57.58403273274916
 20
-3.152761065069626
 30
0.0
 11
79.70336018823764
 21
-3.152761065069626
 31
0.0
 43
44.23865491097686
 44
9.458283195209329
 45
44.23865491097686
 46
9.458283195209329
 95
        0
 93
        3
 40
80.49540715927927
 41
17.34018585788376
330
0
 94
        1
 10
42.60841767366719
 20
-3.152761065069626
 30
0.0
 11
79.70336018823719
 21
-3.152761065069626
 31
0.0
 43
74.18988502913972
 44
11.03466372774421
 45
74.18988502913972
 46
11.03466372774421
 95
        0
 93
        3
 40
34.78037171576754
 41
15.76380532534888
330
0
 94
        1
 10
127.7791097257768
 20
-3.152761065069626
 30
0.0
 11
156.2539593114052
 21
-3.152761065069626
 31
0.0
 43
28.47484958562798
 44
9.458283195209327
 45
28.47484958562798
 46
9.458283195209327
 95
        0
 93
        3
 40
116.7521594075817
 41
15.76380532534888
330
0
 94
        1
 10
24.4800415495165
 20
-3.152761065069626
 30
0.0
 11
79.70336018823764
 21
-3.152761065069626
 31
0.0
 43
110.4466372774421
 44
9.458283195209329
 45
110.4466372774421
 46
9.458283195209329
 95
        0
 93
        3
 40
25.32208852055821
 41
15.76380532534888
330
0
 94
        1
 10
70.19507699302858
 20
-3.152761065069626
 30
0.0
 11
79.70336018823764
 21
-3.152761065069626
 31
0.0
 43
19.01656639041865
 44
9.458283195209329
 45
19.01656639041865
 46
9.458283195209329
 95
        0
 93
        3
 40
36.35675224830242
 41
15.76380532534888
330
0
 94
        1
 10
64.67774512915593
 20
-3.152761065069626
 30
0.0
 11
79.70336018823719
 21
-3.152761065069626
 31
0.0
 43
30.05123011816287
 44
9.458283195209327
 45
30.05123011816287
 46
9.458283195209327
 95
        0
 93
        3
 40
28.47484958562798
 41
15.76380532534888
330
0
 94
        1
 10
134.084631855917
 20
-3.152761065069626
 30
0.0
 11
156.2539593114052
 21
-3.152761065069626
 31
0.0
 43
22.16932745548843
 44
9.458283195209327
 45
22.16932745548843
 46
9.458283195209327
 95
        0
 93
        3
 40
113.599398342512
 41
15.76380532534888
330
0
 94
        1
 10
26.05642208205109
 20
-3.152761065069626
 30
0.0
 11
79.70336018823764
 21
-3.152761065069626
 31
0.0
 43
107.2938762123724
 44
9.458283195209327
 45
107.2938762123724
 46
9.458283195209327
 95
        0
 93
        3
 40
25.32208852055821
 41
15.76380532534888
330
0
 94
        1
 10
70.19507699302858
 20
-3.152761065069626
 30
0.0
 11
79.70336018823764
 21
-3.152761065069626
 31
0.0
 43
19.01656639041865
 44
9.458283195209329
 45
19.01656639041865
 46
9.458283195209329
 95
        0
 93
        3
 40
36.35675224830242
 41
15.76380532534888
330
0
 94
        1
 10
64.67774512915593
 20
-3.152761065069626
 30
0.0
 11
79.70336018823719
 21
-3.152761065069626
 31
0.0
 43
30.05123011816287
 44
9.458283195209327
 45
30.05123011816287
 46
9.458283195209327
 95
        0
 93
        3
 40
30.05123011816287
 41
15.76380532534888
330
0
 94
        1
 10
132.5082513233819
 20
-3.152761065069626
 30
0.0
 11
156.2539593114052
 21
-3.152761065069626
 31
0.0
 43
23.74570798802332
 44
9.458283195209327
 45
23.74570798802332
 46
9.458283195209327
 95
        0
 93
        3
 40
94.68283195209329
 41
15.76380532534888
330
0
 94
        1
 10
35.51470527726087
 20
-3.152761065069626
 30
0.0
 11
79.70336018823764
 21
-3.152761065069626
 31
0.0
 43
88.37730982195374
 44
9.458283195209329
 45
88.37730982195374
 46
9.458283195209329
 95
        0
 93
        3
 40
22.16932745548843
 41
15.76380532534888
330
0
 94
        1
 10
71.77145752556317
 20
-3.152761065069626
 30
0.0
 11
79.70336018823764
 21
-3.152761065069626
 31
0.0
 43
15.86380532534888
 44
9.458283195209329
 45
15.86380532534888
 46
9.458283195209329
 95
        0
 93
        3
 40
78.91902662674439
 41
15.76380532534888
330
0
 94
        1
 10
43.39660793993471
 20
-3.152761065069626
 30
0.0
 11
79.70336018823719
 21
-3.152761065069626
 31
0.0
 43
72.61350449660485
 44
9.458283195209329
 45
72.61350449660485
 46
9.458283195209329
 95
        0
 93
        3
 40
30.05123011816287
 41
15.76380532534888
330
0
 94
        1
 10
132.5082513233819
 20
-3.152761065069626
 30
0.0
 11
156.2539593114052
 21
-3.152761065069626
 31
0.0
 43
23.74570798802332
 44
9.458283195209327
 45
23.74570798802332
 46
9.458283195209327
 95
        0
 93
        3
 40
97.83559301716307
 41
15.76380532534888
330
0
 94
        1
 10
33.93832474472584
 20
-3.152761065069626
 30
0.0
 11
79.70336018823764
 21
-3.152761065069626
 31
0.0
 43
91.5300708870235
 44
9.458283195209329
 45
91.5300708870235
 46
9.458283195209329
 95
        0
 93
        3
 40
22.16932745548843
 41
15.76380532534888
330
0
 94
        1
 10
71.77145752556317
 20
-3.152761065069626
 30
0.0
 11
79.70336018823764
 21
-3.152761065069626
 31
0.0
 43
15.86380532534888
 44
9.458283195209329
 45
15.86380532534888
 46
9.458283195209329
 95
        0
 93
        3
 40
78.91902662674439
 41
15.76380532534888
330
0
 94
        1
 10
43.39660793993471
 20
-3.152761065069626
 30
0.0
 11
79.70336018823719
 21
-3.152761065069626
 31
0.0
 43
72.61350449660485
 44
9.458283195209329
 45
72.61350449660485
 46
9.458283195209329
 95
        0
 93
        3
 40
28.47484958562798
 41
15.76380532534888
330
0
 94
        1
 10
134.084631855917
 20
-3.152761065069626
 30
0.0
 11
156.2539593114052
 21
-3.152761065069626
 31
0.0
 43
22.16932745548843
 44
9.458283195209327
 45
22.16932745548843
 46
9.458283195209327
 95
        0
 93
        3
 40
97.83559301716307
 41
15.76380532534888
330
0
 94
        1
 10
33.93832474472584
 20
-3.152761065069626
 30
0.0
 11
79.70336018823764
 21
-3.152761065069626
 31
0.0
 43
91.5300708870235
 44
9.458283195209329
 45
91.5300708870235
 46
9.458283195209329
 95
        0
 93
        3
 40
22.16932745548843
 41
15.76380532534888
330
0
 94
        1
 10
71.77145752556317
 20
-3.152761065069626
 30
0.0
 11
79.70336018823764
 21
-3.152761065069626
 31
0.0
 43
15.86380532534888
 44
9.458283195209329
 45
15.86380532534888
 46
9.458283195209329
 95
        0
 93
        3
 40
78.91902662674439
 41
15.76380532534888
330
0
 94
        1
 10
43.39660793993471
 20
-3.152761065069626
 30
0.0
 11
79.70336018823719
 21
-3.152761065069626
 31
0.0
 43
72.61350449660485
 44
9.458283195209329
 45
72.61350449660485
 46
9.458283195209329
 95
        0
 93
        3
 40
28.47484958562798
 41
15.76380532534888
330
0
 94
        1
 10
134.084631855917
 20
-3.152761065069626
 30
0.0
 11
156.2539593114052
 21
-3.152761065069626
 31
0.0
 43
22.16932745548843
 44
9.458283195209327
 45
22.16932745548843
 46
9.458283195209327
 95
        0
  0
DICTIONARY
  5
1A
330
19
100
AcDbDictionary
280
     1
281
     1
  3
BUMPTILE
360
1C
  3
DIFFUSETILE
360
1B
  3
OPACITYTILE
360
1F
  3
REFLECTIONTILE
360
1E
  3
REFRACTIONTILE
360
20
  3
SPECULARTILE
360
1D
  0
DICTIONARY
  5
12
330
11
100
AcDbDictionary
280
     1
281
     1
  3
BUMPTILE
360
14
  3
DIFFUSETILE
360
13
  3
OPACITYTILE
360
17
  3
REFLECTIONTILE
360
16
  3
REFRACTIONTILE
360
18
  3
SPECULARTILE
360
15
  0
DICTIONARY
  5
22
330
21
100
AcDbDictionary
280
     1
281
     1
  3
BUMPTILE
360
24
  3
DIFFUSETILE
360
23
  3
FBXASSET
360
92EA
  3
OPACITYTILE
360
27
  3
REFLECTIONTILE
360
26
  3
REFRACTIONTILE
360
28
  3
SPECULARTILE
360
25
  0
DICTIONARY
  5
D015
330
65
100
AcDbDictionary
280
     1
281
     1
  3
ACAD_ROUNDTRIP_2008_TABLESTYLE_CELLSTYLEMAP
360
D016
  0
XRECORD
  5
1C
102
{ACAD_REACTORS
330
1A
102
}
330
1A
100
AcDbXrecord
280
     1
270
     1
271
     1
  0
XRECORD
  5
1B
102
{ACAD_REACTORS
330
1A
102
}
330
1A
100
AcDbXrecord
280
     1
270
     1
271
     1
  0
XRECORD
  5
1F
102
{ACAD_REACTORS
330
1A
102
}
330
1A
100
AcDbXrecord
280
     1
270
     1
271
     1
  0
XRECORD
  5
1E
102
{ACAD_REACTORS
330
1A
102
}
330
1A
100
AcDbXrecord
280
     1
270
     1
271
     1
  0
XRECORD
  5
20
102
{ACAD_REACTORS
330
1A
102
}
330
1A
100
AcDbXrecord
280
     1
270
     1
271
     1
  0
XRECORD
  5
1D
102
{ACAD_REACTORS
330
1A
102
}
330
1A
100
AcDbXrecord
280
     1
270
     1
271
     1
  0
XRECORD
  5
14
102
{ACAD_REACTORS
330
12
102
}
330
12
100
AcDbXrecord
280
     1
270
     1
271
     1
  0
XRECORD
  5
13
102
{ACAD_REACTORS
330
12
102
}
330
12
100
AcDbXrecord
280
     1
270
     1
271
     1
  0
XRECORD
  5
17
102
{ACAD_REACTORS
330
12
102
}
330
12
100
AcDbXrecord
280
     1
270
     1
271
     1
  0
XRECORD
  5
16
102
{ACAD_REACTORS
330
12
102
}
330
12
100
AcDbXrecord
280
     1
270
     1
271
     1
  0
XRECORD
  5
18
102
{ACAD_REACTORS
330
12
102
}
330
12
100
AcDbXrecord
280
     1
270
     1
271
     1
  0
XRECORD
  5
15
102
{ACAD_REACTORS
330
12
102
}
330
12
100
AcDbXrecord
280
     1
270
     1
271
     1
  0
XRECORD
  5
24
102
{ACAD_REACTORS
330
22
102
}
330
22
100
AcDbXrecord
280
     1
270
     1
271
     1
  0
XRECORD
  5
23
102
{ACAD_REACTORS
330
22
102
}
330
22
100
AcDbXrecord
280
     1
270
     1
271
     1
  0
XRECORD
  5
92EA
102
{ACAD_REACTORS
330
22
102
}
330
22
100
AcDbXrecord
280
     1
 70
     1
 90
1959938040
 71
     1
  1
2F5BBABC-88CC-4B7A-BD6D-D18CDFDD8B00
311
504B0304140006080800F1489A590DA864A3F6000000A80100004F00000043443243454235342D354341352D343843422D423439462D3041304644333831414539382F4173736574446174612F446566696E6974696F6E4974657261746F7250726F706572746965732E62696EBD50BD4EC33010360C200606241E8081F570
311
129CC64642C8F6C54C2CF000C80DA68DE426559D88B5236F0D67B5BC02277D77A7EFFE3EDD3763ECE76894B213C29EFC25C5E730845DDFBD75EBB0F1EC2C33715CFA784B595B35558B4241A3AC02D1B81A14560D5867E442C9164B5D9E52DF3901C3A79FE39457BEF4A90B31FA218C73BA22E278E366E327BAE5E35D1EBA60
311
2C873D81FD1552DEB43A28CA22BF08FE63FBF0E4530AD323B758D9D6D4026AAB6B10D21A3042392874E1F05E96BA5592BF8634CEBB2E245EB9DA186D2C48692D08D36830B840C0525A7488D214059FD6737ECD7596B11C7C1F79C18F12DEB7C38AE87FB35F504B0304140006080800F1489A59F55C11C1EC00000030020000
311
4500000043443243454235342D354341352D343843422D423439462D3041304644333831414539382F4173736574446174612F496E7374616E636550726F706572746965732E62696EEB606060F80F0540260323103700495E20ED9E9A975A94991C9C9C919A9BA802143072337572727472D6B5B07076D635713277D47572
311
3173D17531B47076717371B1703230604768046931363471713532B5D435353131D635313332D475727372D13534373670367376B67474B5042A03DBCBA019D37FE8ABC6157B20CD04146B0062181F4C03F940F0C11EA29A8141C08141002C0426541C106CAC2CA046088033B02A030AC2157C6006F21A8018AAF50194E601
311
0A610250382264E08660284CD9E98021862280A91564B406929A0FF62C401E28B6F88038B83CB1243943D7A928312F25350524432B0000504B0304140006080800F1489A59B5A795FFE3790000DE7900006B00000043443243454235342D354341352D343843422D423439462D3041304644333831414539382F5265736F75
311
726365732F32463542424142432D383843432D344237412D424436442D4431384344464444384230302F7468756D626E61696C2F302F67656E657269635F706E6701DE79218689504E470D0A1A0A0000000D49484452000001000000010008030000006BAC58540000000467414D410000B18F0BFC61050000000173524742
311
00AECE1CE900000192504C5445818181B3B3B35A5A5A4848486060605C5C5C6464648383835E5E5E6262624E4E4EAFAFAF4A4A4AB5B5B54C4C4CB1B1B1858585B7B7B7585858ADADAD7C7C7C464646787878ABABAB747474A7A7A7686868707070B9B9B96E6E6E6A6A6A8B8B8B666666545454565656A5A5A5505050A1A1A1
311
BBBBBB8F8F8F9F9F9F4242425252527676764040403E3E3E9B9B9B7A7A7A8989897E7E7E9393939797974444448787873C3C3C727272BDBDBD3A3A3A6C6C6CA9A9A9A3A3A32020209D9D9DBFBFBF8D8D8D9595959191912626269999992222222424241E1E1EC1C1C1282828C3C3C32C2C2C2A2A2A2E2E2E303030C5C5C532
311
32321C1C1C363636383838343434C7C7C71A1A1A0E0E0E121212484A484C4E4C1616160A0A0A4A4C4A787A781414147C7E7C9193915E605E464846838583878987B1B3B18587856668665A5C5A626462818381A7A7A5A3A3A1B1B1AFADAFAD7072705C5E5C9D9D9BABADAB7E817EB7B9B7585A58BBBDBB4C4C4A8D8F8D7476
311
74B5B5B3B7B7B59FA19F606260ABABA9A5A5A39B9B99A9A9A78F8F8D6C6C6AC7C7C5451AD12700002000494441547801DCBD89771BD7B5A70B8EE04C702641712605CE034890E220088028C93245451215B713AF388E7DFD9EEDB8DDCE6ABFF4B57D97137BE50FEFEFDBA74049B6AEED74869B7E87404D2814EBB7F76F0F67
311
A8835CEEBFA0E42B854AA5B2BB5B6BCC951A8D52A93657A914FE0BEEE39FFE2FF395B9B9C6CAD2D4C4606F4B7FFF8D1B37EEDCB97587F7CD9B4343BD134BABE7DB48E3FFA7A228ECD6F6574E4786C0FC8B5FFCE2CD5FFCE297BF7CF3CD5FFC92B52FFE58BFF9E69B776E0EF5F79E55CBBBF9FC3F5D3DFFB07F5898ABAF7CDA
311
3B74E74EC0CE20230561BF096E97E05712BFFCC59BC80539DCE83DDD6E54FE61B7747DE17FB8980BBBFB2BBD4337DF487881AAE6C5ACC6AF25207877B2B527BFF1CB3B77FA47561ABBD7F7FA7FE146A5B6BD74E3164C7F51449AE95DB412200EC539418717E7F2F11B376FF62E95FEAF1442BED0581DBCA1BD2780D23F506A
311
FA16E1A7AD974EF17876F00DD7BCB187A1A97AE51FCED5BF2BC1F2BBE5B3C19BE27B43CF26DE00933658FE129B109C2FFF922CC22C4260FA01BEFB462A77DEBC35F42F600C3F5B0795D2E9E02DAD5E650B4438A92801B65C35CBAB7B1EE5041CE69D3B6F1822DFB873EBD6AD3B6FBC71EBC6C86AE967DFC2DFA4CEBFF1BF54
311
F6276EBC114E2F43FEC60B01A0D440A868B2920E5C4BC10D60931ADCB871F3268B21D3851B08E1D6AD9BFD4BF57F7577909FAB86F29B982571136AF01DF5FE32AC3BD9406CAAF2440A54CF176EDD01FBADA1FEFEFE21FE4C9858DFF4183458A9FD2B6708A5A5A137E0EE1D11A9EC0C7C58B2C73C0AD6B479BD76B7790CF899
311
E287FA5B06FB7B07C9195B7851FA8794031EF1FC5F9406BBFB23375420286399B631E93B08022A785C4DBF9996EC3551874094D71B6F487E80F6837E50F483BDBDBD83232323AC420A18C68DA196EDDADF68A77F938F78FD972BABBDB7B87FB164AC6FC2CB760365821ACB74AED44FFAD7E7431ECD7E08AC421F391D199998
311
989A383D9D98E8E56F84A318C58D9BFD2DAB73FF5222C8EFAEF4DE7AF30D756E5108683DA471E70D0502099A7240F19E4089D3FD203E620F1B47BF43501E85031AE44B4B9F2E4D2D9D4D51D8970983FA861B3706FF950CA170DE82F6B312CC4F42C8966295F7D725ED29882415DC055F36DEA1FE96FEC141493F05FAA9A9A5
311
A595B333DED5B3D5A533F62183323032F46EFF13EA0AAFA5FBF7C8976F8C10F7280A014832593B90004D52341980D907EAEB73411EB2F1EBC9F507F92746C40E7AE0AFAE54292BAB2BAB67CAE0746264A277B06508168C94BF772BE9765F7BF0B548FE1E07F3B5A521340A5CB5297C4B12811B89E82191ECF3E41B3259C529
311
F135E23CF4C7F961FB13537F5A02ECCAEA76B5BA5D3D3FDF3F2FEFEFB3AA22053E5008833428DC6C59FA2F770595F311F235D427F379BB8A121BD901B96076A388DC4C3C61C7933CCCD770FF375A6E0CE9F535FE2534BF5ADD3E3FAFD71BF57AA951B6D4CFEBFB8864758A26154430080B06ABFF557610ECC93726224F155D
311
1471041E0D42F82F4891C926C1355B0831649FF365F46FF05300A7A790BD8ADEEB0D4AA9569A9BDBADCCD56AA55AE377F5F3F3EA2A34983A1DE91D810543138D7F28E57FF4E2B5335A3928B76EA1CB9B00BF158C8F63A2E788826896D0B5E7C461949ECE089144F8EBEFC7FB4D8C9C4E9DAD60F7FBE572B416C2F2423ECF8B
311
86C439E450DA970634ACFDA977629098D0B2FAF313A36B3869E37AF7853378CDA1171FBEBA95DF1E44FD5144A420588641B0055A79ED91CC0DC41E27064512FB33F1F04D09D0D2DF0203A646A6CECE80DF28356A348CED8C4F1EF137B9319E1BCD29867CA556AA97F7B757567006A447FD375A26CAAFDED9CFDCFB2BB0BEEE
311
8AA5911BC2C7F85DF88A3775389990AA72219D582409210F85A4E66F2987D875C30848023088FDF77E87F96FD7CBA5B9DCCEF4F4C9FC7C676777577B7B7B67E7ECCCE4E8DEE85E81A6D55AA3BC7FBEB242589CE8ED4770E785D7DDE23FF2587EBF57F50B9E820527316488E5C32D50F979BCA58207297E2B6D658702FFCD21
311
1840FE43FC9F3A5BAD9E97E6F21B9FCF16BBBB3A3A5A175B5B1787875B5B3B86DFEFFC687A72674F19D46A8DFDF3EACA59E405375ACE76FFA922C817CE86A89BDD92F400F2C55B7462F610459837D3A61ACF50C7471C8F2F2A9D38C3DA2F068007F80EFCDBFBE5DCC674B1D83EBCBEB8BCBCBC3ED0D3D333D0B3DE33BCBEB0
311
D8DA35FBF9F8CECE68AE020BCE61C112A4C1138CD47F9AD13F7DC6AB9CF9CFCFAF9D0E01FFE6CD503F5B91C5218E2899CA15098714848B04FCE5654884ABF0E554F11F6C21D73D5D5AADD64B7B9327DDAD8B0B7D7D6D6D07070763BC0F3E38E8EB4310EBEB8BC3DDB347E3E37B5842B97C4E44A0C630427E5CFDFB71E03F47
311
1E12CA9FF70E055AE141042DD81234B879EB4606361D9328149037D7D76A571A7E974FA20AD0323832713AB5BA7ABE3B3E3D3FBC30307070B0B9B645D93C3CDC3CDCA41CFC6AAC2D64D0D579B4B1B397A7C1BDBEBD7D36657A3CD4B2F44F4909F2B9CA597F4245C59DEC354316F0587020D0C661742BC02869435FD12CF195
311
C422DB3C5A3E2305C000CE6B7B27ED8B7D63079B5B5B878787C787C7C7C757C76C51B60ED60EDAFA06D67B965B3B672677080BB5329E60E9B477847AE2E9EB53E35779FD37EFCD2D0DDD68AA355B6B0D81860502B8B68C801F5C697E9AD62F4B406244CB975560BAC756AAA577675B07C6D03778C17E7C95CAF1B3ABABE3E3
311
ADADE3CDB1B1B6B681014470343EBA979F8B90383545727C63E43549D14FD0F927E5F1FDEFD7263058FE02EBCD1BDCBCA053496BD58E69BC44F9F854D4D979AE9ADB908824382AC1D4014E9756EAF9CE85B6B54DB01F02F8EA5908E0D9D5F1B3E72188C3C3AB67879B07C8A0A767B8B831FE5E7EB754DEAE5261460243FFF0
311
7858D8EF0D658BDC563A2C5EF5833C13C90B69248C4DD97842B61DFA7F210A2F6108A0F96B62E2D3B3F3DD939EA47E30ABF5AB2B903F4BE5F9B36757CF65021E616DAC6F60A1FB647274B4B05B2E5341B082D43278F67D8DFDA48AFF9A13F22B34C7586C9992BA6E66CABC190E313E7C811AA57304B421A75B289B9D174CC8
311
68C24548823E230B9A5A2DCD2CAFE1F98E61C015CA7E96B083FC59F3ED06EE60F360B3AD6F79787ED278D0A86FAFE00BA9220EAEFE1D5DE1F7855939C3FCC1332426B377F692406E022C010DB437EF009803F0DCFD3B7C94440571D8F2C328F115F47FD324802070BAB43FBA80EFDB92FCA1F7E7CF9FA875CBB327CF9EB08C
311
4DE4815BC4210E2CB7CF1CEDECEDCED5B757490968286899FAF95583BF46F9393CEE6A86D6F618CAAD9BFF0BE22B042412C5CFB50556815CC5BBE33E9F61ECEC26A9BCB8145FD10590078F9C9E953B513FAE1FE387FAC246E14F9E3CE7F5F8194BD6594140876B6B84C5D6799C61A16434201E5237582AFD75C07EEED9863F
311
463284E2E13425A036BD41061259289B6BDC1ED656FC8B8592C9D00701E27CEA749F0D8EF44EAD8C1F80FFF8F8F9D513191F6803384C800097F24069C407CFAE88136B7DCB3D5D4A60B711F19070D83235F77331FD35E715966889038E2E0B346EAB7936C4162043E1A1F144093695443A570144898BC4079CEF1912809A30
311
35A1D3F361235F90FFF1E3E0FB93C7E2750719F88E7D8E68123883ADB5B18185AE99F1D11C1238A792DC4BEDE8EC6FF503DF377E0445F68FAF4E08D43082D02170F30131A154206CC559A8D9CFDD762B31273E4947A581E0D9BB71E33FFA07CD02CE2A6BE1EC80167497F2A81CFA3F7EFE58D0CF5D5D170DE4F89070B0BC40
311
40CC17BEAC6B0586C3D3FF0309BC06F44B04A1E13729929B4DF73C44070692C810B08AC3012E8EE9EAE22067796288C193B2139B970B86F47FAD0F98382B1E035D9C32FD318A4FAFCB274F2E1FA772F94411B0CD42493C23393A685B5FEF3E1ACF554AF5F3552A478383374E6B2FDDFC4F6DFE38F4F4ED7A7FE838F488EA85
311
2482F412D3CB07E293D02C9F074F12E84C5AAC423271450572A385449844706475FD38DC3C22486A0639E5F1E38B0CFE93CB4B25910EF309A2224BD8DAD40C682C28341AD69047E8539A6AFC14EC573F7FAD10AE0FE6EB13E87B28E093B513B5803514DE408809BC12A14876DE0A25F643009E9176D9F0C330164285A7444D
311
C8CAF0E9FE41429EE0A2F6A6DE91C0856C501272404A8468822E24C807030B1D33D40D4AFBDBABB411D093D88C86D7205E05FC57EDD1F805FA4CED5920F0CED39157E007CE21757C5DE440ECBCB46CD283E378029B43FB077B4F47E60E9F61E8D01BE017D7E843EB49F50A2028F1E442FCC90C9EE308E4C0C2C94EAE30B75F
311
AD3A0EAFA57FE9EF960F14BE15638840EAF3BA490BB6850EDB38EECAFD21A0C746D0C4234DBD035EFC7EDD121FA585FAB73DB89FE6A03CF833AB0730E5E2F1A36CE3F202A128934B44E396961121E1F2C9F32BFCC0C140CFE22C1CA8E109B182919696BFB98120234F61B59F7BF46EC30CF067B21A33B0FB3E402448EE266C
311
CD93135A8E823DB31F85E677434E608F53F8100BC0098EA2FD6BC01770E0F2F2D1E5452A711C4BB8486248FAD756D852026B6DC90A2AA5C6B69E9068B8F27AFABFFEE8AB36F1D23985D5960014FD711940800B560250D2272CC54FF1D3A660B275AC3881E349689C1616E1E9044129D032313509DE4700BC867C71F128C400
311
159407C761022BA8A040F40A244788808C60B3AD67A17576279F6F946923191921B0545FC2F12AC0EFEFBD7262B6935679FC7F80629160ABFAEC88E8430E76D82A8DE62ACE50BD4A42FBF03B387B37FD321B37E31C3F063D99703F5160E6C9E5A300CF32A91E0A085A29C0FC507F6C21012303C6104B82C1F1E156DB3229D1
311
A855A32A8352C9077AF733A0AFE0FB3EF81FDF2F0F82C21B0EB06998866878B103305E31EC17F4FD43831E570A2118D1667632D4FFFFB125782F96168A833DBE78C3F11F8383A79D49F58F1E3DBC780417AE6581381E8610604888E2913E12492881274822C221AD04CB0B1D273B8542837460898C686864FF6F801E8269F4
311
0AD0481DFAF5E6E9C1F3BE391C325004DF0746A4E4448F7B52C0D5EAD39EC46896B888C4210D68E99DFA2820DF7FF850EC407EB55C3EBC5028611409BFCB8889C90F1C52355AEF98B18100094C9D0EF6F64FD47E5CBF3FF5293DDFB4B50DDD54F351446FA1F14580DC3902C085F593CB24ACC917B213BBC11B3F0A61042FD8
311
B24F4FB9C4556D0CB9E1A880DE89934CE9607F18F81FDD950DD0E1D143F41D56110E227C250621FF098838042BC85B5B6BCBCBC31DD37B34966E9FFD9936A2FEFEA9EBA4182E5CD3E17AE35501FCE0707E5525A7DBC64DFD077825BE37CE0BBE1BBEC061410C660B6E49912665E2B3749C7C9F93834022F74CDE6CA5EB501D
311
9CBC04B768292C5CCB84478F3CA83074092C6082169015E5800D5839DC6C1B58EFE83ECA513BDE3EFB8EF1242D2D4B3FD55AFE03D42F8492AF8A3F21444FA2FA9ABBF525EAF84C09F0168527B0138A85D1EC0443C467B28BF844EAF76323BE13D7C11F72FED783837B970FEFDE7D7817E077C17EF7E2A1C2C0FE851FE4C008
311
388C15E818958746129E1009D054B67530D6B3D8DA3D59D82D9D57CF70039FF50FFE0DE94089DB269C3655A4F25B38C49D0BD48E59F1526887C18FC5272197F85CA72862A593A4843CD25F920487DDF7AA0441A2C0600D062001F103FCEEA3D8560CEC3EBACB01CAE5A51E420349F602191E5F901893142381351CE17047E7
311
64BE50DEAF9E4D8C38B6ECFFACEB141E54A6865A88A60133EE9CBB4C256930B0B168C1C3AB59FE1743FB422C7166082E934AFA5EFA3E4BCE0B69362FA7041818B7FDECE1DDFB4D022007CA23E521F0700AAEB5888BBBF08023E128B4045381542FA256B0D04E28A0C3804E233A1BFB476A2F48FD135BAF9843BEDA3264EB42
311
BA499601F16B566E72C7EA35908ABCB9176BBED43204C696AFD3D7B24B08D3AFA44BE243D88A6D9D0B6562B52F741E1610C0EFBBAF2B0829289A640EC4C8A4FF66A24430786CEBE1E1E61AF9507BFB496EAEB64F8F49B4129EBDEC065EC1F8A3F228A3CD0950883B41BEC6D1944AE06147289600A7726313AC69A3F91197F1
311
438BCB743E76F01F6EF1D1C854071670FFFE43FF1EDED702EE5A14C85D0C42DF90B86068800659AC88981855E3E774A71C0CAC2F76754EE7CC87C808D1E1E0F6CF47FD4224731337BE1E39C5010823EE997B1491BBD99FC8D8EF77482BEB5EB2CF66499A8E0F7511B19B3EFBDACB6507BC78731B1B383D02FFDD7BE8DD9256
311
F7D0BA7B46015941097B80018F700FFA024CC08078F51806100ADBFA163ABA8A3B95B9D2F92AC30BC908ED31FABE0CBEBFFF0279B675868F9AA24E9530B08C174055B7F48E4F58002F3E82F0BDFA003E8B431EB6C4A91E4D9B5FFB791265BA8827BBE5F1BCFA7F789F72F75EC800F8AE43FFAEC42F13009FB905A9A0132015
311
D0068ED7682AC608BA6771038DEDB3B33082891FAB1ABF5614F93238079726B833958796B845B731FCB86316713C1DC581B1E19B424EE32674093F80776F7E27C6FBFAC85C536CD955B96EDA2A3FBF770FF4BE11845470EB3E42D022000E0FE07D161811020742162444668308801E133A4C163BE68F6826A5523071CA78B2
311
FED51F28F8C70FE4190073A3E5D3259D7A288CD19BDE623F10021BAB0C6E327FD507B2741627727EA00D31856492F9F009D7F152D930704E642795C1C1B336E0DEBB7F0FDCB79318543B25341F36802D64A981A690B94259607DE0B19D466BF8C1C5E1CEF9A3FC5C639FD6117B4BAEAB453F8EFBDA500A67E8BAF76C8A0656
311
6E36EE1184E8329419161F83D843D5DE7D8221163E145F56921C3EE383978072129E290A9B7166E63D26BAB1FCDBF710009E4051842390031845F20077CD079407C575F20364C4910ED2A574BC357630B0BCD8DE39335EB175646A698458F6A346F003A93002E846FFE0C459B8006E506D79BF902908A0AA05CB5E73530E33
311
BA1D3C2EF99C712B7C8B41DF4D2A7830BE8707485FCFAEEB85A09AB6D39BBF7B4F23E00509C20DB04E240822A4B810E04D8D53D10D504C059ED86BB8697F514777717A8F8144D48A4C89077F7EDB00E2D89DC02A7B975640A282C49A4AA84B70B12BFED8EA6584860DFB7EE23FCB00C6BAF7332FF259FA3C9346508813E372
311
F1DDE425065BB61FDF8300F7EEDDBE8D0C6EDF46F7D8823478590AE23759D60DA6B7A9F125EDE8F4A5D2B37470D0B63C30DCDE3D3D59A8D1501EB1B0A5377517BDD6E301F995E3F955F0F58FAC2E81CE172A8344AC03DC6781939D2484B8FFC15E8F3ACCD3954CE19576B942D0A029188EC7013FE59AE90B71292DE774F1F6
311
3D60230180B30A2EDC65291B6211B4081128856001A680015CE000708254891851D4B3BED0FA4D7166B466BFF1D2A924885AD12B387FC0FCE6819AC3AE06A7AA4B715F0927B74D119D4A668FB54B8A8C268D8B038A207D10A7B1E95E42195B695BE0240F7408B311257C23F581E987C180140C584A02B1670CB817CEC0A080
311
F259F1360E58452013200E3EC107AC1DF4FD7B0F6D23F33347F9527D9F51E6138E31AF35F1BDAAEEEBA3D71BB402E2FB47CECEE96B4DB85536772B07C82A34F3E66D0BCEC207FEB9E70643761276F7B50D5EE963CFF80C7AF4A2130F5BF8C4EBFB5F07B709840480DBD8007FB7EF3F90104908BA457D43AA2A6A02C9142228
311
5E5AAC143F3313A0CB74D9D164933B86C25587134E8D342B453FC982860D09FD13ABE72055ED020E85D3E312F74C25CB0293D978A1C4001927C80B86FD06349126EC219F0C735C8053D8F5F310817EA01F1B7851F406144C211C6362C27DD51F1E310C0102280ADB891E9B085CC528A2B1369A46BA195B9A2B351862CE4317
311
4BA73FB7CBB430A5798F4C54B7333B96C3224A9863AD02B9FBD8E63092191924E77C199D92887DA594B6DCF0112857162FD0949FE6A441F5E62E42FB2105BC405A2301A3424601DC807912CB2C39C604A27908021CDA30C4C8C2019A883B3A8BD393BB3546136EAF561980FB63E9E035FF73B96D09A905ACB2C11D79571C51
311
59026227DDBDB81396EB03F14100BEB66DE1FA9EF82C3ECCBE318119C4269FD014E66361FC8BB0B4EA9A98EF3D8848A01360430284335004C183CC25BCA82D2302EB03B8419241C64DF4F5ADAF77B533BE786334BFCBB8DA72BDBEFFC36103AFB30608A0B39B58D93F0BF42180841DD26BDC22CF0A770E90240006BAC65197
311
D90920131C7B2EB3CFD3C71C6378A305EE8488FC1FF8D391E2BDDB0F6E3F45E7C8207C419800DB410073A3173942CA8D5242642A74496FF115832A6314D9FA4257577BF7FCF8F8E8CEE8DEDE5EBE76DD3CF892BA7FB8B90F629431B5525E92A15A3A4A6FEA3FDD73136172060959206591F4C927196CF645AA285CF3014630
311
121754261C0D31E1A7E3DA2DBDB54B04703BDE3A4209F02045C4BB0F529A14BED07098A2A1CD47513DA64B512F409BC01663090796D787173B5AA141B1B39BB470EEBCF1E30F9D263ACC4D05110797CEF7B923B027F089F74D1D06F0A4D8C0CDA6604023FCA45B76C5CDE0BF3845ECBE13E0C0ED73700A8A753C1AC8AEFFF1
311
B407FC8A20F42F0D94019121DE304077A027D4112283BB8FF0072444D68AAD111D6F591BC0061854BBC048EBBE9E81F6A33A95C21BFD13AF3C7E7DCDFFEB0DE8903F77B41DF178E99C289895B0EA8CD640549D68935BA7C5294E0A1D66DA0CC419BD398E6265789CA1241441AC94532A3C19C95340BEFC68703077EFC1D307
311
B71F3C500859C11494838E902203A2BE90EACC5135B80B078804340C920C2300BCC06F7A1C71B875DC572C9BD1D84BD5FB9363CA6BA7D03E5C40FDFC54FC23C9B4B9DDD028787D89219038523BF64E638BB37CC25335937A00DFD32869C5B390C8C32FF25C8C47A7181B4A599A224A9DADB0E0406FEFF9F183B7448F081E3C
311
55024FB33828784AB61704482CD0160C04174F9E33BA9291D58C2F1F1B1B3B5863B0D9F3E51C35C253D54A23E560E2C0CB3A6F7A81382601C2079CAE96B7B1560D20A341E85A928A4E01083256420576C2ED477E2E565FD9223BCC691CF394D3D8E281501E0EE5C1C8159E92585D255CF30CC854C75318006EA4A01028EC85
311
3F9407C6053910BE105348324002260254886C156260F9189EE0F8C9A3CBAE9D5A992184568A69D5183A7DB97DB089FDC57AEE54F858FE54F577DBA85309640290F2D220952620750C5811FB772A7876D1E4040FBFC6474D51246D8B3FB378283FB514F8AB3C20B8BF7DBE5DE541C9A5D3D38DDB30E00151E02523081BC89C
311
2214103E0BC1B3D0199A08E002681A2613A2616CEDF0F0F9C5DDC75DA395C25C0309C03DEC8091A4AFD3FEB504AAC6633930556DAC86EE3561941E862C4A75DD6B6BB3A0C59BE153DFA73EDFCBC3CE2188D3D378FC976D0EF9A95B7C8532F527CE3CF539581E0FE501291E9139FFB65EFF5DBD8E0C18DE3077170A64E033FD
311
278F18068028802F156C3809FDEB11B1019C208D020C9BA2870457F0F8E1FDC7EDD393E3B9FC9C4308E9315704233F960E554802C14716B0B45DAB5EAB5E25AB7830EBB8D25E6CA94E4AA01794FB1EE164FE9F040FE82C940A4BCEF913075D087E85A7237D3CF29C47E4E676777779528C4781761F0BFBC1D3A77880E40C9A
311
2E5109180D5255317890394229F0F082010354082D574F1E3FBAB7D6553C2113DACB97BEB5526C7C6F69F9310A94C46CD89FF8F379AD1AA035FD00FF3F320180F01417A6F255A3A8D86319FE0C0B0E06A0DCD33F79841339C01E5BBE1911AFCFF7C1E0A540BFBDBFCF2372352686D863F83F59CB6865F43104007EE06F5240
311
6F680341102048A01BB048823082CBCB0B6AC48C313F3E7CFEF8F2D1FDC3D6F6F9F9D9E98D9D7CAE5EADE2A6512FAD7AB526E17F600C85550DDE9ACFE9D97E694513103BC69F8A2813176032C890C1E9C49FC09C61670FF8705B1D7386260E7C8E7122C7F8208A55139E8C8D4763F7EBF5728DF9C34677364E3A3F9AEFDEC9
311
CD95470788834F9FBEC512379890B38C94205B2557987C4186DF5C0837608DF0F9F3CB87B7EF6E920475752A01460E556919B2B64296FB9FB70DD5F47232A0F77465BF140CD001F00ADCA175090E2665A14E6329B62660E02A1CB50C6025E3DA252A670B3F0FFAA5EAD94A509FE7036B159E0D1D9F2E76B7AE1FD5A606198D
311
3A747AF450023CBDFD162278B9446688111009B4029B0F2180AE20A542D40610C073B47FEFE1416B2B12200F3C991C2F54EC2491027A816B0A34A9D05C6F437AC23462385DADD75642EDDA738AF1600DBE07EE8437804D2D011A94DF71C2085EDD40266A407FFA1D1C00B0C03927E60338E3B9D8C47D1F8CAED578E06F7CFA
311
A4BB63B175FA7C301B747CB377F45192003CB8FD34B12009224543D8604494011A80C1903CE0518C986208E1C5FDDB8FDA161686873BBABABAE74FA637BEA894A44078C19696F326E057D7F95D061A6B0394A9D5F2DCAAFE4C2388D8A6E9AB7695CB0BDD0A332430F1A9333DA41D1FFB97FA09AE84E738C75C407C260408F8
311
DBD5EDED7DE1570A7BE333C54F16963B46AB0C2B71208EA3D16EF4EEDCD7005241166C005A73C03164792151205C007288AE337B4D7103741BDE7B7AC913350B348B2D767515674EC6F72A0402BBCB41C81305AFCF05F2758D3ECAC8D26AB97606DB9581A4B7A8FFB068CD5C0604E6849046B70C2B60FF0CDDF93C13822B4E
311
82FA0479A68220E66D9FD775FB3C1A9CDBDB9829B6AF2F77EC9E0678FB20ED8D1B1A1A39D10F9812E20D6281F5673121AACAA9C53424000DAC173F7E18C3052EEE3E78E7F1160F5AAEAFB70E0F7775CFCE4EF384DDEEBEB9C0889D5243BDF557559FEDE5F17AB21E118C4C31A3DF6A96B56AC62180293910ECD6B721047664
311
BCFCC6B2DD3C65CA0F0C823DFEF84083C7ECCDF05898EEF158F4FEF97EB9C123F1B9D1D1A3D9F9AEC5F5CEDA84A3C96C14A55584D62893D6A54D8D2028D05C8B1F124884543F3223B29D208B04910D3FC43F5C52196AEB5B5F5E58E8E82610F08C21BD443801233C0CE8BD1E40F84A1CA86001990048031ABBAB11EF83F928
311
3EA89F181F2A0D9A9F62D94B7F625FD727E6A93F63F200F614F7CF100D4511C07DB45FC5F0CB4CA359ABE4774631FDAE85E599EA0878A3C33D5AD6430CF4C055EE5FDB80629000D7855DED3F436F3B61B3DC7FFACEFD2B1BC6FB0696312CFA477CE87A87070C7998E04FBA78AE3F915A065E819FCF35B410321D9ABB308146
311
A11AD5196CDDD7C477A171C8AFC74B45CBC6F641AB53C8D4ADA5870C02379BC0470CF83DB55F073E29CF5CE5F7A3F8FD62EB7AEB1774C2C6780B9523F9287193FD23DDB79FBEA513B45200E2E0C1B51350163AC19043C600F2C1DBF7DEBA7BB9B5457BC0D840CF325EB0BBABBB786D301437000020004944415472B491ABCC
311
EDAFC0591201CAC8EBFACBF367FE7B6E40E69F551BBBE7123E3C00AC560CE20C62436E8C3C54CC225EE08C0D74CE26148877689EDD004FB2BFBFFFBB984035373A7954EC5EE8591FE531348654514DB1D1C56411DFA2A7C212BE5ED91278F2851A432244C6822C29C85A8B320ADCBDFDD63BF71FD32648E7D098CD018BC35D
311
7FE89E250EF2AC75F96C15271602687965C844B8807C6E7729D93F22E81D39ABD62A0820C1FE9F11CFA7208125D33E96FD69E83AF6052DD32D49FF0802CD9F9DFD39260389A950887A647CCC99BAB17132DFB5DED35138FB3A060F6295AA5E195BF0BB56495A5A4A8FA440026E46A047D40ED2520A441C302D240F201FB8F7
311
E0EDDB0E12A04D8816215A0579E8FE1B1281E9F19C9900DE79842E2A7CCD48E9876EB01C75DBA0E0C8D44AB5512947A00BE7CF5DE9E1A6A6BE43CF1A78783DFD5A404E4477336C1ED8B18908B2A847B2AFE9839E891137A6673BBB96FBBA2A4B8E9373B001F08369BA11BE8ABC4302FD2345FD6014A127068427D007BE28B4
311
1D9B0D40FFB7EE531FA673C8870A69135B1CEEE8D009C08042A5B4EDA314920B635BF941E7487E45256439DFE9D276295F87E698389CD49FB394FE19720412DEDDC40E9CE9C6DD605E0B719FADC416CB15AB3A61F9B5B9B9426E54F81D8B03DD950946D432B40CEDAB7BB5AF11213CBA73C9BCCCDAFBCF06127C7980FE6D1D
311
C9B4DF14832D6568FEAEEBA76FBF438300B541064ED33F3AC0B0D10505306FD370AED02859234402F6C3FED006766DDED2034D90D119057225EEE3DAF787EBF30EC51ACB4F551678BD6728E1944730C095F13E4D81A4DFFBF67C5BEE37E62A85FCCEC6CC6C7BC77A5B477E22223ECA4FCC0F87E2A5E3EB782BDB25B8CFC673
311
6A044DE5A7CDA604526361D650484FE283B77EFBD65D52C1C73C4F48E7D0D81ACF572F2E2280F98FB230508FA906B42DE240ED651B301CEC83DE1790C9FD96B6CBF986BECF3BD332C18EF627A0B6EECD5B152E02088D03D828AFFAD26B05BF671B4F9A09A8CE0CD2707F67F2A4B3BB75B9ADA331C1305BBAC182FB4A79820B
311
7EEAF73199B8404C0B81231CDCBB871B80FC41FF5860E8E108222A1A076C29E6E03B6F3FBD4F1F295DC457573C7ADED636D6B7B8C88413DDF3B327E1046AA51040B40CB50C7E3F1D2E44DAD34CFA604029BFFBE714DF0C069908027EB275F1F366C132E1A7450B04011CF82B2B647CE754F650FF6E25BF37AAF65B7BDA16CA
311
A791F1D09F6CAB989EC5AB7809BE145FA459E8D3E4B0FB47DAEF093B946FED585B80FE1A0305FD5330FEDB4FDF79FBF6BDE81D8300CF6815E5F9896552412A03F31FCDCC7CB5E32365550CD9365FDCCEC8752E943161D78047336F8AF6539840A1F2E764FDA2970999F205CD2BD1F5CF496571F76EAEFA0E1CF8FD2A55FD06
311
391F9EEF8B9DC9994E72BEBEE1FC928E2F223EBA0FBFBFB4F2DF137BC894B8087643D64ADE6EDED67F7680FAC9060239E845FC94AE93D880F994FBF71FBCF5F66F9F32C292EA900F9C1E6F1105E81C5B5F58A067A448143842008D7275EA3BBA3D2516FDF02FF79260020D6B3C714711F3CFB61BFF56A826E627E82256F740
311
0FB387FEF23C1C1E77FD6A21EBB1B2B35F2F95E7760BE1FA3ABB3A981423477517EEE36FF96F122B942F6FB64D9502BD1B9089162532A2FEFED255028FE653C9F46FA321E0B588B7DE79FBED07C44106CC85133CA65190543004D01D02D8181DDDA5A9C91A7110805B7875B689FC3902200FB192E7DFD936B37B57D9C338BD
311
49E99E181F4E5FCAB2ABC1CA7AAB382CBC7D515457CFABE6FBC63D525E5CDF74B16378B9AD6774A58531912D232DF01BAA913DFB7D3AAFF912984302B84D0500077800D26C60A4742101DE420C610C2E92FA93056022EFBCFD5BB6B38651470CD33BD87630C05831BA864C85997B8754B05167F0706499DC442FCD22592AEC
311
2ABF3FF13F950039BF159FA9B36ABDB2778EFF83F70972B83BFD3F4899E64DD8346AA495CB155A7499F2CE39B0AAE755125EB84FD8CF8D8E4F4E9FB4B72E8F1DBCCB98B31BC4607C2CFF21C8145FB48EA0F2159F86A3098415609554DEFA7B27EF1301033DD06D274BAF6821D220DEF96FA4CBB60B3CA241C021D38E1AA76B
311
4406B4767576166766A6C7F77273F5F395291BBA19F64F2E3095C14F3E60371827741CB27E89543857D6D96BF9A47C6A9A26057840332EB843717AAD171880217B71FCCC0355AED3D4819911F79D0EA8AD6DA31A83E36C5DC2D470295C011302387069158F6C9966022367ECF1D00BA9BB95C389AE7B6105A1FB640689033A
311
7FCCFFEDB762189103A61C3A4FEFE0D6A6B5A19EC5755A443AE78BC5E9235B047890A65919A0D2F96AA3C01CEE913BB3ED239C3E0CD8DDAB99E4348BF3F8B977B6C43DEBEFBD7721A839A63B94C06A10DB87FCBFA3C2932F8C26F88B6D6BB30C3C4E09AFE40FAB52EFAA1EC0316920E031A46D65A0FFE45A673432E907FBCF
311
86717AC04F2CD0EF512D665FF53F05BFCDC43489F150890C60A8E0314E70A06F619D30D841189CA15D3417F3CD50191AE4396543F0C42BCFD696C58DF163F5B46D708BD5FDDA5E5E5FDF9401BC4F7E00E8A17520833D1CBFF495B5D1CE037C664123EEE74737268B5D1D3DBFDA6AAD8C08DF2C0BC7A737E10AAB2A7B958990
311
CEBF556CDBEE823CB09FB344143463C630CFFF585D330CF0320E921744A7918280FEEF981161008E9FBC78C830217A07B7D6985E83F9A79884ABB5AB383B4D7D788F9FB3D867A2112A43F19042B33A108690CF6F472F8661CFAC971478757F6E6F2F7AEB82FEA85E5715941778B278281F28C268AB24BDB470EF3303E09C35
311
9E9DF1CF990D8A096106E6A66C8620DDE7D281DF0B2831F20439A30D68386CE13E002F7EDA8D7806162B205D6A19AA1FABFD6B1B400EC2BFFDD66FDF7E8755B4883C043F43046C1326136680404F1F934EBDDFDD39CB58A98DF1BD7880E0532E671FA1435E9D6EA5E9071000BE8F262E7C4044FD95D5FD526EB40A05A63477
311
5F32205C3D779FDC168CD5E56BF982508BF572BDA4F6F57D3304BE9EB18149461B12F760D7485891CA47CFC44909136FBF4931716A2E100123FC6CCAA6A644F25EDF4AC980B14039009BECE8B798BF69A05DC5B6885CD23F8E13A46FF0C0A986D617F001C52241801E87C2974C31411DA3A5D7B6175472763D637D3E57C33B
311
908F867F4A59CFCA7923375E5F027A983E18BD7BD4E6FDDBB2250C1529F4202EFAAF979DFFB1F2612E87EBEFEC58581EDB9AA95AD1D7C1905F7305BF8182D5BBB524D47C4E3B81CD843220DE1E6536497C0962C225F75A2D6A998303B23FC501F0B3F736EE1FF01200FC8C99F5515207C9C40081DF304C0A17D06E26CCBC5B
311
3C47459308178301FA8057C2C0AE9D99B05F038828B08400F2E3251254DD7EB8BC4853B101F99AB48E387457C96951E5DB670648BAB70A7B04FE93EEC5F5B183F9739C98952C6845C380D401B8FC86E70A20744EC720E09D35955D96A9041720196D183AC2CFE6AEA816652D0234883D788BEC8F5DF2615261DB031C238109
311
2401B48D8D2D870FECEA9C3D99DDB036C8A051058030E32190976718C89F031DFBFF2EEA3D88606A8A19BD0AE305BDFD12BA4FF46F1A0002B07137989C748936E9DB2C91F43B07E4E4D16C3779CF5A4FFE8CC981F07C29E34B7C012AF0054FAEA4A6A3D49D3A16D2B3CF220A029003366663053C89B3FB1827080DEC278007
311
6FBFFD8E39810CB0593CC68B5D9009F2D400418028B0BC6CC74067E7C9CC0C2690FBB084AA5254A12AF63543B35EB40D17B693F7E3464D5094C00AA9E04E0E0524F5C35C5EC6BA94B21AAF2440725E2A9FF94FE7A8F0E769EB83FDEB039B631B18BF396F5C13CF89ACC02C387DA56DC3B1CD84B96CFAAA37B55FE723B61106
311
2258257D331F186AC93D8AD600B4FEF4AD777E4BF68F2168FF08C081A37AC13446C859964803961928476D78F68419390D830C1935B5C2A0A22A3AB17D3D6428BF12DC373B8D464E04C0A496BB3B3B75639DCC2500E0F0B15FB6F47B5A7ED0183A87CAE8D535F2EDBD4B3B7FC762DFE65A07C30B2851DB890082ADC07131EE
311
EFA3DB7DD5CD32C0860CA83CD4B7993A175F422A8149B1C1D94C1145059D9C78A8A572A90B7C8B1E3392FF77A80C50220880FF3669004E90F101740D2B808181455A044904674E7482CC3EC85C4BCE339404C0B0BF6A5611E4F9B8157BAB6DE327EC9BFBA1B4557ECB609C1F45326499EFB90EE78F18227F09E563C9E63D84
311
7EDB3B68EB9C39E95AC4F7ADCF7D87F6752BB6912040281E4A0D8A8314E80D60470999B8A51FB1488A66A9F3F81FFA61C83F4FA6969E472288FADFD61B005E0EA4284822E018911828E868614DA0C36E11F3A051070BF2F0840E35F200E2C0C80A776CC9E7E6841C0503D0EDF15ED9AFE527E798D23BEE5F0604E58DFB7099
311
D739BF0BA5D332EF29F1535995BDBD0DE681C4F71DFE6A7AC5A13554AE6910963E9ABC9A0DB5B202225545F5CFACC942B5B93C207352B6E5310BF349AF200175D7DFDF78F6D683B7C87E087FA9B35812C4F8F13452CED610A2207541E6D659A739441F3833CD0C9C3C3DC2B0712F62333C4FA9327C9CA1124904B4FDE0FE21
311
C119776CB0C212AAFBA5CAF80EB43772ADFE77CD9FA8A4144C54C2FB2304C65F62FC3678E4F6C68F30FEE1BE8383CE7DB86F58B1AE0C51F0F055E188D02F00911DDB0991832228B3172B3E623E513FF1734FF414A611A603163F401BEA790FC9FF7FC3FD3DB02DC00184145B850D01D120424DC03C00FCEB7880EEEE939399
311
F1F18DBD4AA54C939899304D913CC2D5CFBC55E50C7FBE4C0E14AEEF53D6843DFF56BE2D554637EA047D3C210E2C61077875FB5B40E19F43AB7470CAFE1C0D3ED3B3B4778D1DF6D4F837C08747180FE8394F2CA1E0A46B6DA62CE2B2DABEDE0B1924098580FC16B369730E9E90541D3730D47FDE16EE1FFAD3419CDA05ED1F
311
2715C607F2E81893AFC5936303F40EB776F1D808BDE393A3FA401E1C706E154C892860AD74A2949C409E28A8FB3349C764D13E4D1D3468952B7B1B35001BF41142CAD58D6011C8B78961EACAB66E9AFBC627673B61FFDA4167950A274145BF11EA17BA9AA60815C2C43AE1F648E3772E53C94E6364AF826019E723069A8AA3
311
53A3BF7FB5359281700061FF64C28C10B9AF0B70B0B0D30A31CD1CFD22F68C76DA1E44558869257892363C091D313EFA46B57C3BEB252E9C6BF5B4799EC58F1910F469E25AA17B343799DB3E33CF410061F96C6D63FA91B1000CEBB7D2971BDD39A2A76361E000F5DBC1688D47CB812DD60F8001AF25B328D173A9E4BAC18C
311
E9F1F628704330741B2649B92E9714447C68559C6CD2F681919367E4811100750058809D0230C087A89FF3C80C23C4C60882E481F48D531764BABD5CCECA308DE2F63D3BB50373D630796126803C2D1FBAC148F7592881B395ED7D26B7DD38D7096AF98841CB37592561D9C6565317AFBE9FC4AF7371E060736C7635E0CBA1
311
809FC80F544DBAA1F2F9393D970D44C0615A0C6930E758B9E63AE690F73045F0C8C0731DE9CD80F718E94652383458799E02C06D328010011C7090D8C5E5336A83D4059953877EA1E1D66FBE994F04608C4C991917230FB61F9AEE183A40AB9108D032449FD1A7283DD25ED15360EF7EA9303EDDC0043403531EDEAB10DFF8
311
7F5E2FD56DF0F1B701A9F614DB17FA0E0EDF6FD0B1622A81FA3D1DE5A33F551930335C353A87F9AB05C60455193448246944A232C5D07636D864CDD7A50D0B4440CDCC465D1C418321F50E1648D500294065D869559EF3C40C8FCC6C323E989AD0F0C73142480B200842802C061008B480A9954AF282052B3AF67350FD0DD3
311
0D1F4075AC303A5D490250F5400ACF479656861E4C77AFF327F3EBECA4B57B6B6C8FF62602BF150744656A87DABD7BC6BED50527B2120C001A0B3718C74F0C65CD34F275164D7968148DDF259AB8AD6CA81CDA4E8819509B996A7F642D987A401A2B04018C01E6C169A8700F9DE3B489DB2BC49C9B7B858A4F50D22AE15428
311
FCA4A1EDB20C83492690CFE361CC7F8C8066FFD0D77AEE797977F468A36E0B0DFC87F90EE6348BC748F7CB73B5B9DD5C6EE7AB19ADBF6DF359F1DC2A0F9E44F213F8041F64274C0859A2AB7C37440FEDDD2F95BE44065F22067E3EA0CC3BD8C0D8194EAB291CCEE20B9CD8E02950AD806080047A279F19024C837C84881671
311
9AC4A34DF8F0706CED904E8185753A458A27E4C1E37B5F30A104932BE140E0BF4E400160F320B054A8705042FFC47B4940810173F9C9E97240C7FCC3F3813EA239B745DE9F1B1F3FC2F9330374DBD1A7B475923F9A2ED81716D18D1B577DAAB9D1A0458655AD3CA7E211867AE7C702DCACCD291E0F798013DC01BC32608777
311
5C0833E04EA3778FBCB8DA4687A0255CA0AD210C15661E4E92001A4449031D1DD27D327334BE830B64DAD90CBF537A45FBD4E94A7A88888E715B7E74FCD040E818BDC1BF5AC609CCCC015DED23877080FCDC47BD8EF3A7B783A17D33F3ADEB6D6BC7AD75EA7C7852C5B6FDADA6AFEFC2D181C03F8C40DD8A4AB5024F0B72E3
311
4B57BC1182472DC80946789AFB711DB7F1193C03C893B0345F420246114D3EA71D04FBA731C0DAB0D3CD311B218F0D5A15ECC105D02F3AC32F13600084731A83220040019B03180634B5923D438300B05BAC80881F061095FED5D572A3323ABD83F1D37A2301A8C930AB3F66ADF7CBEFED30BAAD7D78A06DEB6A87F15491F5
311
AB7E25842B6B34BEFC12C8A159F187C64B3CBD2356DE5FBAB98BBE9583F0E3280C0076DA15BF34C15238145742B07080B1EFB83382F9FEF2239D003541041083C5AF9EF3C8944DC2030BC3ADEDDD9D27475800693049E05413BFB3FEB4308731512F13400D06F813368A0101D8D863EB3E75FCCADED124F532AD3F123F131A
311
B46A93DF1ECE7F96CE9EB6C365C6D6A07EEC461FC919FE288AF7AE1A7D012D291EB073735FF26BBB1C99FB706E972192819B7A34BF22424BEA1CC7958AC2E04BFC8E02DB90A4A1DD04811ACDBC181037864672C78F6C0EC3073A40CC49D5E813593B7002763BC6A909D31AC86F3F6E335C9E1C309BC58F16418642E2AF6B29
311
0A34FEDC0CFEE08FCA0F56700699CB73B9C99302AA17BD516D7F1FD755A2B32B3FBE7134D3BEC813195BD355020A7DBB541539CD2C06E45F46FC0EE08293E6C0E1972176D9B678340AA1A4823404EF79B1E2347E47C35D0A2260730E0B513025DC0BD1C07E3366E9B9D17F767405FB531070700035618606F0B40C73C974CF
311
D321B0C174A80C0F3AA54945FFEF348F5488895713E89B5C98DA501E06D8D24FF04FF0CD7ECD7BAA755A854EC6A180AD13BE094E8D5D63BFD6DFA5F5D3E4DB1BA18FD8473DC6E17FFC9832B71A2A94D96E808BB53F9192955D62C82E282B05168AA0927D54AB20A20A74800B7CC9655C8B15F62377CA4C91641F9F4D0478F4
311
FEFDCE273A002CC0A725EC165CE3A149F0333E8E9600B2C05A7D15FD831F0938DBE5D0FF13E3C0F0765965A0961C3FA86DEEB0E28304747BFBA5FCDEE44C23544F7BB7BF7A132DDE34F99E44EC3FEEAE92F667A10F7E90B0E8C6442DF5A5318B0F816311DB2E6DC6F172C363FC800EE09186BB9EC82A24C0117700CD884AA4
311
2023B81EA6E0CF8B3056411110D78606EBC5AD5417B45BCC8E61EA01C4006AC233933E35D860BC1B6CB9C9CCCE7840D2E0C1C1FFC11CCE54D59300F2B47D66A10F09D8E24B71B9BDDF98FB62A3B897C53EC88D16D1FFE8C649B17BB8E760EB20B784F52F992544753F2CBF642CD3C9C70D8722C197142C567E74FB431EE248
311
A8F3FC00377F5142144A82FFC28AC2970A780C85A7EE9146FA4B2981F3C93BCB0F3FBCB6DD3DE69C72B6073B99140DE28B8E919D9D9E7C2F5FA99FC1FFD07E9AC0965CDAEA0A945FADE52C791EA989E8E7A21A355FB37E44405D171B98A6E946DB26AE71DBD01FEF07FD378F5B4B518724481820890E7486E3FCE61A60E096
311
D577701890EE07CA5D7F2B086040749FCEF3F81972E510A86359C9BB579883035887542090614E5C4461705D7CA1CF84DB564838606CF1597E8119790D021080C935A908324EDE9F60A04B7830A33F0670CB08605B8D01BF9A3D435693FAB4FD84EF6754930640C1F9D74B052A7ABBA9F502B39DA3BF6BC7514EA4BEC71D75
311
2BFDC198EDA8DFE8F32B3EF811E4576B0A2074B99B070A069F60173E7427BDF285024E35A4418B7A412914F2800F1965C4F1120A2D5D2C64400563D5942044807BE7C738EBF3034C4A6F4D70C04ED1F97673C039FABC4CFF18866E08200BB66BDC9CCDCC3FFD1E43BEFC52C317F0F5E64900FBFCDA4DEE68768FFF46350E0E
311
DADB7B34DBBEDE3776BC55599AF84E312229F931E700D04478D66A0D88D09B2276141AF0F8811C5F8067DC04C0F90929F7F1AC9CCD368488AFB965C97B855A3E2E93AE5B4866502E55991B82D4388614F2C36B8484A5FA06E3EFFA984A6AF17D5C2073299D9F12FD63826F67FC460E54030981684E9FBFC22009A300696228
311
5FDF4FC84B699FB5BEF3736C6072F6844C15EDF25883037DE6BB7AFAD6AE164B367812FA8CFCA6FA25725D99AEC5C6EDEEC64ADDA2BE0056002032E1D7A20A54CF444E360D520A5B69816C0A953CE0434A8A898BF18E2B704588C01BDB2133342F5404FEE698957C200EF54E31BE6DF4E888C9C67F5F3F1B41F922777E7FA6
311
332677C20098C59F762F5DFE4A23F9801A3BB6F8A4F66E0D40EC867E92DEFCE84C714FC7CE8DD3DD3BDBF9C781B1C3B549FAD2C89D711808CAB100E09700BB85240374A7209212F320CA577222A7020E7824500179FC7096C714884BDFD9499E027ABEB3CB0226CD293CAE6E0C41A6788F396606A073E28CBE5CC67D584D36
311
CA39D37974FE1023253E3FFB007A26F657FFC901D851130DDC2BF54884F20D5D40A0B7E5C7BCC7CC87B84F2ED820192CCE1AABA1FF24ADBE1D03635B5B3B53D4A5F84120125FADC36A0E792D3AD7E255792CD5241A4C84171F1104090017DA493D0A7790A7BDE6DF326180398E4B0DEADA5C2763825E43E05C388E184678C8
311
8CE6422606C017F030366981353DF03A753DBF6370879F79889DD0BF75408724DB53C5B0063AB6568D02DC47AE4627B58D7E367A6000267E7840C23A0940B992DB98ED1C4731B4FB4DCFB6D3EAFB6CAC7646F0335C5031888CD74E2103380260AD47176D703960230370FBBF28813524C17FFFBD6288BB28E4F905ADB4A788
311
B40B4A6201C1878BED224DE9906C4C79EF32EE679B9F5D3B5DFA137327320643909A823F62106CB8F9BFE4BFEAFF0FC7A6393EC7F64A698EFF8ACE31BA05ECE6DAB6DF124118D1D13F892F3D3530602E3F3ED3D59DFB821ECFA3D9AE85B1ADAB9E328DE738BF55D5DFD039445AE76D0194180F57B15BEE5F09C07F952F9A10
311
372BC894CF7DA12CF6507E2A8916E0DF430C519485C55D61EFE209912D8C32866214E121611E22A0B1238DB18E86636A3BFAFD5B4EE02FF1E505F902BDF424D0516907BFC95EF3A76B6B3872769D67E25B548F0DA46E2B93DFDFD5F2B9E9EEE1EE1DCC7FBE6380DFBF38A165CAC73DF912AD76A4690D2B766A3EB4AFA2D05B
311
E543EA20B095FB17AE3F1928D84482049B659E671A4763CFA567C08824913D37F2F92F841FC244085C1681225C04AD6DE1684831682CE0D6096B56101C0D4FB3A1BD3F11FC1105AECF5660BD3FEEDF162B0D9DEC6DB55AF27FC98050BDDEDFF63ED14B01336053A19DE9AEF5F5D9E9D9F9E19ECDADCD497BCC57681922F327
311
EB41FF681E17C1921B04FBAE371AC69E53F98183E91B84897A5DB164158BD1D12FF6F6BEF0E02847727BF2628F9FD48B6FB11DF6928C868B29590A0606F92140D0C08850DAA7DD8A5FE8A50389F61288AEB743E9C801BB67DBE0A7F64F63BC87770FDF57AA73FE1F5A84F8DD3AADDFC32087FBC0A7D645C327B97D65E7A8BB
311
A76DFD9BCEE1B1CDE3F5F7CE4E6DF4013ECD7CB60BD1239E8A4E9A5722AD9C4FAC8F7FF17B214AF8801950430639A08E3ABD05A0D94E253BD5951C885B0CE750309070555FF21F2EF83FF53F4E15038B8D8A244740A5C9CBC120043DA0B323FB1DA0A4EDA268C05A304619505000BE10415DE898809DB6B66896E60AE347ED
311
3D6DC707CB7D5B5BC374A158EDC343D0EA61C217D4878CBBDC1D85686782C3CF4272E7DCFB5E9EF628F5A95AC1AC0C6848F5771329EF8DF2BB79EFEDEC8DBEC72EB7F245287FD4B31008AB38EA4D52F2BF57167159E3004CD8950E217DDD6F699FC763E9D1A0AECC701F7BD4430A3E030374066938F883C01DE40E7DAFD609
311
345E33570F4CE6BE467FBD7F793B5AF2A9D331D86DBA7BF98067918F9FCDD609A0384B523F4413B574B818C6889FAEFC5E7B8F90CEFD62BC2C85B2478D54DD076635BE434FCADE68B3ECF1C8708E27863DBEC352D87BCC7A92A8E135700CDE65BC114026DE5DB68275E656D2C0D4087293D43BB4C9C14EA83C0D806783B40D
311
D7CD4F19EE9F33801F55A3F1FD600017A6CD5DE607783D5F74E34680E7DAB98D99F6E5B5ABC7F7DF19D8278322F6A97FDB2FADE1539BD945DDF868EE2B8B70D9EDAA45D1BB0A5801198CF1DA891540474745BF0317F8A3703E02510AE94B084221F887FE950272D62D4232781054A87C58D015CD45EBF9B70E60820A2056E9
311
D4D619E8494BBFA68B61EBDD8CF52CCBA124BACD4A4077E8420A7F36FCDAF661E577B792A7E1B7E337C7CF1FDEBB3B49F501F3C7366C1730E793F51FA20A9C3D2E9F18E63DC277449054CEADA36DA0807467D45F8A744E1BDED725A033868703F1392BBE221158220588F30574A0B0893D0515B0B7C404AD0E7F40C11D504C
311
49BD7DA39A85A19CD7357DFC966E5D92272FF06D59CA5A6A1C8AE30E52F1247C1F1D78F81887F9F3E387075B170F9F5EEE4A7F5BFC69DF02FD8795FCFFAB472E7C88D563DA514861B85BD41594A75F5E866BE69471110A9F75C8609C7E6BF6C7C727431EE3E9E3773D2378C25226E82C08104A57ED273FE0921D6990E02B00
311
6BD038263BA360355E8DC446A380F0BA35FA9945A80CF60DFD54054202F91897C241C147D59F8E0FC67CD0F2BF377A3463F8BBBABCFBD6833C57E214AC3F5AE9C2FDE88852968F20337972C7E04EE5658223008AE82D93BC37D8DDD900BD6B16EF221F0D4149045D740A8A215D4FC186C658E01994B8CCD317465828704BB6
311
30DA2243B3B4ADD3EA554A97408454148C04A1A0CAAC2E04033C04073851F54380E0BF2DFFA43FAD3D6B574F2E1E5EF6E5F4FEFBD1CA87C161FCBCF5C7AAE2F726F814027BAE10F79BC3D765D61D1803952210A9AA07F8C6BB2105B61145B324F96014EF223D4A9261080239F03FF6F4DD4975C183B887E081F7A467A25EAA
311
0C94028FEB808637768B07400A8235D4EF33143253198900E079E3FACB0C59B00F827A5785A6FFE2FCF0C0E6F1714F11CDE5140D931D707950631F3DE877F300002000494441540ADFB08704E252AADE1BD4E8DF55796A32B9B6F17737C67702E5C638682737286CB0E0A89B624D5BF28222432848C9AB8C07170C97B814FF
311
492A61072407D638006F7C8400860444C01B1930A522788045633DFA9507267A3A42BA05925BAD705CDD3792FA23C1075C6EE768A673919EB6C3FCFE7629B7310AA794CC9C0D14A1FB88F95C845BF22543F57996E0B26C9E4C2ADF187F979F8A55F11B47BC26594C52588518D25E6C2B1CCED231EA1B748F093E5726A21A54
311
C91EF95789041030C20FD5AD68613432E19A4D0DA2505B6BD843516E10BB00AF9AC315EE9FDB39CC1F9EA59CD88F9CD071D470C86C4647FDEDDBB1CDAB81DA94034747A779F4CED497CFF817348F69F52E55490840E48840BA72DB71F3E84F6DA2F4717AA928F153DA6E4C7E8E00363CEC9A2E1C8E65F298FC4A52F087FCDE
311
E5CBA38A80CBE11FF7BC2AFF249203FFAB77A128A001B1987BD334AD9B901890A8C2005B6B248196AD09C0025ED841325B31845032E327C531C839E66DBAB39566B631C2FF0A1DA5A3CC47E665AD8751B47CFE33899DF047C9F3C365E3B11278D49DF939298E09002F6430F9958803309827A7C791048CA070061B7E9A64C5
311
57D235F83EE24822E5EAB805F9862F20FC58F483DC0EF02181F572930205107E00E523861895A2811309808F2B6C14B2AA579E893753C155D2F54302007E9FF36AC5FEDBCAD47E182D91A73920CFA5C18E01F8FFF4C3F1FF553BCAD0E58DEF85DD63B91BE38ECE1A9FFC4AD4A1FBA30D462C328C5A0340DFD393D3D3D3C065
311
9195C96990F391EFF4175213BC74C020922D4830FE215E76940962BC0713A3B82784C0CB6623DC40D6E1485BAD454F6892200B225096127FBD82D2B12006BAE2E329C771E25FEBC0DAB3B5395289D56D7A8A89081B34EE06F80F819EFE75C67DEEE95D227E283FE98A7B9F1C97D2D05B4D07A469153C3DA3048EA68FA667A6
311
D90E291C7D7E2D063E4D044964D055F2DBF3E31BB851AE9F78A0A7314F0AD24901F581D74A6929142039C65AF5830D1C809536CDC05E4BA51038F79D713DA930CF18BA3010E385351CF47F74D439BCBC793556A1F99814926AF12835E251C59BEA3C083EC2B2760FEBDF4304C9EB87B35769E1EB24B648542CFA4EBA9EF93C
311
D42F03C08F249A2C98897D8E2225E90077823F4A52171A61219998CED6FA050992B6B0A74A2220ED12123004FB977084208F8E2AFC80F456CB110BCA647A3A0F854085D84FE0052BE31FFE7F925610BAFEC06FC33F9931BF063F39DB3D1BB20EE357F594045F4226131578582CB055A59A073AE0413989D215019B6EB8A21C
311
F154D71164E0D8F4E730C2CD382D098DA5261456A425643686BC8301710F2C50665881399156AA2B4C3191BC555728384800CE10040F746A3D8A80A5F0E500A93456FEC52833BBB45203DACCA37FE1D3EE4B9BF0EC27ED47D89B8266F11EA2DB8B5A8BB93EAEDF0C06B7AD0402B9EAC6E787365535AF19F15158308A9D9785
311
C1BC1C01377F8C6B4D07B50DAD25649764A91DC9812C7B34CA98184084F7C01055466B48058CD44085AF26648520C85C41C67805462D8425680425559F4440F3ABBE1F3F81B1EC72708767DDC8FFB6465796C8FE310FEABE0C9B242A74137EC3E0427091967023299BE5D6D4D0C6D15747DC2AEA4ECC57C72856E827D33CBD
311
319D70FF854369EB841282F84B7CA4881447ACFCB257E252E00FBB3272120A75B99119840858486615636E0E0334031AAA8C08A62E080053A0AAA4158431EC727A084021D41CF5D630C94184F6FE7432E8F5F9A4FCDF3EA7CF136FC2988093F98ED622E38E4976E1BF0CF49D2889E6DF3566719FE1F9B47A2D3BF89C69155D
311
CF24F88C609EE551160F0415900B4C48FB013D8900A9192A700748002924771A3686A0A580FE4009E00ACC090253E280B90AC15048E047020483A038A60ED232831F2CC90498648690D960C48E439F18F4DDBEB0B6F5AC7B7B89F6230243B4FA160A7B9327F3AD5D937C8BFFE5FF8B3A5E64283BEF8EAB9F71159514CFED62
311
DBC880614AA1F7994CCFAE7D8C87057F451733699B8DF87056E1F0654B5021E38097E4E23221B810DE20559AD183A61C2C88A648DB096081E9801CA00BC1DA0124E08DAAC15FD2936905CA8DA1C40E42B13F1764E0C4015EAD7F8BFEC99A310B1B7C0BCC7746D3C0702759C89EAD57122092122D1F857067684A578F1DAB7E
311
AC400841F493A468113282FFE42316CC74C756B1C880FE78795C692813CF4644480EE9B02991BCA257A71861F00666D9410288487618D120D0E80D7773E2B7DD180E100EC98B221C94BFC4FF531A09B986230F1CD08378A8E4D0FDD7D9B1BC75F5C12EAD7FF83F3ED19EB018620303C217A6A35D826E72ABF2D8E2BB1B783F
311
6E48D2E3F360806E1D192085D022103473A10375B63853EC54F500B5B064DBC20945B88160DCF7E4F83A0200BF6FAEAC88E9F54D22D898E43F378D20B51B5D6B1457000922202800DD401A9266483029C0D6D57ED80D42A0E6E08835F0F3AC73D7FAE6D56185F04FC44472B854EB7D9CBF7134DF3DDC35A9F6B38417DD6F50
311
8B37C1A718B0D054124176F7222F62DFB327F34D451799D56216880193254FF782D7DDE26C271BF38C6E422E271CE4AB8823C9510F021126A7A944E00DB4031D013C88EA0746C96D4574069BD5439C4110403B40020C30B07A604F1E41D19C21A93FD9002DFC35F23B1E7B98E95E38387E3603FE7393680410D702FF9ED5A3
311
C5E5CE68B5827D721FA78F3A9A0C08A79722D9C9B418F46C0057BB1640C70AA4A03D29CECF33987596D53CFB27B32C3BE304C540E14BF8464E080918268D254838C91A01F0FFB99154FD8A9C0495EAA6534A6C464440B4A71E16100E7405088122A35F7A511DC003D002E6C8E7E15F6D1D2FD09014139EC11FDC89394621F7
311
7B9F88EB5A583C41E2FEDBC8F82334494C0BFA97FF3C3A34ADE60385B60E5A30CF036E5E75370BE3B83AE73B3B7DC0BB337DA0045299ED0C66681E4AE223D01B1BC3BD4C921E2005FEB5114739040758189BA8A320067B62A3995E4720055065AC2B4A8006BF8CFCC907C0063EACE41813C5F017065AD46CFDC6FF1BFEE052
311
932CA3478C8E5A6F25DC8503D40F61FC1B047E4DFFE8E84407C81F1AC7B5C79DA358551CD0D13785A9AEB38D6EB68A0A8087FC6543E7471082873CDCE5CBEA1EFC5CC0579469E225428E9A43D6A6000B4219DE52E8DF00A55F4BF5035960661C2DB88AC1F67C2890A93FC420193C8326409E7B595FBBBA9AE1D1511B3F6D65
311
B09AC10A71C2317201A603E88C56CC68C91279E83F5C147787EFE6C675F00941D23EF092920330982DF38C65EDFCA89DA98E8ADDECCD77CB86D85118F3DD9884820B1128010D02F1060F582871CC8FF42024C02239273A1CC3BF71E770DFB7E96081682803188118B50310BD620234F230B12711B063E0F0490FCDA9248B58
311
0D3D3DE944A30CFCF2A1E0F6E59E8FBEA289CCCC943785BB8880ADA9C2FD70F6A13F5418444E3A669273C006C4B4EEEC067827539FFBEA9CFF04D84E7F170480037005AAC8829084329899F90B5E013927F8E646514B4824B01D11F72C012CEACD163B6358A4454A4221D06E68A71062520649BF9E9127D0772D6E5EADED52
311
FF216BC2FC513C7D3C5CC4C8AF009811826AE20203B076A2AA66D8D32E317DEE0EFC000FCE16D9E0BEB17C74AB009256C5D8AD1CBABBDA61402612C675FBD72D07E633B1A42F2421208CE01397560811204306617A5141706105C9F4984C459F2D0F6C392FA05BED808512B0B9A8A9FC6CED89640EA347D31F0DF76D3D9E61
311
E800FE9F7601BE4C9614A1C58E6C839F13A12D0EB426DE6386B82369A9E6A7F1F9146EB578A2EF4289AA109B4F6CEFEC0463E0072A05CC9DEDEDFE08407B173B8AA65399C80B2911252E6290C82CC1B8909140C11B7AE161B42B93905045D017E00CED6D27AAA15F2C2179F1E83D411A7020B9408D202381E7E5DEE5A9E7E5
311
CDE3B186433F488AC81554BEC09BC579018ADD1DCB3D9D70F02B14BF9159A4DA376225FE43DA224FED327941705DA582B2FD1BB5DC0540667B650BECDD1D5DDFB0C7F36DEE2B94F6EE2EE4E426F20A1174C31DF153321A24114C4FFF25E505475F6906D4149B21F1BD9D9DF7B059F8E0FD83323CB97991FE80EE131A9003B8
311
1C491B218B1D42C0C0D593D9D548003839DC29A740298B0C23F0CE14BB167BD61989AEF0B985C8FAC8F923A73F31953989F0F6C96CA6C4D0A9A88184BEDBBBDA3BBADE77CD8E2FFEDEEF46184A86671D7DDC51417477BE9F04804F305AC82C2D018A21EA903866A0F959FBD4139916D036635EE03DDB7408BCF0627A03027A
311
D314C09B0A27F0A79490D53839D0DAF1416995CAB24101FA63F75029D57A4CBBA9FB4D120ADB17FB5A999FC9420DFE04FA670430B90FE7F589F7FE8D50A4B5F004CE5F07EB4EA007F8AEAE8E8EF7DB3BE2F81F42166C7246FA9E62D02C8209BA1024414C483498B50229FD923F2414040B2081390AAC353B5283EADA12A30B
311
1080866D746B9ABF5BC107F33C2A015B275480759334B83AB02175EFD0DEC785DFC505E0064F4EBA5A97073A74C5C9FEC97BD25D819E28AEE661FD2732B8BBFB1BF13441B3C1F45E8AC1752BBF80C113DE960E0AC7D9D02C58C80505A19BA0E84B14402601A590A4AE00A825E98C3212342302EE10FC5100681F86834A2804
311
BC409D70270A2091DCE874B16BE0706C974EB3D26EFEDFFCA6C4579AA4DB781708469F055532A7046C6BEB0CF39F3ED2EC4FBCA3D00EA91CA68FD2B87B5C191E0EB2C300F00A1C9881F263571C6CFD83D079D09F176FAD839340CF030F70458F81F09AEE1329505150CA0A00576B56C06D58070B23086F685E44232D9D53DE
311
3FC3731044F286D19F459351863F749F1104198D6E14BBC68E17CAE70D7AFD958E350BEBBC70C9C4DFBA075240DA27D40AD7DB063A097DD3F041EDB3E4B682A7A12A548F3393DB01945547175879989302521EEB1431B08759B632B174E0F700E774FCA1BB83F95029ED1A084288C8893520E49415E00DA080AE8027C34206
311
D35491D050A4C6B080F6A20889A2FF82379AB6234F6710C05F9080ADF002B9C9F9C583AB220F45D618D7E7F7547FB27CED8A8B7A7D24EDA4988B0C1C2A1AFB53FDC61BF3DE50D63C560F0120B0372F0839DDDAF13E583B868717C1CB8CC71D1D7F440CC82184803144196EFD58BBE00B7EE77DE8C015942357FB06FC906A5E
311
2B8882CCF9FFE184B0035A5CF186A962A63F84B3AAEE3D5A2C830008807568B6A9F424086D2095A3E262DBF124350082C4B5DF4704A9D2C93553DE47BD6766B69349610716999FA25854F759CA9792599D3837ACF6247CE8597B0F960FA3EC45B61715050260C5844FCCFEC9666BC71F875B17E3BCB4CB151405D7D08F846B
311
4CB952248B4603CC402B609E90F0044A007FA800EC46D07A51232B00E5683C55D5096E1374DA4FCBBDE2C25A5B8D26008227CA7758033D7D70DF12CAF7F247939F93F1CC63047D63ADA0B7CC8771B234D8095FCDB577B586D1834062035670E204B245EC093FCBE15626C10D210CB38A13F50E10A0D5C0814B0C4B30AA9858
311
516001669002229618F100767AA3D6D2528595FE7A398C2D2300ED0013A0AE60B91644A057327BD3C36BEBF48C91279B45F8BD145494674AFB211A91977CB838DF35DCB3D6D6AA2FB2784B591ED785DFD7DB77747DAC9D2F7674810EFC2895F9ED8007EC7885101679C06F21E4B1C8A6120956F80518D1DAF1717BEBFB5803
311
E20C6F2A11B2E48AFF4AD2810A70054623E341B3D1ACD92DA91150DE631EEB2C28882D092049C0DD38E262A7BD6F98549930C9D44B7C37028AEA9F8C5628A2BEF5704C0DCB2B428181B1BE766F43014498D2E57791E4C8DA6BD2ABF5003F0C40202E2E32EDFB02852D16C30B7F646B98FDF86C7891690043128B0A0DE6B4EA
311
27F08C30CA34C9D0AA0852A5997F8D11A6EE84E040B20472020256F4AFEBBB74E6705A12083B249089218E6452C8E5A69717E904A3F5EF3D5D08EC1F4D4E85086B238CFFC11AB9AE972CB775616C6D1DE04DDF073B4DE3747C41FBAE6072901CAD0237100670C5A00C2C3CE063610ED824826C1F6650700E88C00B62468903
311
A0D71D3A390255AD7040048348C56C4647413C2C2561216E0C469203EF06A5B101AD40D0E207F78B124747DB5B4BBB4E88B1C373C114E0470B345156EDDBCE1B4DBDF81DBC400746B0B54E05F693707B89A5E430982C2AC7D10DFF11D5B102B9505034B35D07E8E5F585757F088B390F2D4C85CF7218E8418BB4F25B885053
311
D07D5A908326809F31D6CC6B77CC948413B28664484439D118DBAC27DB5AC40C1AD166F25E6A2F0AE82100C0BF220405323E1FF80DFC518CACA8DE1003F3C9FAE9C7B2D60703A0004F8EAEAD2DE0F5485452D15B77B4B67F4C2403B8D8F9C533558ADE058A9E177A1698F75DC0EB4C800F74C0270178C8579C1FACD025F056
311
0844502D2BBC01E620030CB93636C1041636A693949CD80139FD15BE107F905590A292840F8860706D07E2970A2F15E5B13B87C3143CB2930374CC46A6F9B9D7A5CCCC14E11B9E879A49FBE27ADBD6DA82410FBB94FAA8487D61B51F4BE0A03FD08743C31020D6628ED20305A22C2C2FAFA7ED1E7881C438AA5B9035F20759
311
E243C51F34D0D5F02F11403B9E204CC1686C0B6C9000470561519CBE1B0E4FBEAB37A39EE4B84C05F023858779341991F36D9D9F351E7BB3B5ADF00148D9D05784F9AD8B037D48C01BFA83D4247F03BB768BEEF973A14E610090D4B96B1EEC5C5E66928F28EBEB6CF578B067DD83086081579848E60DFC7684044D8174993C
311
39F886043481F6A2B743B18749E52447CD4D230513032D20D20206E536E15BCF7B7D211634F98FF9986287F33F9A94615A5A0A7CACF8DF5DCC1AC6EF9AF1945EB78E0A2FED1DA2ACC00EF983F9A012260BD722EF61C9DBCDD8719703ECF839029010CA0B9F100B1D2842153E01A1A3837AB579516A31982FD2908A09100DAE
311
591016CBCD4B011A2F4DE299E1338CE065DC4841BF9895D8C81714800CD08F5AD39601BC929B55D291F6CDCEF2AB40DD5D98F4E6F107C47AEE4A09A079C05316F479DAF4C2BAB83221BCC0CE23FE3D3D4C7BC9AB673D89A3677D6020F6E182332028012FA0FBE0B2668FB85485902A8E7FA0BA2105C213E20BC2169211A4BA
311
BA7D693C3F1DA961F203694853137073AD5CD25F1C017DE0477626D7BA55B88F83B5EE513C41D814639FD1BF759171F4577D3CAB0C3DFF68B2D3B1F8478C18F67BEBB2598FA76A4545E9E961BACF657E0791D2373030E0EC9FAEDD17BEA7703A738185D08236C407448A4CB504CBF01FF43859D3115488EA01B55078000DF0
311
85911805790DE1B41B6F8CB2889C3834FE02AFE07D85143C6C008438A944EA63E047023A7EF37E13B0903AFEA7BBAB9579330FAFDAACD540022980B65A75FBA17D388F1E6576405CCE7032D95BDA420E7DC0EFA320879E5F8B3B04C1D2D9C1114210C19FCC49DC6A855E12010184DB8968109ED016E4683CD552A36B3AFA13
311
BFC2114068935A7E774CD2C7225642B73325938052D8634ABC18DC9442BF9E0402E85B42F9F3273672DA8E8F1070405D1DC3248487574CD98092B8B956E6AFE1566530B78FAE05B4A0DE51FBAF85DD075C7E11939F80E015A58D1F87E400CFFD2306C4D1D3C634380A201545A92BE01F445800BE12302AB477BD6F62600D21
311
1232EB061448A0D2B877BB940D63D059C37E0569A83DE93E214F4BD86209FF6F479C640AFF8AF6D1BFD987D029A94DB7C329B4184D4BB013BF912FB88FEEF913071A8D82B651BC10DB067A7EC52FE1B421883144C00F64FA23A11CF708BF16CA59F18D4C04B8085964B2D8DA4A855187000BE440BC816FFB13374640B0EB1D
311
0998AF38A1AEF503F14302E2811081FC12EA6CD38A63B33035125F40F170C0B0AA45E9FCA38FC6D688D48563B5C4B4B7C359D3C7AE0EFB16ACD5E2FAA47EF8307044B4EBE1C71E84E742D81431FB06B90B600B9C239E277A57C94C427EE10E7826980C0136600D916A06058CBE8604DB4D314FBC014EDAACD0820F14BF7544
311
9B70339490FE5A0491221BF95F949DF1235380E969AABDBE2D32EB4403D3FDF17F42F9A0A7C28ED75BE86BDB7C7EC80C76F86B8800F77B305EB88F00A4352E0F8089EF811EA02A3DF08F7DA008F803BE4B4EF5F41E56087099E920708C3D720916444440FDFA013D4E1201414123A09290F5BD7AB729298209C4306D007BB0
311
829FD4EC3A6D7E4F00B67DF38CA0764F832F0448E58439B952CB4F70DF964AFA74CCFDBABBDF273E2FF4F56D3DBFF2A78D42FFF2755DF307066497F44062AADFC0CC546F6DCCFECECFA232E14F408F05477D311B683A35BC245FCF8A5CD2AF20022C21022266905A5BCC8B20235D6FF04019CC04058AC80023662E25F34206
311
3165956320BE50370F2A657BACC817DDA3DDD3EFE04028645780A768FE38DBA88BF2EF3ADADFC7FEACA952E5A77568ECF0C971DF32BF1D24F8486B22A649EC81B1B60315CBEFC026091CA45F858D7D04C1B437079431E63E38F880758842E780A9E03791C0FAAFE10012588C3C592FE35461A6047802BA18686887023A422A
311
49599399893103942CF6DA53A8E387825FA0678B261F139F801E2B17C901D0F5217E07AC2401A87D0480F753FBED44FE949C93A1D042B879FCE499B3D861AEB23F9C1F372F0C24D0B7D6E70FE1AAF60F84BAE642D82F0A9F53E22783915518494FDBC0AFAE7DA282E5050B703570E06319A015E00D693A6BEFFAE493941C3B
311
08C13B96BD20D0115A9565701DC58568A3009DA13E965765C03091F0FF339F7309D44F6E61F837F1B1FF920450EB8FC48F9B40158BE89C81A597CFB0DAF5F5755D3886DC13D4479599B583758CBF35663AA234F133F91D3BCCFCE0A794367F385C59B19431780F1C099131384056616E15A1563B50021D369C593FB292685A
311
68A8B2A50A0A2085CF05434617E05FC24A6B077B990014421A68401AC4D65788EE25F737EB780D08A6E38F060F2ABD889E1B889C44852C2FF368C1E3E710D73B6589EA83F7417B341ADA1F639A23D15298F087AD0326410E116C3A1B325218433C71AE62C07C1480F1C045629724A076A4BB8D622D24690486727F56108D07
311
046DAB065000678E04C4F8C342DE27F4AC102D854F2D08D59B4ED0E4F697B0FF62F113646BC5B7F3131D4EA8BF8B265EA3F2026E7061B96F6DF3D993276B2180B8E57067587428579460551049049B074CF8B1066C7E14C705F0B39298C0997C17F701097023BAC31081390196801FB0C2A12380042927503D5A01CA127F98
311
41B460310639C674BC8CDF1A320501448E0068905B07F6E5602F8C1F07786253438CEC51AE61FDB25FF71B09893AC026A9EAE3F30F369F5D5EAEA5801FBAD3C98B38C13EE017B054F81A56F05259DBDA64FE270B1FC4C77200FE276FE814B916E222575ED717A62A92956504605268408CFE13FD61F8425222837606020680
311
2B9550F00B9D47E6AF1022538A752CF4FFF1F5931384A9FF8700EDD4FFA2B93FCBFABB3EA6C607FF714B0B8B04EBBE83B52B246092AB018C0D0002FC490849F1E214AE6FC42009D6D86616C835B65DB9862EFC4480C14137603C3089D0A5588FA27E693DD184131BA4E88C35045ACEF1CDE1A82323C20B842F241960482119
311
6EE8185BC834AD44F8E9B7549A32900196E9ECBBE20FFB4706861AACADBBFD9B56A23FFD3AB8BFACC18B1B5AC0ECD7B6AE2E2E9CCD2BE8AF1B1BC3A813B94107E82DE67A42E7CC7D4A6116700B5B2EE3C338A09B840F07C40A64800D7C605AC42B72227C4C7020AB1F20056E26F542717F56534261DE3766AC10A6ED2D006D
311
D03BA9DBA507AE0510A8B385C92363B9154167F1230C40D76AF6F3BE0CA08F8BA2FFBBCEFB09D0986550E0F0EAE2F2780CDF850CB0F88CFC2815FE87BD83909F474F45DD47F1C821DB2107A8817FD45384F57891B65F2543D0C1E20A89B4A8DF806862AC27C60F6A054627FD344250718AC0FA21CDC4E28DBF2650D1B39D8B
311
8A420C348A4F846E2BE824BF8C45E1DB8EEB52F576F47A75FF95F90FCE0FD3A7A08D48D5B9AFBE3EA658E1676FE3372FB57F0AD8D70ED4AEBA3D4C2BE0AAF1C3AD63A6004D12900CFC481A47430C9EACB390038642C8C41B13303166614210592736B8603AD4FAB17189DBB32F3915F0C380795A089A15228460BDE8E52203
311
527D41B5470901B088D84FF8B3FE2BA7F4FD30ACAB3DE0B7E2FF95807AB0010FFDE3A048F7360F9F3FB9380EE537F16F8673131325D3351A3F664022020811A0FE8C019CA17370725CBFF64132025DA1BE2555102212E80A907FB43ED80A991A8AAC183932C19AE17524B06590B6AD286EB99BAD18FF4BD64BAB519202F992
311
A963648ED30E7521F909F090C0213E367A77D8836BEB6F34D92EDA624183070248351F1A079E5D3E7A9EE81F2CE6678F92E299EE312B6C0572C0A7B5EEE07853612403813152C7125E2022A20C18F855DBAFA399817FC97FB6E1CDCA31D348434ACD0012F0D32A5456B4007E6E92D72B1A4E9971223A42C1042819E4049C0C
311
5801300C0013FA48F8944FBAE71DAFC27F1826FA2304ECDF3F6C10FF47D5C7E49748DDD687DE8E91C09394EE0682A4F84CFD6067EEDF43E67EA46CB2F4070160439245F00343D03BF25D7E2F26FC400A896DBF19FB8D4D0A66DA669C3D608F9CD048A0533621B25690EE19D5D15248E390F042B12C682511B02BFE3E5700E4
311
C9A9B2107A8F45248FA48234FD23005ED1F4EFE80D1320836F04003BF42856D478D1DCA3ABEEE3C68F9F30C3A16E5C238EA5DE3FF37DACC2F8B7980033F47FAC34421EF0418A045394802CE032D61C70023D788136788613887C0011A4EA316E005718AE191F8D0D841B9C679CD2FC478442D005429166F5A24403B1E6ACF3
311
298F388B6D0BA933D92339D48969A5C11F09B4FF017A9900A4F887010C474717E10F36468032FF33F4AD610517777104CD920C3CD15FC5F3B3A0C75BBCA3B00F2724863C10BCD4A0E00736C7981F2F72E4B001438B99714FCFAF713A2603BC710376A1715FC602022202E06FDEBBC680A3DF1C4C095A12C50B554FE7623B50
311
374FB2129DDEA4C392C9188077658C87F55FF92FFA507FF03FC8DFD3F31BDAB46DD51AEB03F7E1B38B8B87CFF47EA1479C3EBAD5C6B382C221C0F1B358B39D76D9D3142C4A20935F541E492E0EF081BA41B3620A8E172B584EA1485632E22A8221CEDAC6110AFA4B6D43E2B76A18AB240BB24337721C9321D2C033B2D3E264
311
1A55A400A28403C12D1DADE39AD23FC5FC08C47A64DC3FF6DFF76B5235124022D7E6D6D5F3CB870F9F31C96FE477FAFE54100068A3A87FA5908A2C08011CF31309C10025B089FEF9C510522B8DC07C30AA469841723A10C08E27F00F7FBC181C083F2809EC3B2B328E294AEAD5A071B3A95C81D2DE3F930372D022C9C79353
311
5B92FDAD5426E90490C3C81D000017C6494441544698C416520C1C40C71FC204B22448FD9303782FBA67089A1A7D4CE38E89050FEF5F1E078A4DCCFADA058032C34C1CBC2E1202B1F8962B1A8024F0EB7A11F209E96FB369D4B64202FE7BA230AD24C46413536EAE955B341B726C593B5D4630C0BE822480908522B0D85430
311
230352618DCD4F7BA6D568BF4343801480006658EA3EDCBFFA9702B4FDE9022163C43F9B72B58001A23FCE6F0B3FF0E4E1DDFB9801A6FC42FD0132CC1F2224F89933107AD30B6C9131A53818AE944BE25A70810821C38F098411980E46D108F483DC63F49B91B852351604091D60546702F58A3872A1716411B642C7629C26
311
7E64E77719F46B0548FD6BFFFC86A38DBFADFCDF700228C124C8664FAA02BFB1F92B09800876FCE4F2D1C3FB4FD0A44E0106A8DB8079751CBF0BD9340066C3D52BC64706467C05B5A54401BE4A1B0132A55EAC1CCCB10D378A3DFEB9812022327745EF2102886A9142C812A1A2C9708027BB55B7006357459F9C2080E0BC34
311
489FC629510F3017B62D5073E2A2C64048A0A42580E413BA9E08274091A398EA80B5BF31C87BF5ECF8F1C5DDFB4F22AAC181F070AAFDDAE5650C4000516440D8806786D874215149E69ABEC43FF0EFC820FEA112B0522003C84BE03FB76623513B6D840820358B084119B0CEC8C00AE888826339A54091F5FCA513AFE14797
311
5BB1A86FC50618D9D74502F0C7C8815AA306602FEE3A5E79E0D7DED1B221001118B73182CD439A092FF801105D1AA14E1918EC282F6260869D55108065988BD67F68E5581720A708051F7C8070F582389C682BE53F2AFD85853F2A013D21564028E06E79B7A71E43212180A81541EBC88F451E02385100491AB0C4A3BC5309
311
A95911E66D04C0B448366988ECD204C2FC930F8CEE8FA410EE4C25B58DD1B6EBAD83F6196670F7DE635282C0A56A851AB035831725F0471A10FE52097089C80495804100318405F0DFC2136004B4C40705EC9154315129205EC357930035688F61AC02188250CFA9A980233925F16A117A48CA54DAB6400221976B75D86333
311
0942E20EE3B00B08FBB71AA813B0E502FD2B023DF70114E0D7DF2E2EEEDE7B789504200112075478F2FBD6897835C91F0C20782401E801A2F9142700B74805703426023A81CC0BE88B537D0003E0C5181D29EB8D83050964DD2580910A1E7A8138F76253DC01DC2F3824391AD748276C0B0CDF12366625D038603D0003E026
311
6CB42704C8CE7FA7F11B4D59C0BF454A78F8FCF1E50513715D469607031272358F04E0003C90107223A581218F10008B10247CD20D860FF0BF48801040B361808148714764028EAC137E871501EFDD97C89B52107FF1235B0928C562530082573CE137840EFEF82A0BDC602736C595912FBEC69E6A3A26903B3A300C5A098A
311
9E3F1810CDFFBA019D97B4E7A7A075850F2E92569BD960CA7B8304995FD006FC4213BB1448A6F4BFBB3A9F9FC4962D0A1369129B10073771FEDA38B1737B663A71C088D8848027FC3008DAC4E4397A6F76271DFFFCF77D6BD7F1F67DA51E0E08875A6BAFBD6BD7AE52CC04A0B4A2206F650EC412841A48258258E8662C3838
311
FBE21E25172C2A15A4F78D82DCF68A005DCF07047C183E1CE47731BBCCB5469D9169E0D588945BEB637E87802A03D88FB82486210D28FB3B858D13DC7CE75F5E6F3B03C1744D30CC58C7C7A256146853A05243060B850072A7010CA47CFBF9A1E24F414037B8781E8E9F219A774B36481CB43E48A79819D638C8760D672FAC
311
19FB9D3FC5EA9158DBD0159C27860409682E8FF2595652FE189D2CC2D7C023E944158355806FC320087CC74116030CC376C559C098B93A041C5DDA48AF33827D2327DC761D19C17CC62780D82A170E6CE7415A5E7FE825E053048F88D2AC2A561CA4D4C60098DA28EF1A01382772484698F60C8DD24BF396EA76260542810A
311
625978C03580A9CAB91D10249BE579B0377A3DD15749A45F24C4D81FF3D7D7996F6A1690288008C0FF6CC186DA9D5FC95BB09B1301004B016E707FDFED306A1BE8FA208828F00BF342186839839F1F6FA338DC5A0200FF383DE92614C03A4508DA18F4D85F9354F7E867AA77A42FF49BBE6757A1A7454448D0BFC3C220714F
311
E43A3D8F1547BE10F0BC5A05985AC3C28829A06FE24CD062700601F4AF12AF99099B08E7071DC4626A97C920C3FF96E190C9D1FD7CB6163E800D79E5F3F10A9306C02B799E80F1AB380E0571A584C0370A220C3125000B500900D96FEA40409F980E2083E4EDF4D8D2480AE5667222E020BCDAD4EF19682120818FE18EC7FD
311
6AAD67C03F7DF1955E697456F517AC4F24700C30171C67E9168B109A4F60AFA60F98BE30941BF776DBC7C70792A2FBE98AAA97224F8BEA39B47BFD14A8CD03320DA2B676E3AA397E652E30A42CE2987B7DA1EF7F75242413800A04C0270C62A13372400B435ACD84B8B5009208F5AC73EB149FFF3508E21C2201E0338BE07E
311
50EB47E7FF6D97724A601028C5519073E7978EC88834410450E074DD58AD13A4900103A6444A9CB99103229F0EF8C0C78161EBC68137240734CDCFC349807851E0EB46CE864D2E405ED341B71A390CF2DE20CF5193189E1901E866D0230409684B193D17E2928534D04240937D3C84477494FC5E0FE0B448E35AFC19007926
311
C1C6A6E622FDB8A12E30993C6710E070397C4B26304C0AE38218D19F01FFB15BAE1C0E7E74DF75F2406E373C414E848FF8E500EFAF3C1029C9C0ADAB2313A7426CA9B2C1B9E30032C84EF31A09A88A386F136E8C2F1D582EA0459207015F10F1F001F0B1B7DF7222011EA2001F00BFD36BAEE0850928B08C077030FE3806C8
311
80EAA74BCE0863A952812E6008B3A89199C1EE918AF96AF583F1A073B0A355B9D861AF1460DCFB3BFC6B7EFDC834B09700CBED3510E48DC7129041C991F06BA5006CA6B5B34EE21501374E8DFC910042036111EC9C7CFA1C05D48A7270F7F835BF04A4194DA4CF76CEC66718C84CD020D04C412AC848F03E3C61A1C8D50D0E
311
A6838A00376054D3DF61A0E393E1F8B058A6C994093476D601A4A06F0CFD3C0A6BFA910E75CC10400A80FDA93AC9B5EA4303F6C0D188B559086091CC5910137772E14F2376D03181B5CFE74C0EA38440D0AC256D6C4D104CE05302FCC00B60B9CD4D71E08BD40C144A025E60D4C1F45FE846A2105D717EEA84808A5DD90A16
311
8E133640311CF05DD870768683F5D2F1800F485AEBE5CABD8FFA3C0BEB33702493AEB551B1EB035EF5C8E5757FA7832141F88E8578A363802B560007AF93D7D470B478C4D00B412D634C9140C4F9275C00DCE8DFE3C7F8C0AFBC5B2CE82E3C3BDF393D4375D50C43CD1C17E3777CD2C170725B7B42B41DF15BFC344DAD089C
311
1E9118522B4A2C60B794E4E8F33081BB7C8CFCEEA0B2015E49D586429C6C78646180B7710E06018A3082243C275F077FBE412C17DE80D3E6B9462C5204C5D980D1DF84A864401C483CD01B143F4A4868087A0F780F37230200A4FBF6AED325114C367C22512750A5C7C3E32D545CE20A0904183BA10015DCAD89864B3E1EE9
311
7EBAE8B204266A48E010511838E2FE413FB116E60880C2D8440AC3880DDA6DF6618C138CF1CB2A09637E18D00F80CB0DC05322E31EADB8081C29410903F06BFCDF5AB46024E4A75828056440503C707856EF0C037623DD4922A400E8A6BD75E4D2800905F18450A00CEE88860C8964C7B3F90F56528BA18F71CFBBBCD2D057
311
97E168FC37DB26DBE0DD2EAEF39686C18440820013C1444055402A541400DD362A0A402F1FE51246404E098249FEE30708C10CA0B54601053159480C00BAA9B1223A773234FE72FD5C3BD81804D8D196FE3D5315A0C981D88D04FA01DFC185CA93F9120E1F480B08063364A0A318F08DF95056E4C91F1150D31B0112003835
311
02E079EE43CC18603AE2F88FD139C802A739F208E88D06DC78267C448C27C4113C19B0F51B0E9C1C021CF8F9167C6B1F2E10E461002910105D1042792D1CA303F469714C018C23D72179E165049C40E801CB96CF334562E5807291D1E0C70FE6CAD91656715F0E5C5E70F8D7F83290549B1BAA6F781D25180EBCA93EC84E72
311
A74081CE3020789B3790E1A9E478E658C099BECFF01E530E80EC5FE31204ACFF70AF8177A03059240CD074978A002A878BF883FEEC81DD684E406CA630ACFDE87292822A11953710F000885D6F68A67ED40CD772B0828359B753F7CE23D9479AB9845771B389D6A77130F8C134EFC83947392029B10E4425440A84AF0E5482
311
5228FC1634D369874739C837A9DDC83C20D320C36042610ECDFA750303710224D01202488012CA847424F8D53F78AB6BECE9B3B35A7F32396AC6B7444566327DBB4DF06FD9616744F4D3A397EB3B0A3FBA8D763702883ED742FE5CD24146D8E353ACCF811C806AE09914D8446E93840FF4D6C963FF32BFB6AB015D1D3B0C9A
311
0968776F021F21404B6260CF84A14F35180CE20B5E85BDA2EC91FD5A7DBA7E5705F4F0F97AF26CE18E3BA078138202400A62930FA6CC7882F911A92F33E547E64990B0F27323D73B6222863F86425153FA8009361C675554C25382CE148420C8DCC47A20122806CA178A0918C14CBD33440289078A00EC6070184CA9907FD0
311
A1270478E0B325B67C2193694EDB7DD0F3C238447C8A11485562FB4902134E6AC952FD5320A4F7C780882DA9684285CD81D278C0E8FF8DEC9F45D22DC3C2CA99C2728110888799575B6834BF22B0F01EDE72D7F21B672C40F0A972999E2200B7C91403F9BB3D09C01990819238CBAE5E7510D7D57450507E3DB04AAA0A3C28
311
0064E0775380C8C16EEA4834346A04BF0CE847B4B3AF760D06D24BBB267C32E2C9257DE5EB748AD101AF1FD33265E2B674EED8C01A0AC901392211011AC810560F77778E85B13BAFE3E25C95B70919A4862C15928BD8989664AD8638101D009A80F00BDC41AF27602A4BDA0C077E550048E7F1011410F01405045E1C140B4D
311
0E70E0F6E034171C3D6FD12004FCC1FA304312518910356628A4A326EC9ADF5DFFD1B2C0399503F14B4F8E3E0E4E39A06ABCB56A8014687E86E462BDDE5124615ECDB412B7314F62E6E0C76ADEC0F717B360E741960104CF1706CFA18E0605004B01AE007869B095ED92144A807841EFF2811C047889A04901C80906205719
311
2688C92346F97F279449F89B113500BAD282D1DA80A55C27EFFE02C8D4F395003F285B617BBF0831F49B055342DDDD414378E8888E92C16789F269A27C9A221FAA4A0DFDDB9F935B2ECC04DC51481558A69301E0460B02665AC4DD30C03D480866C3409400051811876014C0F294C542821AB045011A3E3F09001FF304E3A0
311
BED05CC11A811B865001769507FC01ADC611F400CF68C7B093606E30F3C7E0F00C1D10C31951C1E2D7252181DA00345842A19130715C736EC9ECE686A712FDB31E4D3E50AB336E5666D7B212C0113C4A4406029709B43D0228F3FBAF49921B19CA0C82A2D5BC4A2079809240F37D3E10F9637607C3983F0458508A98B8B4EF
311
C92AC13530180CF55359500080061DF59B98BB3FEACEE881DC8127F182A885A86FB12B43C590A4380504E32305E3148BBEEB2D2782029765428092545BA5C2C681FC5F8E869C0EE1034A822FF09A12C94084505AA868080303473F8161F7AA0A6610745E280BE4427FB770106F8800EADABA19F453210435BDB2348471B13B
311
65F2FCB554827632C4C44467333E4127095D22092ED492009930413251B5408345065065E415266E20279A40B3F520370BE2050C8360E6BB4601C1673B9BFE007EF5200B6483CD195400A783E6DEA0653515B0FCE8E86D1618FC1EFC15C2E727F24F2A2DAB57326D8D0877D4E298894E7A0C3C7D9CE8A0E2D17AA2020FA109
311
7D6372F2A9F955060FDD467AD0426368C24A8340FD0D6687A76316DEF5179ED9042005A2BF02A5DD810A4DEFA4A8F700EFC50FF4FB8C06410F0303C106ADF8852ACC6A2CA9046E9ED070739339857222CC009E206479886EA26227BF7A341A15C351A8404A6C10080A2140FA4B4E8D9B9A11645899332363FD69887F436A66
311
0566964250FD752E787B64BCF8E6C8190DF8EA0C854C062D8A5A1346F810414313E606ECA0AC3A01D6928544029D5F42E202C0CB386F880F7842A31287061F32F3CBE09F2950783394F2F2B23D85386C6F51943E99DD10C8A0000BA9569A14805693274BD0E4F4DC3F28E331EEA91C4F33ABE057889BFB92819187840A08E5
311
7A276A8BFCB75B0342668C70C565C8059996D209C2800941A21FB82B2F520BC2E6FE6F1A8827043DE17000DACC8193E78BBB8DF1467978C06F6AFE986123E3A95272CAC122046F4C65C4B88FED2F1CD1D918F7CDBF8903BF1A90057D42F4DC133AF804ACBB58446A0DB78806FC053FA1E45D0AF1112613CC0DD976C5E70AD3
311
282F42725C0D02AC8588DE451B1C01ABF063E7748A3882F0DD484BB78D037F9812240EB88B6034C0AD53E5116D4C6D920C6A89F084E6D0598AD7EB6930CC7B293E27A666E5CDFE9A3FA52FEB3C97976FDAAE9A60008FCA6B33099CF9880D35D419FC687D424378E3099441E110C5B3C6DC311E6653514A67A530D863326C4D
311
8430E0C28024803B5B069B0E60C10EDB6DF087034171DF01F1F3404B27B1056D8C0E56E7CA6056E7798147BE4C2F01CED5987E413AC6A724876DE3F599E0601CE7B9CEF3BEB3671E12DCE8AF9631B8031D3F360B6955DC2342B2A0E4632A00264C0DA002220CFEC3E10D9BADC8904D88DC51928593AA16C91DF6FFF82B3234
311
404C7214D0F8608E0052283EFB2B0563F1D072936C4017706010BCF1B16CDE0C1FA9C777E44E1F5259B0C9BBC8794A82A6C182A3AF56B16921405351FDDC91B5BAAA617860E8D76C97C377FE701A4EB4378FA97C2C8E3CC8950886C6FD93AF70A1F5F676B7ED16CBC56AF5D09110EEB8607CC08A795882358280DDB98AFFE7
311
087C6EB593D62F041CDB4018935238E73F1098100D0C8769818F777057F64C703C6530E142FDF5C837AE1CF66C94C4887D3A3726AB990DEA248F73B5D32C8E04F6714B1E67C53FC52040252E605B322407CBF8C7F05453462A295ABF4D95592DDD76AC23512E9A2DF964715C80DD752CA8E263AC36F02C3C28A133EB22AC8D
311
099BDEFDE28C3E8FFEE3815D5D00C17C00511058354D62443C1A546280E43572A9C661A34FA5891F8E7570608C8DF21DF51DF9D2A84D4501F41B8CD4F4C9DEB2F901E810C0E4CEB6EC08DFB06341C864CF8D0EEE779A606545E1E64AAF30A4324C20FDD3BD558BD966BA994FA915CD162B1978642AD01694E533EC190368A6
311
8234657085B5F88E27A0805E04B8BB6A00A51646EE3C10A50FF007FF410F1963CA69BE2002F0F902E701AEC995FD41F83A3F0C3809A3288A083003A6CC2A20E6D703EE48E3777AC07ADD51EB6101603A9FCF17B3D5928F6D742EE7E4CF38AE2B03C5FB39C81D7B2978FAFE85AF3D2710B0582C970F0FEB0E4D1103B8BE2B4D
311
560CA10002FC8F334C891C07B44FE06B2E3ACE5E1E2D1FC32203110ABF9CA0E8381F68EC3C06701328E5A38278A5FCD944CEA5283DA933DF2A2448BD23F1C5D8BE04CC2DC3B43B3EEC29F8B5FF926D11D3E97EBF7FA1BD1E5E5F5FE6D3D972F548547783146ECD84873F377C5820F7F9FCE5E07378D6CBCB7E036DF7F71040
311
79A05B77C6942D1BA95D47424BFC3DB6411009A42E207871B7EE9B06614BBD20F22F7523FB985F3F7068E37600273A3ED0C1CCC380F6EC4AF01CC1CF95E4848B7BF950AD14C44F10460221E02D21D01DAE800F323704C00035DFE97CB37F797D3D1C0E4FBF35EE1E5E9E0E879FBF3DF6F474780A01FB3DAF01FE0C07982180
311
07C2090A3008BA7682A338F4A8804A06CBFE6A80CEC766F49853F15B2F45FCEA3F8250012841315016E75E797EFEEC4ACA6C79F515CF1738F7C36E2406071051043817C9E8C5888D49D0332E800062FF54FA562BF7446CC0BFDFBF8603D1FEFCC9F7FFB5A7F000430755C2D3F72F2D02A022820897ABDD44594475BDCCA4A1
311
0AF34C06B08B4AB58BBFAE30999DC66C7CE903A83CF8EB006EEEAA063430F84B05F0ECF644825F5E95073870E72A0771AB89B080022A0C5A9FAF34C89286257FB7BEA000EC65B59750C68E0815B0D9834B15606328F80709DE09018AC2A7817F83F96DB3D562C10A0A31300230CD4200B87F85808BAF64D04600254047F9C1
311
4DE93464009E7F5AABB4FDD6D55142A2C0BF1541FCE19C20C899BF4F76AB54B84CB97F88F48ECC029FD253F0C70DF4816B9AC94BCBD653B1A283C4001A0337955E4AFED3FB790B6B1F5EA0B5514074103A38D84280EE0F5F9BE974EAB2D16AB1EA969684B6E4166CA28264B300474C7308D20013B204A65F82970718D05678
311
B3315D442E1C0A327E2F56556040C005D2FAB1326A68A07507C9E46A3648555A7080F5F50219A00E6222E3E0862CE95B5680930530742F1D041805E69B788161F015944D041182B861A2C17F3AF01CF5BFDF6C343F9171F5B004BF59C016719164B888EA206A02AD05E8464D06B48E4381A0E9345FD171625AC22198F57C00
311
3BEA5510F81FF78D31C9B033D0030000000049454E44AE426082504B0304140006080800F1489A5928BB58AF800100009E0500003D00000043443243454235342D354341352D343843422D423439462D3041304644333831414539382F536368656D61732F436F6D6D6F6E536368656D612E786D6CBD544D4FC23018BEFB2B
311
96DE15493C78601010A34B880709DEDFB52FD0D8B54BD70DF6EFED3AC0B12E6442E2716BFB3CEFF3D18E26FB440405EA8C2B1992E1C323095052C5B8DC842437EBFB673219DF8DA659866649B798C078B48AE6410122242F2A4994AC7F93815DF85C049C8564CA0A901499DD886B2EB9B1E02448F358701A9235880C49A011
311
9892A20C89D1B9FD768815CAD268CB5E0355B40B1E47F3E37A2020464BED06AA57CE8FCC20C3C3446D46761A2632A8C1283D07031EFF2AE7CCB1BFEEE916E406DFAC8E36FFD99A9D60A6944090EEDC3B670C7DC13DE86B6B2C5C240D6E503BB85ACD579D513F1B9F9A69DC9CC22AFA80C426D40AF0B21EA168559156B6276F
311
0F726A6BFF04DCD513A87A62CAD41FB24FCB2858B3952E3D852084DA25B9303C15687973CC8E8AAE11DF2836C38C6A9E765E8C1BA1BFB1DC29CDFE518C8B5A7655A4ED7E77291ABEB80DBD82EC866ADE1B8D05AF9E35CF09D7A061F38A986D9EC412B8F0F65E5D81534D9B231D1E5A8FE577A241F3A5FD01504B0304140006
311
080800F1489A59670136ADA9040000B41400003E00000043443243454235342D354341352D343843422D423439462D3041304644333831414539382F536368656D61732F47656E65726963536368656D612E786D6CDD586D6FE3360CFEBE5F21F87BD3245B0E2D90F4905CD12E1F8A0CCDF5BE0A8AAC24DAE417C872DAECD7
311
8FD48BE3D44EE3B5C3E16E010EE75A34C5877C48911A7F7E4914D9095DC82C9D44835E3F2222E5592CD3CD242ACDFAE22AFA7CF3CB785A14C22CF95624EC66FC34BF253BA626D1BD488596DCBD8F2E6FC6335608B7F428D258E807664080A98384D9E75E22F16B2CCF05D32CE502359492C878124DE31DBE89612BB196A934
311
605E44F272A5249F446BA60A11112D589CA56A3F898C2EE16F6B136C595C7AC3C2FF076D3D808BDBC824572211A961A8D96E393F7AF5806BEA91EDDFB1ABFB769EB08DE8BCDFE27EF98E9DE0ABCE3BFCA1C54E8AE777ECE2BFFC92A94C87EDE6A9111BA1ADE75C74BF391275D33FAAC5FABF89F1D33C9836CB3225980B2A47
311
9BE96A4FB3D59F821BCF11CF1FC55602586C7191D99E2C9C0CF2B8A662E3484E59466361985485D7E248E7953C01F19DA23B9D256461B6E09C40FF02D1DEA98C19EBAFBA4659184B7D47DEDF22E2F53DB017721B164F5B845961697F0C699AAC2410982C385725A6361A500F59CD848221F103A8C1A7CA84A55F407794695C
311
905C688E69B111550ACA946B9B4785FC1BDE0E229240B62665328986D5B32C400CEDD88188F35AC25EBCD40836F47F35E5C0EA4B6F767B50568CFFB5665C505E2AD5EA8A9997205F50A2350EAB32C9294B0024108429953DF32C4D812E226658F78A490408362A94987E6F787DFCBBBABAAEDC36758ADEE9B58B41BF0F35D8
311
7BB1E991E02BF0B513748E6C0AA2EB2CE56EC68E97585643D82DE284E51DE03E4E22B00738761F1E66E1616A03EE093B0327B6BB9797262B0DCD72C6A5817ADAC1C3C0A3909CF6639B404D18B15CAF4B3C09CEAA4414BD5F0723F059ED37048E7A64271711EDC9C5230F58FBDA5DE00DA512CF04BA6671A0D201A83D2EC81D
311
2EB552C7E5CD1BF9D6913567B2CD53A659AC362A2B200B440195E2ACBBD167A32A86F7874F7F00686DB55D163481DADE5E417E979BAD827FC6B2B0AD8A6AB1567038E466EB4B10C4C2F3F71196A09260938125FDAB8662456EAD68AB2F7C1DFF709C874887B76A4355564F017256531BF73D7D754A40E23401DA38EFC907CF
311
8D8E3C1E5E7505D8E432C60BE1EDA01E5166683F169B6EAC6EC046153F66C2BE0679FD3F407982ABFA28F92E0E457501938D96B12090869079360D3F947CA8BBC3D9FCE1ECF3C676C9BE80EB67CABE004FC290F8E26BE6A0371AD6CE66781C408A1FAA8CFFA63DD93A94CD5E1F3BA6A3DFB05B34E1247BB3949E3C33210503
311
5203136EA14AE89FF99E3E0B3C4EFE65C581A3A3D2D0EE84EFDB22B49DA31A07059E69B81628A8ED1228B63E42C3D840C3C01F460D1F331FE199821B03F22CCDB6DBF074B49566B12C3B3626074EA1B130B4596BDBFBB642A835954A9509E5769234228129889952870EEE13F494954AD7A27EAD09411BDEEC5B6B6AD752C1
311
1509F826EF4007E86281B1AE63750FD09DBA87A34EF4CE2A75F3E85960004EA6B519F4806609E8C91CD18380BD81691D9F2CB5730631E6DDBAFBC30E96D3E1D3D67EE8FB72BAD92AD4C1FD3CEDFBD2681858ED6583CA3853294B80AF67AECFAC6418D08164D5FD1E52E8B546BCC77B87C6E9D1655FFD384FB26A28AADD82E0
311
4B9C64EBF78FFF00504B0304140006080800F1489A598DFFFC99640100009B0300004500000043443243454235342D354341352D343843422D423439462D3041304644333831414539382F536368656D61732F52656E6465724D6174657269616C536368656D612E786D6CA5535D6BC230147DDFAF08799F5FDB600FADA20E
311
A430D968A7AF12D36B1B481349529DFF7EF9A85A718860DFDA73EFB987734EA3D16FC5D10E946652C4B8DFE9610482CA9C8922C6B5D93CBFE3D1F0291A6B0D26A3255464182D920FB4233CC629881CD49C18508CF000E3EE309A100D61622AAB4A8A33B2483F11CB639C545B0E1508438C3D3C0361192846DB7ACD198DF186
311
700D182920B914FC1063A36AFBEE8FBA03FFD3CC1D1F4FC9E151A2AF59F628C5B7821D83FDFD3489305080F2EE04BF962195FB285E9D2DD352320A9E827AE357594914E42B1F5FE35F83688F60C4C91A6C946ED0668E8F244BC2EB0BA6E3BCCFC0B6A4B507F9F9F8D51EB315D9BA9E08D308E89F96931666E577837E2B4172
311
199C68C4FE306156D47DF51C698C7B9D97FE5BEFE2190C3C38BB054E6E8163FB039CB4B993C80BF18D969203116D6BBD26238B821F9BB909AD6D9C71B85BCD8C33D66FEA3D31B4BC0AD45BEA46BBEDDFEC0F504B0304140006080800F1489A5918DBAAC051000000570000004700000043443243454235342D354341352D34
311
3843422D423439462D3041304644333831414539382F4173736574446174612F41737365745461626C654F66436F6E74656E74732E62696E536160603072337572727472D6B5B07076D635713277D475723173D17531B47076717371B17032301002AACB4D2C492DCA4CCC492C28484D2C4ACC4B4E050A82012F90744FCD03
311
CA26072767A4E6260200504B0304140006080800F1489A59C55C663656000000680000004500000043443243454235342D354341352D343843422D423439462D3041304644333831414539382F4173736574446174612F53747265616D56657273696F6E5461626C652E696E665D8CBD0A80300C06F73E4B29FE6CDD8A2E82
311
A083B8B7F209014925C9FBA3AEAEC7DD2555D896CB85E51C2A1BD834F6A1F56EC4494C4695278364ABB24ABD2146F88CCEBB89D5321FF8F3F43D672A3B44DF3CB6A1710F504B0304140006080800F1489A596600557837010000A20400003600000043443243454235342D354341352D343843422D423439462D3041304644
311
333831414539382F4173736574446174612F636E782E786D6CCD943F4FC33010C5BF4A648931761AFE578E2B044B2790A818D8AECEA55875ECC8BE20F8F6D86D065051A70E5D4FBFBB7B7EF23BB9F8EA6DF189211AEF1A36E3152BD069DF1AB769D8485D79C78A8592C17BFA85B1C2418F0DCB65A6E426F871984A2D7630DA
311
5CB5C66DA7E2438C482B585B7CEE1EBD23741459A12DC4D8B0A83FB0070E23F916E396B740C0673C60F463D0982691E9719AA4030261CB545DD557E5AC2EEB9B55753FAF6EE797D7EF526452C9B5F776E24D5A16FC7051577ABF97A94A8A0C2839063351F9354CFDA792AF8D9322914A460AC995A983BE87D401C3608D064A
311
E609AF09A94C10422FC51E56526417FE78F1849D7126B72C9334201F5E92400C64F00C3D39A6F6F4DE2C5D24701ACFD991438DA7F7E175F78BDEF6B1DCE5E6FCD272A8911BD79D202B62774E5274F275513F504B0304140006080800F1489A5908F88163E7000000600100006700000043443243454235342D354341352D34
311
3843422D423439462D3041304644333831414539382F5265736F75726365732F32463542424142432D383843432D344237412D424436442D4431384344464444384230302F7468756D626E61696C2F302F636E782E786D6C4D90CD6EC4200C845F2542EA31814DFF570EFB123DF55251E2CDA2251881A9DAB72FB41CF634D6
311
F893E519387DEF7EF8C2941D85451C2625060C965617B645143E8F2F62386948447C838921981D17D16CA1614B5462B7563C9BE29BEB5DB87673C380C9D98F183631586F725E44B617DCCD640AD38AF93AAD86CD749812662AC9623DC06EC77EC026348CABD0B39A1FC6C33CCE4F6FEAF5A89E8FF78FEF201BA9E193C877DE
311
05C644F16E5696EA18EA3F0A64033494E43AD542087DF31CC8BAD49039D5FC1DE29F582113A377D670AD499265E4B142687690FFB006D9F256F92BA36AEB46FF02504B0304140006080800F1489A59A233C2345D000000800000006500000043443243454235342D354341352D343843422D423439462D3041304644333831
311
414539382F5265736F75726365732F32463542424142432D383843432D344237412D424436442D4431384344464444384230302F7468756D626E61696C2F636E782E786D6C4D8B490E80201004BF42E6EE76F3C0F216234B883063108CCF170C074F95AE5473F5C4C06E932E4F28601967600677D21E9D8092EDB002539227
311
A2FCCB80E1168D80A6417297A89C5D6963B7129A0D1E8F2EE73AA7B62BBEB8B27DE50B504B0304140006080800F1489A59BE89762363000000880000005B00000043443243454235342D354341352D343843422D423439462D3041304644333831414539382F5265736F75726365732F32463542424142432D383843432D34
311
4237412D424436442D4431384344464444384230302F636E782E786D6C4DCC3B0E80201004D0AB90EDFD75167CCE820A4A845D83603CBE602CAC26799919AEEEE0D965E2E908050C6D0FCCE04C8BC355404EB6198129C92351FAD580A10E464065907C8D948F8F166375F655BDC3FDC3B4E530A176BE7057BDC43B2A593FE4
311
03504B0304140006080800F1489A5918C97DAE7E000000A30000003600000043443243454235342D354341352D343843422D423439462D3041304644333831414539382F5265736F75726365732F636E782E786D6C4D8CCB0EC22010457F85CC1EA5C6070BA0E930E97F349636C4160C16E3E70BA60B573739B9E7A8F6B32E
311
ECEDD2CBC7A0A13908602EDCE3E8C3AC216F1397C05AA3528CDBDF0D581856A7A162306A4E313F7734BA69C84BA58B0F8F1D9EFA0B6287964B692D3FE3ADE34857E2D4484B3D9144218A71AC4A995FAF6CCD9B2F504B0304140006080800F1489A5959F5646B0B010000550300003400000043443243454235342D35434135
311
2D343843422D423439462D3041304644333831414539382F536368656D61732F636E782E786D6CCD933B4F04211485FFCA84C47280199FBB61D8C2C2CA46ADEC10EEAE64813BE161F4DF0BEB14BB899D16DBC1C9979B730E5CB1F9F4AEFB80982C86890C94930E824663C36E22256FFB3BD26DA48888F908235D501E26D264
311
22C52E629917C9C05615D75467C37E11EFD17B0CCFFA1DBC229D762AA589A4C395AA92D140DA53A3B2A2038D90B0440D7542B61E96093A82CA60881CF978D50F633FDEBCF0D59ADFAE2FAF5F056BA4146F886EE16DC81071BE18B9C67A0CD51017AC0152946817AAA520F2D81DAD7D08560929528EB58585CC5F7325D53C3B
311
AB55AE65B103F8C348C15AD893C80F10205A7DAE994FECFD5BE8270806E2637DA968953BD7ECBFB9FC5B05ECB001F51BB48590DF504B0304140006080800F1489A59E3603EBE7A000000C20000002C00000043443243454235342D354341352D343843422D423439462D3041304644333831414539382F636E782E786D6C6D
311
CD410EC2201085E1AB90D9DBEACE05D09878023D01A1D34A8419C380F1F82DA68B9AB8FDFEC93C3D7C52546FCC12980C9CBA232824CF63A0D9402DD3E10C6AB03A3397DD192872090D3406ABE7CCF5B5D18893ABB1690CF4DCF02282E5EA8A5BB96FFE536F285CB347F95BEFFE81C9ED5AFF9D5B1FB575BB00504B03041400
311
06080800F1489A592F21C6377E000000A300000007000000636E782E786D6C4D8CD10A832018465F45FE7B376B0A065AA8D57BC4B290998E96638F3F1D5DECEA83C3778EE83E9B476FBBBF5C0C12AA0B0164C33DCE2EAC12D2B1600EA86BC51EE3F1770314A6CD4A28185AB1EE313D4F34DB654ABE50EFC2E384A6AFCDA019
311
C5CC288629371A6BDA8C982832F6375EA9A1E1D9B81625CFAF97B7E4DB2F504B0304140006080800F1489A59CA1DF9C9A900000073010000130000005B436F6E74656E745F54797065735D2E786D6CA590410EC2300C04BF12E5DEBA70400835E500FC800F84E0B411AD13252E2ABF27A55740421CEDDDD9B55CEFA7A11777
311
8CC979527255565220197F75D42A39B22DB652EC9BFAFC089844F65252B2630E3B80643A1C742A7D40CA8AF571D09CC7D842D0E6A65B8475556DC07862242E78CE904D7D44ABC79EC569CAEBA537E3521C16DF5CA5A40EA17746733E0B6615DE7217475F386F18B9481C510F1F021CD9FF027EA0E1F5C4E609504B03041400
311
06080800F1489A593DEE336E64000000790000001B0000006175746F6465736B2D64657369676E2D7061636B6167652E786D6C35CBC10E83200C00D05F21DCA56CA76D41FC96062B120735B69A7DBE268BB7777961F8D5AF396893C2ADB70FE7ADA196782C2DF776D7A97B5933C430F15651E5469C55D70F80A4992A3ADC95
311
4792C525AE70A1E4D6AD9816CC044FEFDF01FE3FDE907802504B0304140006080800F1489A590CE43267F7000000960100003700000043443243454235342D354341352D343843422D423439462D3041304644333831414539382F4173736574446174612F636F72652E786D6C8550CB6EC32010FC156BEFD8069BA68D3091
311
ABC65FD0536F0888831283C5A3EAE71762576A4F3DED6A76667677D8E96BB9579FDA07E3EC00B86EA1D2563A65EC3C408A17F40CD58933EF5CFC4583CA8A450F5060E06CF62EAD3B249D8DDA16D43AA5775084A02354F29E9B0182BCEA45D422C5CC08B77A15F226665DE37AE371969251BBD4A8EC662E467BE0A41B3B3CF5
311
1475E7D711F584F6683CD3033A4CFD44E8345182316B8A98B368969FEDD26B11B5CAFA96F40813449EDEDB97637B3876F4833585C959883EFFBC2F2DDF011FCBD56F220AD66CD33FAE6955FFBB2663634776D74D118097231F03CE9A92522E8F08732D89F26F504B0304140006080800F1489A594B5A9F51F20000008E0100
311
006800000043443243454235342D354341352D343843422D423439462D3041304644333831414539382F5265736F75726365732F32463542424142432D383843432D344237412D424436442D4431384344464444384230302F7468756D626E61696C2F302F636F72652E786D6C8550CB6EC32010FC156BEFD8069BBA8D3091
311
2BC55FD0536F08888B1283C5A3EAE71762576A4F3DED6A76667677D8F96BBD579FDA07E3EC08B86EA1D2563A65EC32428A57F40CD59933EF5CFC4583CA8A558F5060E06CF12E6D07249D8DDA16D43AA50F5084A02354F29E9B1182FCD0ABA8458A99116EF526E44D2CBAC6F5CEE32C25A30EA951D9CD5C8DF6C049377578EE
311
29EA2EAF13EA09EDD174A1031AE67E26749E29C1983545CC5934EBCF76E9B5885A657D4B7A8409224F6FEDCBA91D4E1D7D674D617216A2CF3F1F4BCB77C05BD6ECE81FB7B4A9FFDD92B1B12387DBAE08C0CB718F01674D4927974774B99624F937504B0304140006080800F1489A596C2A0365F80000009601000066000000
311
43443243454235342D354341352D343843422D423439462D3041304644333831414539382F5265736F75726365732F32463542424142432D383843432D344237412D424436442D4431384344464444384230302F7468756D626E61696C2F636F72652E786D6C8550CB6EC32010FC156BEFF8814DDD4698C895E22FE8A9370A
311
C441B1C1E251F5F30BB12BB5A79E76353B33BB3BF4FCB52EC5A7725E5B334053D6502823ACD4661E20862B7A86E2CCA8B336FCA24161F8AA06C830303A3B1BB70312D60465326AAC5407C8BD57010AB1A466002F6E6AE5258F2131FCBDDCB8B8F359954DB9F3188D51CB43AA6572D357AD1C30DC8E6D337504B597D7117598
311
7468BC901EF5533761324D04370DADB298D1A0D79FEDC2291E944CFA1A77A8C1083FBDD52FA7BA3FB5E49D5699C9A80F2EFD7C2CCDDF010BB7B87E18AE175AEDD33FAE7193FFBB466D428B0FD75DE181E5231F0346AB9C522A8F0853CD89B26F504B0304140006080800F1489A592920F7310C010000B10100005C00000043
311
443243454235342D354341352D343843422D423439462D3041304644333831414539382F5265736F75726365732F32463542424142432D383843432D344237412D424436442D4431384344464444384230302F636F72652E786D6C8590D16E832018855FC5708F0A4A750DD2889627D8D5EE88524B5AA11158F6F883D625DB
311
D5AE7E7238878FFFD0D3D77ACF3ED5E6B4351D4079093265263B6BB37420F80B6C41766274B3D6FFB281CCC8557520C980D165B3E1B14B93355E99A41A3BAB5D94CE290FB2E91E0F1D70D355AD3297C14787BBE50F39DDE4A27294BF7C8C86A0E73DAAE7F89ABE68B50186ABBE42A226B03AF31ED698D4B03F930636A21698
311
08413042B4486146BD5E7FE8D3A6A45773CC97B88608437C782FDF8E6573ACC8072D929351E7B7B8F30E4DDB45BB209CF77C806D3B0CB0E64D0FF97818E188DA6114E3D8F2B2A4C52BF807181EF3FFC0A08DAFF00E7C251C60E9FFCF0B468B54601CCF76E34C65B36F504B0304140006080800F1489A5998B8553AF8000000
311
960100003700000043443243454235342D354341352D343843422D423439462D3041304644333831414539382F5265736F75726365732F636F72652E786D6C8550CB6EC32010FC158B3BB6C1A669234CE44AF107543DF58660E3A0C460F1A8FAF985D895DA534FBB9A9D99DD1D7EFA5AEED527F8609C1D10A95B5481554E1B
311
3B0F28C50B7E46D54970EF5CFC454395950B0CA8C048F0D9BBB4EE907236822DA8751A765086001155EA9E9B0105758545D632C5CC08B77A95EA2667A849BDF1044FC9E85D6A74763317031E09DA8D1D997A86BBF3EB887BCA7A3C9ED9011FA67EA26C9A18258437452C7834CBCF76E54146D059DFD21E138AE9D37BFB726C
311
0FC78E7DF0A630050FD1E79FF7A5E53B24DE20B8E41504DE6CD33FAE69D5FFBB2663634777D74D119028473E06823725A55C1E11E65A1215DF504B0304140006080800F1489A5910E7CD09F6000000940100003500000043443243454235342D354341352D343843422D423439462D3041304644333831414539382F536368
311
656D61732F636F72652E786D6C8550CB6EC32010FC156BEFF8814DDD4698C895E21F684FBD21200E4A0C168FAA9F5FB05DA93DF5B4ABD999D9DDA1E7AFE5517C2AE7B5350334650D8532C24A6DE60162B8A26728CE8C3A6BC32F1A14862F6A800C03A3B3B3713D20614D5026A3C64A7580DC7B15A0108FD40CE0C54D2DBCE4
311
312486BF972B17773EABB229771EA3316A7948B54C6EFAAA950386DBB16DA68EA0F6F23AA20E930E8D17D2A37EEA264CA689E0A6A15516331AF4F2B35D38C58392495FE30E3518E1A7F7FAE554F7A7967CD02A3319F5C1A59F8FA5F93B606FDB9D9E56FBEC8F675CE5FF9E519BD0E2C373577860F9C46DC06895334A650B30
311
D59C27FB06504B0304140006080800F1489A59D630AE3504010000D80100002D00000043443243454235342D354341352D343843422D423439462D3041304644333831414539382F636F72652E786D6C95914D7284201085AF62F51EC5BF44A7902975664E905576447A0C35235880A91C3F184D25D9252BA8C7F7BA79DDEC
311
F83EDDA337B44E19DD401A5388500F462A3D36B0F82BA9203A72668DF13F3088B498B0815506CE466B96799706A33DEA55D546E22E0AE7D04334DCC3A50137BCE22462B1F840B85B3C8BE126468CD378E338F36AFAB20E168547093CA35941D28C640F4FB43ED0C7435E3EB36425395B94F679B637C3E9056564661F22012F
311
73966CCF015B94DC2125C327D555A105DE9FB2FEDC950529FBB62445D577A42BEA0BA12DBD9CF22A6DCF75158A043367CEDB309ABDC83A84BFDA37E3AF68CB2CFF196D7338E0E977A8649D3367C9E712C2B9EE847F00504B0304140006080800F1489A5909E0EF1205010000B201000008000000636F72652E786D6C8D50CB
311
6EC32010FC15C41D3FB069DA0813B952FC053DF54681382836583CA2F6EF0B3195DA5B4F8BE6B1332C3D7DAE0BB82BE7B535036CAB0602658495DACC038CE1829E213831EAAC0DBF641018BEAA016618323A3B1BB702096B8232193556AA0272EF5580402CE931402FAE6AE5158F2129FCADDAB8B8F159556DB5EB180D7AFD
311
B10AA778501232DCE01EB518E1A7B7E6E5D81C8E1D79A77556321AA396254ACB94AE2F5AB964E9C6AE9D7A82BAF3EB887A4C7A349EC9011DA67EC2649A086E5B5A6733A33EB8F4E7B224F50CC0F37BCEA5F54E31FA61ED5204A99404D62C5F9035B4CEC49FD27193FF28AD4DE87059B83B3C64B9D08348C1F982693CCE9B66
311
BE36FB06504B01021400140006080800F1489A590DA864A3F6000000A80100004F000000000000000000000000000000000043443243454235342D354341352D343843422D423439462D3041304644333831414539382F4173736574446174612F446566696E6974696F6E4974657261746F7250726F706572746965732E62
311
696E504B01021400140006080800F1489A59F55C11C1EC0000003002000045000000000000000000000000006301000043443243454235342D354341352D343843422D423439462D3041304644333831414539382F4173736574446174612F496E7374616E636550726F706572746965732E62696E504B0102140014000608
311
0800F1489A59B5A795FFE3790000DE7900006B00000000000000000000000000B202000043443243454235342D354341352D343843422D423439462D3041304644333831414539382F5265736F75726365732F32463542424142432D383843432D344237412D424436442D4431384344464444384230302F7468756D626E61
311
696C2F302F67656E657269635F706E67504B01021400140006080800F1489A5928BB58AF800100009E0500003D000000000000000000000000001E7D000043443243454235342D354341352D343843422D423439462D3041304644333831414539382F536368656D61732F436F6D6D6F6E536368656D612E786D6C504B0102
311
1400140006080800F1489A59670136ADA9040000B41400003E00000000000000000000000000F97E000043443243454235342D354341352D343843422D423439462D3041304644333831414539382F536368656D61732F47656E65726963536368656D612E786D6C504B01021400140006080800F1489A598DFFFC99640100
311
009B0300004500000000000000000000000000FE83000043443243454235342D354341352D343843422D423439462D3041304644333831414539382F536368656D61732F52656E6465724D6174657269616C536368656D612E786D6C504B01021400140006080800F1489A5918DBAAC0510000005700000047000000000000
311
00000000000000C585000043443243454235342D354341352D343843422D423439462D3041304644333831414539382F4173736574446174612F41737365745461626C654F66436F6E74656E74732E62696E504B01021400140006080800F1489A59C55C6636560000006800000045000000000000000000000000007B8600
311
0043443243454235342D354341352D343843422D423439462D3041304644333831414539382F4173736574446174612F53747265616D56657273696F6E5461626C652E696E66504B01021400140006080800F1489A596600557837010000A204000036000000000000000000000000003487000043443243454235342D3543
311
41352D343843422D423439462D3041304644333831414539382F4173736574446174612F636E782E786D6C504B01021400140006080800F1489A5908F88163E7000000600100006700000000000000000000000000BF88000043443243454235342D354341352D343843422D423439462D3041304644333831414539382F52
311
65736F75726365732F32463542424142432D383843432D344237412D424436442D4431384344464444384230302F7468756D626E61696C2F302F636E782E786D6C504B01021400140006080800F1489A59A233C2345D0000008000000065000000000000000000000000002B8A000043443243454235342D354341352D3438
311
43422D423439462D3041304644333831414539382F5265736F75726365732F32463542424142432D383843432D344237412D424436442D4431384344464444384230302F7468756D626E61696C2F636E782E786D6C504B01021400140006080800F1489A59BE89762363000000880000005B00000000000000000000000000
311
0B8B000043443243454235342D354341352D343843422D423439462D3041304644333831414539382F5265736F75726365732F32463542424142432D383843432D344237412D424436442D4431384344464444384230302F636E782E786D6C504B01021400140006080800F1489A5918C97DAE7E000000A300000036000000
311
00000000000000000000E78B000043443243454235342D354341352D343843422D423439462D3041304644333831414539382F5265736F75726365732F636E782E786D6C504B01021400140006080800F1489A5959F5646B0B010000550300003400000000000000000000000000B98C000043443243454235342D35434135
311
2D343843422D423439462D3041304644333831414539382F536368656D61732F636E782E786D6C504B01021400140006080800F1489A59E3603EBE7A000000C20000002C00000000000000000000000000168E000043443243454235342D354341352D343843422D423439462D3041304644333831414539382F636E782E78
311
6D6C504B01021400140006080800F1489A592F21C6377E000000A30000000700000000000000000000000000DA8E0000636E782E786D6C504B01021400140006080800F1489A59CA1DF9C9A90000007301000013000000000000000000000000007D8F00005B436F6E74656E745F54797065735D2E786D6C504B0102140014
311
0006080800F1489A593DEE336E64000000790000001B00000000000000000000000000579000006175746F6465736B2D64657369676E2D7061636B6167652E786D6C504B01021400140006080800F1489A590CE43267F7000000960100003700000000000000000000000000F490000043443243454235342D354341352D34
311
3843422D423439462D3041304644333831414539382F4173736574446174612F636F72652E786D6C504B01021400140006080800F1489A594B5A9F51F20000008E01000068000000000000000000000000004092000043443243454235342D354341352D343843422D423439462D3041304644333831414539382F5265736F
311
75726365732F32463542424142432D383843432D344237412D424436442D4431384344464444384230302F7468756D626E61696C2F302F636F72652E786D6C504B01021400140006080800F1489A596C2A0365F8000000960100006600000000000000000000000000B893000043443243454235342D354341352D34384342
311
2D423439462D3041304644333831414539382F5265736F75726365732F32463542424142432D383843432D344237412D424436442D4431384344464444384230302F7468756D626E61696C2F636F72652E786D6C504B01021400140006080800F1489A592920F7310C010000B10100005C0000000000000000000000000034
311
95000043443243454235342D354341352D343843422D423439462D3041304644333831414539382F5265736F75726365732F32463542424142432D383843432D344237412D424436442D4431384344464444384230302F636F72652E786D6C504B01021400140006080800F1489A5998B8553AF80000009601000037000000
311
00000000000000000000BA96000043443243454235342D354341352D343843422D423439462D3041304644333831414539382F5265736F75726365732F636F72652E786D6C504B01021400140006080800F1489A5910E7CD09F60000009401000035000000000000000000000000000798000043443243454235342D354341
311
352D343843422D423439462D3041304644333831414539382F536368656D61732F636F72652E786D6C504B01021400140006080800F1489A59D630AE3504010000D80100002D000000000000000000000000005099000043443243454235342D354341352D343843422D423439462D3041304644333831414539382F636F72
311
652E786D6C504B01021400140006080800F1489A5909E0EF1205010000B201000008000000000000000000000000009F9A0000636F72652E786D6C504B0506000000001A001A00210B0000CA9B00000000
310
504B0304140006080800F1489A59000000000000000000000000370000006662782F32413146414335332D383437372D344533362D414230442D4643394246373439343937342F617474726962757465732E62696E504B0304140006080800F1489A59000000000000000000000000350000006662782F3241314641433533
310
2D383437372D344533362D414230442D4643394246373439343937342F76657274696365732E62696E504B0304140006080800F1489A59F270F1330600000004000000360000006662782F32413146414335332D383437372D344533362D414230442D4643394246373439343937342F747269616E676C65732E62696E6366
310
60600000504B0304140006080800F1489A59B5A795FFE3790000DE790000420000006662782F32413146414335332D383437372D344533362D414230442D4643394246373439343937342F7265736F75726365732F322F305F67656E657269632E706E6701DE79218689504E470D0A1A0A0000000D49484452000001000000
310
010008030000006BAC58540000000467414D410000B18F0BFC6105000000017352474200AECE1CE900000192504C5445818181B3B3B35A5A5A4848486060605C5C5C6464648383835E5E5E6262624E4E4EAFAFAF4A4A4AB5B5B54C4C4CB1B1B1858585B7B7B7585858ADADAD7C7C7C464646787878ABABAB747474A7A7A768
310
6868707070B9B9B96E6E6E6A6A6A8B8B8B666666545454565656A5A5A5505050A1A1A1BBBBBB8F8F8F9F9F9F4242425252527676764040403E3E3E9B9B9B7A7A7A8989897E7E7E9393939797974444448787873C3C3C727272BDBDBD3A3A3A6C6C6CA9A9A9A3A3A32020209D9D9DBFBFBF8D8D8D9595959191912626269999
310
992222222424241E1E1EC1C1C1282828C3C3C32C2C2C2A2A2A2E2E2E303030C5C5C53232321C1C1C363636383838343434C7C7C71A1A1A0E0E0E121212484A484C4E4C1616160A0A0A4A4C4A787A781414147C7E7C9193915E605E464846838583878987B1B3B18587856668665A5C5A626462818381A7A7A5A3A3A1B1B1AF
310
ADAFAD7072705C5E5C9D9D9BABADAB7E817EB7B9B7585A58BBBDBB4C4C4A8D8F8D747674B5B5B3B7B7B59FA19F606260ABABA9A5A5A39B9B99A9A9A78F8F8D6C6C6AC7C7C5451AD12700002000494441547801DCBD89771BD7B5A70B8EE04C702641712605CE034890E220088028C93245451215B713AF388E7DFD9EEDB8DD
310
CE6ABFF4B57D97137BE50FEFEFDBA74049B6AEED74869B7E87404D2814EBB7F76F0F67A8835CEEBFA0E42B854AA5B2BB5B6BCC951A8D52A93657A914FE0BEEE39FFE2FF395B9B9C6CAD2D4C4606F4B7FFF8D1B37EEDCB97587F7CD9B4343BD134BABE7DB48E3FFA7A228ECD6F6574E4786C0FC8B5FFCE2CD5FFCE297BF7CF3
310
CD5FFC92B52FFE58BFF9E69B776E0EF5F79E55CBBBF9FC3F5D3DFFB07F5898ABAF7CDA3B74E74EC0CE20230561BF096E97E05712BFFCC59BC80539DCE83DDD6E54FE61B7747DE17FB8980BBBFB2BBD4337DF487881AAE6C5ACC6AF25207877B2B527BFF1CB3B77FA47561ABBD7F7FA7FE146A5B6BD74E3164C7F51449AE95D
310
B412200EC539418717E7F2F11B376FF62E95FEAF1442BED0581DBCA1BD2780D23F506AFA16E1A7AD974EF17876F00DD7BCB187A1A97AE51FCED5BF2BC1F2BBE5B3C19BE27B43CF26DE00933658FE129B109C2FFF922CC22C4260FA01BEFB462A77DEBC35F42F600C3F5B0795D2E9E02DAD5E650B4438A92801B65C35CBAB7B
310
1EE5041CE69D3B6F1822DFB873EBD6AD3B6FBC71EBC6C86AE967DFC2DFA4CEBFF1BF54F6276EBC114E2F43FEC60B01A0D440A868B2920E5C4BC10D60931ADCB871F3268B21D3851B08E1D6AD9BFD4BF57F7577909FAB86F29B982571136AF01DF5FE32AC3BD9406CAAF2440A54CF176EDD01FBADA1FEFEFE21FE4C9858DFF4
310
183458A9FD2B6708A5A5A137E0EE1D11A9EC0C7C58B2C73C0AD6B479BD76B7790CF899E287FA5B06FB7B07C9195B7851FA8794031EF1FC5F9406BBFB23375420286399B631E93B08022A785C4DBF9996EC3551874094D71B6F487E80F6837E50F483BDBDBD83232323AC420A18C68DA196EDDADF68A77F938F78FD972BABBD
310
B7B87FB164AC6FC2CB760365821ACB74AED44FFAD7E7431ECD7E08AC421F391D199998989A383D9D98E8E56F84A318C58D9BFD2DAB73FF5222C8EFAEF4DE7AF30D756E5108683DA471E70D0502099A7240F19E4089D3FD203E620F1B47BF43501E85031AE44B4B9F2E4D2D9D4D51D8970983FA861B3706FF950CA170DE82F6
310
B312CC4F42C8966295F7D725ED29882415DC055F36DEA1FE96FEC141493F05FAA9A9A5A595B333DED5B3D5A533F62183323032F46EFF13EA0AAFA5FBF7C8976F8C10F7280A014832593B90004D52341980D907EAEB73411EB2F1EBC9F507F92746C40E7AE0AFAE54292BAB2BAB67CAE0746264A277B06508168C94BF772BE9
310
765F7BF0B548FE1E07F3B5A521340A5CB5297C4B12811B89E82191ECF3E41B3259C529F135E23CF4C7F961FB13537F5A02ECCAEA76B5BA5D3D3FDF3F2FEFEFB3AA22053E5008833428DC6C59FA2F770595F311F235D427F379BB8A121BD901B96076A388DC4C3C61C7933CCCD770FF375A6E0CE9F535FE2534BF5ADD3E3FAF
310
D71BF57AA951B6D4CFEBFB8864758A26154430080B06ABFF557610ECC93726224F155D1471041E0D42F82F4891C926C1355B0831649FF365F46FF05300A7A790BD8ADEEB0D4AA9569A9BDBADCCD56AA55AE377F5F3F3EA2A34983A1DE91D810543138D7F28E57FF4E2B5335A3928B76EA1CB9B00BF158C8F63A2E788826896
310
D0B5E7C461949ECE089144F8EBEFC7FB4D8C9C4E9DAD60F7FBE572B416C2F2423ECF8B86C439E450DA970634ACFDA977629098D0B2FAF313A36B3869E37AF7853378CDA1171FBEBA95DF1E44FD5144A420588641B0055A79ED91CC0DC41E27064512FB33F1F04D09D0D2DF0203A646A6CECE80DF28356A348CED8C4F1EF137
310
B9319E1BCD29867CA556AA97F7B757567006A447FD375A26CAAFDED9CFDCFB2BB0BEEE8AA5911BC2C7F85DF88A3775389990AA72219D582409210F85A4E66F2987D875C30848023088FDF77E87F96FD7CBA5B9DCCEF4F4C9FC7C676777577B7B7B67E7ECCCE4E8DEE85E81A6D55AA3BC7FBEB242589CE8ED4770E785D7DDE2
310
3FF2587EBF57F50B9E820527316488E5C32D50F979BCA58207297E2B6D658702FFCD211840FE43FC9F3A5BAD9E97E6F21B9FCF16BBBB3A3A5A175B5B1787875B5B3B86DFEFFC687A72674F19D46A8DFDF3EACA59E405375ACE76FFA922C817CE86A89BDD92F400F2C55B7462F610459837D3A61ACF50C7471C8F2F2A9D38C3
310
DA2F068007F80EFCDBFBE5DCC674B1D83EBCBEB8BCBCBC3ED0D3D333D0B3DE33BCBEB0D8DA35FBF9F8CECE68AE020BCE61C112A4C1138CD47F9AD13F7DC6AB9CF9CFCFAF9D0E01FFE6CD503F5B91C5218E2899CA15098714848B04FCE5654884ABF0E554F11F6C21D73D5D5AADD64B7B9327DDAD8B0B7D7D6D6D07070763BC
310
0F3E38E8EB4310EBEB8BC3DDB347E3E37B5842B97C4E44A0C630427E5CFDFB71E03F471E12CA9FF70E055AE141042DD81234B879EB4606361D9328149037D7D76A571A7E974FA20AD0323832713AB5BA7ABE3B3E3D3FBC30307070B0B9B645D93C3CDC3CDCA41CFC6AAC2D64D0D579B4B1B397A7C1BDBEBD7D36657A3CD4B2
310
F44F4909F2B9CA597F4245C59DEC354316F0587020D0C661742BC02869435FD12CF195C422DB3C5A3E2305C000CE6B7B27ED8B7D63079B5B5B878787C787C7C7C757C76C51B60ED60EDAFA06D67B965B3B672677080BB5329E60E9B477847AE2E9EB53E35779FD37EFCD2D0DDD68AA355B6B0D81860502B8B68C801F5C697E
310
9AD62F4B406244CB975560BAC756AAA577675B07C6D03778C17E7C95CAF1B3ABABE3E3ADADE3CDB1B1B6B681014470343EBA979F8B90383545727C63E43549D14FD0F927E5F1FDEFD7263058FE02EBCD1BDCBCA053496BD58E69BC44F9F854D4D979AE9ADB908824382AC1D4014E9756EAF9CE85B6B54DB01F02F8EA5908E0
310
D9D5F1B3E72188C3C3AB67879B07C8A0A767B8B831FE5E7EB754DEAE5261460243FFF07858D8EF0D658BDC563A2C5EF5833C13C90B69248C4DD97842B61DFA7F210A2F6108A0F96B62E2D3B3F3DD939EA47E30ABF5AB2B903F4BE5F9B36757CF65021E616DAC6F60A1FB647274B4B05B2E5341B082D43278F67D8DFDA48AFF
310
9A13F22B34C7586C9992BA6E66CABC190E313E7C811AA57304B421A75B289B9D174CC868C24548823E230B9A5A2DCD2CAFE1F98E61C015CA7E96B083FC59F3ED06EE60F360B3AD6F79787ED278D0A86FAFE00BA9220EAEFE1D5DE1F7855939C3FCC1332426B377F692406E022C010DB437EF009803F0DCFD3B7C94440571D8
310
F2C328F115F47FD324802070BAB43FBA80EFDB92FCA1F7E7CF9FA875CBB327CF9EB08C4DE4815BC4210E2CB7CF1CEDECEDCED5B757490968286899FAF95583BF46F9393CEE6A86D6F618CAAD9BFF0BE22B042412C5CFB50556815CC5BBE33E9F61ECEC26A9BCB8145FD10590078F9C9E953B513FAE1FE387FAC246E14F9E3C
310
E7F5F8194BD6594140876B6B84C5D6799C61A16434201E5237582AFD75C07EEED9863F463284E2E13425A036BD41061259289B6BDC1ED656FC8B8592C9D00701E27CEA749F0D8EF44EAD8C1F80FFF8F8F9D513191F6803384C800097F24069C407CFAE88136B7DCB3D5D4A60B711F19070D83235F77331FD35E71596688903
310
8E2E0B346EAB7936C4162043E1A1F144093695443A570144898BC4079CEF1912809A3035A1D3F361235F90FFF1E3E0FB93C7E2750719F88E7D8E68123883ADB5B18185AE99F1D11C1238A792DC4BEDE8EC6FF503DF377E0445F68FAF4E08D43082D02170F30131A154206CC559A8D9CFDD762B31273E4947A581E0D9BB71E3
310
3FFA07CD02CE2A6BE1EC80167497F2A81CFA3F7EFE58D0CF5D5D170DE4F89070B0BC4040CC17BEAC6B0586C3D3FF0309BC06F44B04A1E13729929B4DF73C44070692C810B08AC3012E8EE9EAE22067796288C193B2139B970B86F47FAD0F98382B1E035D9C32FD318A4FAFCB274F2E1FA772F94411B0CD42493C23393A685B
310
5FEF3E1ACF554AF5F3552A478383374E6B2FDDFC4F6DFE38F4F4ED7A7FE838F488EA852482F412D3CB07E293D02C9F074F12E84C5AAC423271450572A385449844706475FD38DC3C22486A0639E5F1E38B0CFE93CB4B25910EF309A2224BD8DAD40C682C28341AD69047E8539A6AFC14EC573F7FAD10AE0FE6EB13E87B28E0
310
93B513B5803514DE408809BC12A14876DE0A25F643009E9176D9F0C330164285A7444DC8CAF0E9FE41429EE0A2F6A6DE91C0856C501272404A8468822E24C807030B1D33D40D4AFBDBABB411D093D88C86D7205E05FC57EDD1F805FA4CED5920F0CED39157E007CE21757C5DE440ECBCB46CD283E378029B43FB077B4F47E6
310
0E9F61E8D01BE017D7E843EB49F50A2028F1E442FCC90C9EE308E4C0C2C94EAE30B75FAD3A0EAFA57FE9EF960F14BE15638840EAF3BA490BB6850EDB38EECAFD21A0C746D0C4234DBD035EFC7EDD121FA585FAB73DB89FE6A03CF833AB0730E5E2F1A36CE3F202A128934B44E396961121E1F2C9F32BFCC0C140CFE22C1CA8
310
E109B182919696BFB98120234F61B59F7BF46EC30CF067B21A33B0FB3E402448EE266CCD93135A8E823DB31F85E677434E608F53F8100BC0098EA2FD6BC01770E0F2F2D1E5452A711C4BB8486248FAD756D852026B6DC90A2AA5C6B69E9068B8F27AFABFFEE8AB36F1D23985D5960014FD711940800B560250D2272CC54FF1
310
D3A660B275AC3881E349689C1616E1E9044129D032313509DE4700BC867C71F128C400159407C761022BA8A040F40A244788808C60B3AD67A17576279F6F946923191921B0545FC2F12AC0EFEFBD7262B6935679FC7F80629160ABFAEC88E8430E76D82A8DE62ACE50BD4A42FBF03B387B37FD321B37E31C3F063D99703F51
310
60E6C9E5A300CF32A91E0A085A29C0FC507F6C21012303C6104B82C1F1E156DB3229D1A855A32A8352C9077AF733A0AFE0FB3EF81FDF2F0F82C21B0EB06998866878B103305E31EC17F4FD43831E570A2118D1667632D4FFFFB125782F96168A833DBE78C3F11F8383A79D49F58F1E3DBC780417AE6581381E8610604888E2
310
913E12492881274822C221AD04CB0B1D273B8542837460898C686864FF6F801E8269F40AD0481DFAF5E6E9C1F3BE391C325004DF0746A4E4448F7B52C0D5EAD39EC46896B888C4210D68E99DFA2820DF7FF850EC407EB55C3EBC5028611409BFCB8889C90F1C52355AEF98B18100094C9D0EF6F64FD47E5CBF3FF5293DDFB4
310
B50DDD54F351446FA1F14580DC3902C085F593CB24ACC917B213BBC11B3F0A61042FD8B24F4FB9C4556D0CB9E1A880DE89934CE9607F18F81FDD950DD0E1D143F41D56110E227C250621FF098838042BC85B5B6BCBCBC31DD37B34966E9FFD9936A2FEFEA9EBA4182E5CD3E17AE35501FCE0707E5525A7DBC64DFD077825BE
310
37CE0BBE1BBEC061410C660B6E49912665E2B3749C7C9F93834022F74CDE6CA5EB501D9CBC04B768292C5CCB84478F3CA83074092C6082169015E5800D5839DC6C1B58EFE83ECA513BDE3EFB8EF1242D2D4B3FD55AFE03D42F8492AF8A3F21444FA2FA9ABBF525EAF84C09F0168527B0138A85D1EC0443C467B28BF844EAF7
310
6323BE13D7C11F72FED783837B970FEFDE7D7817E077C17EF7E2A1C2C0FE851FE4C008388C15E818958746129E1009D054B67530D6B3D8DA3D59D82D9D57CF70039FF50FFE0DE94089DB269C3655A4F25B38C49D0BD48E59F1526887C18FC5272197F85CA72862A593A4843CD25F920487DDF7AA0441A2C0600D062001F103
310
FCEEA3D8560CEC3EBACB01CAE5A51E420349F602191E5F901893142381351CE17047E764BE50DEAF9E4D8C38B6ECFFACEB141E54A6865A88A60133EE9CBB4C256930B0B168C1C3AB59FE1743FB422C7166082E934AFA5EFA3E4BCE0B69362FA7041818B7FDECE1DDFB4D022007CA23E521F0700AAEB5888BBBF08023E128B4
310
045381542FA256B0D04E28A0C3804E233A1BFB476A2F48FD135BAF9843BEDA3264EB42BA499601F16B566E72C7EA35908ABCB9176BBED43204C696AFD3D7B24B08D3AFA44BE243D88A6D9D0B6562B52F741E1610C0EFBBAF2B0829289A640EC4C8A4FF66A24430786CEBE1E1E61AF9507BFB496EAEB64F8F49B4129EBDEC06
310
5EC1F8A3F228A3CD0950883B41BEC6D1944AE06147289600A7726313AC69A3F91197F1438BCB743E76F01F6EF1D1C854071670FFFE43FF1EDED702EE5A14C85D0C42DF90B86068800659AC88981855E3E774A71C0CAC2F76754EE7CC87C808D1E1E0F6CF47FD4224731337BE1E39C5010823EE997B1491BBD99FC8D8EF7748
310
2BEB5EB2CF66499A8E0F7511B19B3EFBDACB6507BC78731B1B383D02FFDD7BE8DD9256F7D0BA7B46015941097B80018F700FFA024CC08078F51806100ADBFA163ABA8A3B95B9D2F92AC30BC908ED31FABE0CBEBFFF0279B675868F9AA24E9530B08C174055B7F48E4F58002F3E82F0BDFA003E8B431EB6C4A91E4D9B5FFB79
310
1265BA8827BBE5F1BCFA7F789F72F75EC800F8AE43FFAEC42F13009FB905A9A0132015D0068ED7682AC608BA6771038DEDB3B33082891FAB1ABF5614F93238079726B833958796B845B731FCB86316713C1DC581B1E19B424EE32674093F80776F7E27C6FBFAC85C536CD955B96EDA2A3FBF770FF4BE11845470EB3E42D022
310
000E0FE07D161811020742162444668308801E133A4C163BE68F6826A5523071CA78B2FED51F28F8C70FE4190073A3E5D3259D7A288CD19BDE623F10021BAB0C6E327FD507B2741627727EA00D31856492F9F009D7F152D930704E642795C1C1B336E0DEBB7F0FDCB79318543B25341F36802D64A981A690B94259607DE0B1
310
9D466BF8C1C5E1CEF9A3FC5C639FD6117B4BAEAB453F8EFBDA500A67E8BAF76C8A06566E36EE1184E8329419161F83D843D5DE7D8221163E145F56921C3EE383978072129E290A9B7166E63D26BAB1FCDBF710009E4051842390031845F20077CD079407C575F20364C4910ED2A574BC357630B0BCD8DE39335EB175646A69
310
8458F6A346F003A93002E846FFE0C459B8006E506D79BF902908A0AA05CB5E73530E33BA1D3C2EF99C712B7C8B41DF4D2A7830BE8707485FCFAEEB85A09AB6D39BBF7B4F23E00509C20DB04E240822A4B810E04D8D53D10D504C059ED86BB8697F514777717A8F8144D48A4C89077F7EDB00E2D89DC02A7B975640A282C49A
310
4AA84B70B12BFED8EA6584860DFB7EE23FCB00C6BAF7332FF259FA3C9346508813E372F1DDE425065BB61FDF8300F7EEDDBE8D0C6EDF46F7D8823478590AE23759D60DA6B7A9F125EDE8F4A5D2B37470D0B63C30DCDE3D3D59A8D1501EB1B0A5377517BDD6E301F995E3F955F0F58FAC2E81CE172A8344AC03DC6781939D24
310
84B8FFC15E8F3ACCD3954CE19576B942D0A029188EC7013FE59AE90B71292DE774F1F63D60230180B30A2EDC65291B6211B4081128856001A680015CE000708254891851D4B3BED0FA4D7166B466BFF1D2A924885AD12B387FC0FCE6819AC3AE06A7AA4B715F0927B74D119D4A668FB54B8A8C268D8B038A207D10A7B1E95E
310
42195B695BE0240F7408B311257C23F581E987C180140C584A02B1670CB817CEC0A080F259F1360E58452013200E3EC107AC1DF4FD7B0F6D23F33347F9527D9F51E6138E31AF35F1BDAAEEEBA3D71BB402E2FB47CECEE96B4DB85536772B07C82A34F3E66D0BCEC207FEB9E70643761276F7B50D5EE963CFF80C7AF4A2130F
310
5BF8C4EBFB5F07B709840480DBD8007FB7EF3F90104908BA457D43AA2A6A02C91422285E5AAC143F3313A0CB74D9D164933B86C25587134E8D342B453FC982860D09FD13ABE72055ED020E85D3E312F74C25CB0293D978A1C4001927C80B86FD06349126EC219F0C735C8053D8F5F310817EA01F1B7851F406144C211C6362
310
C27DD51F1E310C0102280ADB891E9B085CC528A2B1369A46BA195B9A2B351862CE43174BA73FB7CBB430A5798F4C54B7333B96C3224A9863AD02B9FBD8E63092191924E77C199D92887DA594B6DCF0112857162FD0949FE6A441F5E62E42FB2105BC405A2301A3424601DC807912CB2C39C604A27908021CDA30C4C8C2019A
310
883B3A8BD393BB3546136EAF561980FB63E9E035FF73B96D09A905ACB2C11D79571C5159026227DDBDB81396EB03F14100BEB66DE1FA9EF82C3ECCBE318119C4269FD014E66361FC8BB0B4EA9A98EF3D8848A01360430284335004C183CC25BCA82D2302EB03B8419241C64DF4F5ADAF77B533BE786334BFCBB8DA72BDBEFF
310
C36103AFB30608A0B39B58D93F0BF42180841DD26BDC22CF0A770E90240006BAC65197D90920131C7B2EB3CFD3C71C6378A305EE8488FC1FF8D391E2BDDB0F6E3F45E7C8207C419800DB410073A3173942CA8D5242642A74496FF115832A6314D9FA4257577BF7FCF8F8E8CEE8DEDE5EBE76DD3CF892BA7FB8B90F629431B5
310
525E92A15A3A4A6FEA3FDD73136172060959206591F4C927196CF645AA285CF3014630121754261C0D31E1A7E3DA2DBDB54B04703BDE3A4209F02045C4BB0F529A14BED07098A2A1CD47513DA64B512F409BC01663090796D787173B5AA141B1B39BB470EEBCF1E30F9D263ACC4D05110797CEF7B923B027F089F74D1D06F0
310
A4D8C0CDA6604023FCA45B76C5CDE0BF3845ECBE13E0C0ED73700A8A753C1AC8AEFFF1B407FC8A20F42F0D94019121DE304077A027D4112283BB8FF0072444D68AAD111D6F591BC0061854BBC048EBBE9E81F6A33A95C21BFD13AF3C7E7DCDFFEB0DE8903F77B41DF178E99C289895B0EA8CD640549D68935BA7C5294E0A1D
310
66DA0CC419BD398E6265789CA1241441AC94532A3C19C95340BEFC68703077EFC1D307B71F3C500859C11494838E902203A2BE90EACC5135B80B078804340C920C2300BCC06F7A1C71B875DC572C9BD1D84BD5FB9363CA6BA7D03E5C40FDFC54FC23C9B4B9DDD028787D89219038523BF64E638BB37CC25335937A00DFD328
310
69C5B390C8C32FF25C8C47A7181B4A599A224A9DADB0E0406FEFF9F183B7448F081E3C55024FB33828784AB61704482CD0160C04174F9E33BA9291D58C2F1F1B1B3B5863B0D9F3E51C35C253D54A23E560E2C0CB3A6F7A81382601C2079CAE96B7B1560D20A341E85A928A4E01083256420576C2ED477E2E565FD9223BCC69
310
1CF394D3D8E281501E0EE5C1C8159E92585D255CF30CC854C75318006EA4A01028EC853F9407C6053910BE105348324002260254886C156260F9189EE0F8C9A3CBAE9D5A992184568A69D5183A7DB97DB089FDC57AEE54F858FE54F577DBA85309640290F2D220952620750C5811FB772A7876D1E4040FBFC6474D51246D8B
310
3FB378283FB514F8AB3C20B8BF7DBE5DE541C9A5D3D38DDB30E00151E02523081BC89C2214103E0BC1B3D0199A08E002681A2613A2616CEDF0F0F9C5DDC75DA395C25C0309C03DEC8091A4AFD3FEB504AAC6633930556DAC86EE3561941E862C4A75DD6B6BB3A0C59BE153DFA73EDFCBC3CE2188D3D378FC976D0EF9A95B7C
310
8532F527CE3CF539581E0FE501291E9139FFB65EFF5DBD8E0C18DE3077170A64E033FD278F18068028802F156C3809FDEB11B1019C208D020C9BA2870457F0F8E1FDC7EDD393E3B9FC9C4308E9315704233F960E554802C14716B0B45DAB5EAB5E25AB7830EBB8D25E6CA94E4AA01794FB1EE164FE9F040FE82C940A4BCEF9
310
13075D087E85A7237D3CF29C47E4E676777779528C4781761F0BFBC1D3A77880E40C9A2E5109180D5255317890394229F0F082010354082D574F1E3FBAB7D6553C2113DACB97BEB5526C7C6F69F9310A94C46CD89FF8F379AD1AA035FD00FF3F320180F01417A6F255A3A8D86319FE0C0B0E06A0DCD33F79841339C01E5BBE
310
1911AFCFF7C1E0A540BFBDBFCF2372352686D863F83F59CB6865F43104007EE06F52406F680341102048A01BB048823082CBCB0B6AC48C313F3E7CFEF8F2D1FDC3D6F6F9F9D9E98D9D7CAE5EADE2A6512FAD7AB526E17F600C85550DDE9ACFE9D97E694513103BC69F8A2813176032C890C1E9C49FC09C61670FF8705B1D73
310
86260E7C8E7122C7F8208A55139E8C8D4763F7EBF5728DF9C34677364E3A3F9AEFDEC9CD95470788834F9FBEC512379890B38C94205B2557987C4186DF5C0837608DF0F9F3CB87B7EF6E920475752A01460E556919B2B64296FB9FB70DD5F47232A0F77465BF140CD001F00ADCA175090E2665A14E6329B62660E02A1CB50C
310
6025E3DA252A670B3F0FFAA5EAD94A509FE7036B159E0D1D9F2E76B7AE1FD5A606198D3A747AF450023CBDFD162278B9446688111009B4029B0F2180AE20A542D40610C073B47FEFE1416B2B12200F3C991C2F54EC2491027A816B0A34A9D05C6F437AC23462385DADD75642EDDA738AF1600DBE07EE8437804D2D011A94DF
310
71C2085EDD40266A407FFA1D1C00B0C03927E60338E3B9D8C47D1F8CAED578E06F7CFAA4BB63B175FA7C301B747CB377F45192003CB8FD34B12009224543D8604494011A80C1903CE0518C986208E1C5FDDB8FDA161686873BBABABAE74FA637BEA894A44078C19696F326E057D7F95D061A6B0394A9D5F2DCAAFE4C2388D8
310
A6E9AB7695CB0BDD0A332430F1A9333DA41D1FFB97FA09AE84E738C75C407C260408F8DBD5EDED7DE1570A7BE333C54F16963B46AB0C2B71208EA3D16EF4EEDCD7005241166C005A73C03164792151205C007288AE337B4D7103741BDE7B7AC913350B348B2D767515674EC6F72A0402BBCB41C81305AFCF05F2758D3ECAC8
310
D26AB97606DB9581A4B7A8FFB068CD5C0604E6849046B70C2B60FF0CDDF93C13822B4E82FA0479A68220E66D9FD775FB3C1A9CDBDB9829B6AF2F77EC9E0678FB20ED8D1B1A1A39D10F9812E20D6281F5673121AACAA9C53424000DAC173F7E18C3052EEE3E78E7F1160F5AAEAFB70E0F7775CFCE4EF384DDEEBEB9C0889D52
310
43BDF557559FEDE5F17AB21E118C4C31A3DF6A96B56AC62180293910ECD6B721047664BCFCC6B2DD3C65CA0F0C823DFEF84083C7ECCDF05898EEF158F4FEF97EB9C123F1B9D1D1A3D9F9AEC5F5CEDA84A3C96C14A55584D62893D6A54D8D2028D05C8B1F124884543F3223B29D208B04910D3FC43F5C52196AEB5B5F5E58E8
310
E82610F08C21BD443801233C0CE8BD1E40F84A1CA86001990048031ABBAB11EF83F9283EA89F181F2A0D9A9F62D94B7F625FD727E6A93F63F200F614F7CF100D4511C07DB45FC5F0CB4CA359ABE4774631FDAE85E599EA0878A3C33D5AD6430CF4C055EE5FDB80629000D7855DED3F436F3B61B3DC7FFACEFD2B1BC6FB0696
310
312CFA477CE87A87070C7998E04FBA78AE3F915A065E819FCF35B410321D9ABB308146A11AD5196CDDD7C477A171C8AFC74B45CBC6F641AB53C8D4ADA5870C02379BC0470CF83DB55F073E29CF5CE5F7A3F8FD62EB7AEB1774C2C6780B9523F9287193FD23DDB79FBEA513B45200E2E0C1B51350163AC19043C600F2C1DBF7
310
DEBA7BB9B5457BC0D840CF325EB0BBABBB786D301437000020004944415472B491ABCCEDAFC0591201CAC8EBFACBF367FE7B6E40E69F551BBBE7123E3C00AC560CE20C62436E8C3C54CC225EE08C0D74CE26148877689EDD004FB2BFBFFFBB984035373A7954EC5EE8591FE531348654514DB1D1C56411DFA2A7C212BE5ED9
310
1278F2851A432244C6822C29C85A8B320ADCBDFDD63BF71FD32648E7D098CD018BC35D7FE89E250EF2AC75F96C15271602687965C844B8807C6E7729D93F22E81D39ABD62A0820C1FE9F11CFA7208125D33E96FD69E83AF6052DD32D49FF0802CD9F9DFD39260389A950887A647CCC99BAB17132DFB5DED35138FB3A060F62
310
95AA5E195BF0BB56495A5A4A8FA440026E46A047D40ED2520A441C302D240F201FB8F7E0EDDB0E12A04D8816215A0579E8FE1B1281E9F19C9900DE79842E2A7CCD48E9876EB01C75DBA0E0C8D44AB5512947A00BE7CF5DE9E1A6A6BE43CF1A78783DFD5A404E4477336C1ED8B18908B2A847B2AFE9839E891137A6673BBB96
310
FBBA2A4B8E9373B001F08369BA11BE8ABC4302FD2345FD6014A127068427D007BE28B41D9B0D40FFB7EE531FA673C8870A69135B1CEEE8D009C08042A5B4EDA314920B635BF941E7487E45256439DFE9D276295F87E698389CD49FB394FE19720412DEDDC40E9CE9C6DD605E0B719FADC416CB15AB3A61F9B5B9B9426E54F8
310
1D8B03DD950946D432B40CEDAB7BB5AF11213CBA73C9BCCCDAFBCF06127C7980FE6D1DC9B4DF14832D6568FEAEEBA76FBF438300B541064ED33F3AC0B0D10505306FD370AED02859234402F6C3FED006766DDED2034D90D119057225EEE3DAF787EBF30EC51ACB4F551678BD6728E1944730C095F13E4D81A4DFFBF67C5BEE
310
37E62A85FCCEC6CC6C7BC77A5B477E22223ECA4FCC0F87E2A5E3EB782BDB25B8CFC6736A044DE5A7CDA604526361D650484FE283B77EFBD65D52C1C73C4F48E7D0D81ACF572F2E2280F98FB230508FA906B42DE240ED651B301CEC83DE1790C9FD96B6CBF986BECF3BD332C18EF627A0B6EECD5B152E02088D03D828AFFAD2
310
6B05BF671B4F9A09A8CE0CD2707F67F2A4B3BB75B9ADA331C1305BBAC182FB4A79820B7EEAF73199B8404C0B81231CDCBB871B80FC41FF5860E8E108222A1A076C29E6E03B6F3FBD4F1F295DC457573C7ADED636D6B7B8C88413DDF3B327E1046AA51040B40CB50C7E3F1D2E44DAD34CFA604029BFFBE714DF0C069908027E
310
B275F1F366C132E1A7450B04011CF82B2B647CE754F650FF6E25BF37AAF65B7BDA16CAA791F1D09F6CAB989EC5AB7809BE145FA459E8D3E4B0FB47DAEF093B946FED585B80FE1A0305FD5330FEDB4FDF79FBF6BDE81D8300CF6815E5F9896552412A03F31FCDCC7CB5E32365550CD9365FDCCEC8752E943161D78047336F8A
310
F6539840A1F2E764FDA2970999F205CD2BD1F5CF496571F76EAEFA0E1CF8FD2A55FD06391F9EEF8B9DC9994E72BEBEE1FC928E2F223EBA0FBFBFB4F2DF137BC894B8087643D64ADE6EDED67F7680FAC9060239E845FC94AE93D880F994FBF71FBCF5F66F9F32C292EA900F9C1E6F1105E81C5B5F58A067A448143842008D72
310
75EA3BBA3D2516FDF02FF79260020D6B3C714711F3CFB61BFF56A826E627E82256F7400FB387FEF23C1C1E77FD6A21EBB1B2B35F2F95E7760BE1FA3ABB3A981423477517EEE36FF96F122B942F6FB64D9502BD1B9089162532A2FEFED255028FE653C9F46FA321E0B588B7DE79FBED07C44106CC85133CA65190543004D01D
310
02D8181DDDA5A9C91A7110805B7875B689FC3902200FB192E7DFD936B37B57D9C338BD49E99E181F4E5FCAB2ABC1CA7AAB382CBC7D515457CFABE6FBC63D525E5CDF74B16378B9AD6774A58531912D232DF01BAA913DFB7D3AAFF912984302B84D0500077800D26C60A4742101DE420C610C2E92FA93056022EFBCFD5BB6B3
310
8651470CD33BD87630C05831BA864C85997B8754B05167F0706499DC442FCD22592AEC2ABF3FF13F950039BF159FA9B36ABDB2778EFF83F70972B83BFD3F4899E64DD8346AA495CB155A7499F2CE39B0AAE755125EB84FD8CF8D8E4F4E9FB4B72E8F1DBCCB98B31BC4607C2CFF21C8145FB48EA0F2159F86A3098415609554
310
DEFA7B27EF1301033DD06D274BAF6821D220DEF96FA4CBB60B3CA241C021D38E1AA76B4406B4767576166766A6C7F77273F5F395291BBA19F64F2E3095C14F3E60371827741CB27E89543857D6D96BF9A47C6A9A26057840332EB843717AAD171880217B71FCCC0355AED3D4819911F79D0EA8AD6DA31A83E36C5DC2D47029
310
5C011302387069158F6C9966022367ECF1D00BA9BB95C389AE7B6105A1FB640689033A7FCCFFEDB762189103A61C3A4FEFE0D6A6B5A19EC5755A443AE78BC5E9235B047890A65919A0D2F96AA3C01CEE913BB3ED239C3E0CD8DDAB99E4348BF3F8B977B6C43DEBEFBD7721A839A63B94C06A10DB87FCBFA3C2932F8C26F88B
310
6D6BB30C3C4E09AFE40FAB52EFAA1EC0316920E031A46D65A0FFE45A673432E907FBCF86717AC04F2CD0EF512D665FF53F05BFCDC43489F150890C60A8E0314E70A06F619D30D841189CA15D3417F3CD50191AE4396543F0C42BCFD696C58DF163F5B46D708BD5FDDA5E5E5FDF9401BC4F7E00E8A17520833D1CBFF495B5D1
310
CE037C664123EEE74737268B5D1D3DBFDA6AAD8C08DF2C0BC7A737E10AAB2A7B958990CEBF556CDBEE823CB09FB344143463C630CFFF585D330CF0320E921744A7918280FEEF981161008E9FBC78C830217A07B7D6985E83F9A79884ABB5AB383B4D7D788F9FB3D867A2112A43F19042B33A108690CF6F472F8661CFAC9714
310
78757F6E6F2F7AEB82FEA85E5715941778B278281F28C268AB24BDB470EF3303E09C359E9DF1CF990D8A096106E6A66C8620DDE7D281DF0B2831F20439A30D68386CE13E002F7EDA8D7806162B205D6A19AA1FABFD6B1B400EC2BFFDD66FDF7E8755B4883C043F43046C1326136680404F1F934EBDDFDD39CB58A98DF1BD78
310
80E0532E671FA1435E9D6EA5E9071000BE8F262E7C4044FD95D5FD526EB40A05A634775F32205C3D779FDC168CD5E56BF982508BF572BDA4F6F57D3304BE9EB18149461B12F760D7485891CA47CFC44909136FBF4931716A2E100123FC6CCAA6A644F25EDF4AC980B14039009BECE8B798BF69A05DC5B6885CD23F8E13A46F
310
F0C0A986D617F001C52241801E87C2974C31411DA3A5D7B6175472763D637D3E57C33B908F867F4A59CFCA7923375E5F027A983E18BD7BD4E6FDDBB2250C1529F4202EFAAF979DFFB1F2612E87EBEFEC58581EDB9AA95AD1D7C1905F7305BF8182D5BBB524D47C4E3B81CD843220DE1E6536497C0962C225F75A2D6A998303
310
B23FC501F0B3F736EE1FF01200FC8C99F5515207C9C40081DF304C0A17D06E26CCBC5B3C47459308178301FA8057C2C0AE9D99B05F038828B08400F2E3251254DD7EB8BC4853B101F99AB48E387457C96951E5DB670648BAB70A7B04FE93EEC5F5B183F9739C98952C6845C380D401B8FC86E70A20744EC720E09D35955D96
310
A9041720196D183AC2CFE6AEA816652D0234883D788BEC8F5DF2615261DB031C2381092401B48D8D2D870FECEA9C3D99DDB036C8A051058030E32190976718C89F031DFBFF2EEA3D88606A8A19BD0AE305BDFD12BA4FF46F1A0002B07137989C748936E9DB2C91F43B07E4E4D16C3779CF5A4FFE8CC981F07C29E34B7C012A
310
F0054FAEA4A6A3D49D3A16D2B3CF220A029003366663053C89B3FB1827080DEC2780076FBFFD8E39810CB0593CC68B5D9009F2D400418028B0BC6CC74067E7C9CC0C2690FBB084AA5254A12AF63543B35EB40D17B693F7E3464D5094C00AA9E04E0E0524F5C35C5EC6BA94B21AAF2440725E2A9FF94FE7A8F0E769EB83FDEB
310
039B631B18BF396F5C13CF89ACC02C387DA56DC3B1CD84B96CFAAA37B55FE723B611062258257D331F186AC93D8AD600B4FEF4AD777E4BF68F2168FF08C081A37AC13446C859964803961928476D78F68419390D830C1935B5C2A0A22A3AB17D3D6428BF12DC373B8D464E04C0A496BB3B3B75639DCC2500E0F0B15FB6F47B
310
5A7ED0183A87CAE8D535F2EDBD4B3B7FC762DFE65A07C30B2851DB890082ADC07131EEEFA3DB7DD5CD32C0860CA83CD4B7993A175F422A8149B1C1D94C1145059D9C78A8A572A90B7C8B1E3392FF77A80C50220880FF3669004E90F101740D2B808181455A044904674E7482CC3EC85C4BCE339404C0B0BF6A5611E4F9B815
310
7BAB6DE327EC9BFBA1B4557ECB609C1F45326499EFB90EE78F18227F09E563C9E63D847EDB3B68EB9C39E95AC4F7ADCF7D87F6752BB6912040281E4A0D8A8314E80D60470999B8A51FB1488A66A9F3F81FFA61C83F4FA6969E472288FADFD61B005E0EA4284822E018911828E868614DA0C36E11F3A051070BF2F0840E35F2
310
00E2C0C80A776CC9E7E6841C0503D0EDF15ED9AFE527E798D23BEE5F0604E58DFB7099D739BF0BA5D332EF29F1535995BDBD0DE681C4F71DFE6A7AC5A13554AE6910963E9ABC9A0DB5B202225545F5CFACC942B5B93C207352B6E5310BF349AF200175D7DFDF78F6D683B7C87E087FA9B35812C4F8F13452CED610A2207541
310
E6D659A739441F3833CD0C9C3C3DC2B0712F62333C4FA9327C9CA1124904B4FDE0FE21C119776CB0C212AAFBA5CAF80EB43772ADFE77CD9FA8A4144C54C2FB2304C65F62FC3678E4F6C68F30FEE1BE8383CE7DB86F58B1AE0C51F0F055E188D02F00911DDB0991832228B3172B3E623E513FF1734FF414A611A603163F401B
310
EA790FC9FF7FC3FD3DB02DC00184145B850D01D120424DC03C00FCEB7880EEEE939399F1F18DBD4AA54C939899304D913CC2D5CFBC55E50C7FBE4C0E14AEEF53D6843DFF56BE2D554637EA047D3C210E2C61077875FB5B40E19F43AB7470CAFE1C0D3ED3B3B4778D1DF6D4F837C08747180FE8394F2CA1E0A46B6DA62CE2B2
310
DABEDE0B1924098580FC16B369730E9E90541D3730D47FDE16EE1FFAD3419CDA05ED1F2715C607F2E81893AFC5936303F40EB776F1D808BDE393A3FA401E1C706E154C892860AD74A2949C409E28A8FB3349C764D13E4D1D3468952B7B1B35001BF41142CAD58D6011C8B78961EACAB66E9AFBC627673B61FFDA4167950A27
310
4145BF11EA17BA9AA60815C2C43AE1F648E3772E53C94E6364AF826019E723069A8AA353A3BF7FB5359281700061FF64C28C10B9AF0B70B0B0D30A31CD1CFD22F68C76DA1E44558869257892363C091D313EFA46B57C3BEB252E9C6BF5B4799EC58F1910F469E25AA17B343799DB3E33CF410061F96C6D63FA91B1000CEBB7
310
D2971BDD39A2A76361E000F5DBC1688D47CB812DD60F8001AF25B328D173A9E4BAC18CE9F1F628704330741B2649B92E9714447C68559C6CD2F681919367E4811100750058809D0230C087A89FF3C80C23C4C60882E481F48D531764BABD5CCECA308DE2F63D3BB50373D630796126803C2D1FBAC148F7592881B395ED7D26
310
B7DD38D7096AF98841CB37592561D9C6565317AFBE9FC4AF7371E060736C7635E0CBA1809FC80F544DBAA1F2F9393D970D44C0615A0C6930E758B9E63AE690F73045F0C8C0731DE9CD80F718E94652383458799E02C06D328010011C7090D8C5E5336A83D4059953877EA1E1D66FBE994F04608C4C991917230FB61F9AEE18
310
3A40AB9108D032449FD1A7283DD25ED15360EF7EA9303EDDC0043403531EDEAB10DFF87F5E2FD56DF0F1B701A9F614DB17FA0E0EDF6FD0B1622A81FA3D1DE5A33F551930335C353A87F9AB05C60455193448246944A232C5D07636D864CDD7A50D0B4440CDCC465D1C418321F50E1648D500294065D869559EF3C40C8FCC6C
310
323E989AD0F0C73142480B200842802C061008B480A9954AF282052B3AF67350FD0DD30D1F4075AC303A5D490250F5400ACF479656861E4C77AFF327F3EBECA4B57B6B6C8FF62602BF150744656A87DABD7BC6BED50527B2120C001A0B3718C74F0C65CD34F275164D7968148DDF259AB8AD6CA81CDA4E8819509B996A7F64
310
2D987A401A2B04018C01E6C169A8700F9DE3B489DB2BC49C9B7B858A4F50D22AE15428FCA4A1EDB20C83492690CFE361CC7F8C8066FFD0D77AEE797977F468A36E0B0DFC87F90EE6348BC748F7CB73B5B9DD5C6EE7AB19ADBF6DF359F1DC2A0F9E44F213F8041F64274C0859A2AB7C37440FEDDD2F95BE44065F22067E3EA0
310
CC3BD8C0D8194EAB291CCEE20B9CD8E02950AD806080047A279F19024C837C848816719AC4A34DF8F0706CED904E8185753A458A27E4C1E37B5F30A104932BE140E0BF4E400160F320B054A8705042FFC47B4940810173F9C9E97240C7FCC3F3813EA239B745DE9F1B1F3FC2F9330374DBD1A7B475923F9A2ED81716D18D1B
310
577DAAB9D1A0458655AD3CA7E211867AE7C702DCACCD291E0F798013DC01BC326087775C0833E04EA3778FBCB8DA4687A0255CA0AD210C15661E4E92001A4449031D1DD27D327334BE830B64DAD90CBF537A45FBD4E94A7A88888E715B7E74FCD040E818BDC1BF5AC609CCCC015DED23877080FCDC47BD8EF3A7B783A17D33
310
F3ADEB6D6BC7AD75EA7C7852C5B6FDADA6AFEFC2D181C03F8C40DD8A4AB5024F0B72E34B57BC1182472DC80946789AFB711DB7F1193C03C893B0345F420246114D3EA71D04FBA731C0DAB0D3CD311B218F0D5A15ECC105D02F3AC32F13600084731A83220040019B03180634B5923D438300B05BAC80881F061095FED5D572
310
A3323ABD83F1D37A2301A8C930AB3F66ADF7CBEFED30BAAD7D78A06DEB6A87F15491F5AB7E25842B6B34BEFC12C8A159F187C64B3CBD2356DE5FBAB98BBE9583F0E3280C0076DA15BF34C15238145742B07080B1EFB83382F9FEF2239D003541041083C5AF9EF3C8944DC2030BC3ADEDDD9D27475800693049E05413BFB3FE
310
B4308731512F13400D06F813368A0101D8D863EB3E75FCCADED124F532AD3F123F131AB46A93DF1ECE7F96CE9EB6C365C6D6A07EEC461FC919FE288AF7AE1A7D012D291EB073735FF26BBB1C99FB706E972192819B7A34BF22424BEA1CC7958AC2E04BFC8E02DB90A4A1DD04811ACDBC181037864672C78F6C0EC3073A40CC
310
49D5E813593B7002763BC6A909D31AC86F3F6E335C9E1C309BC58F16418642E2AF6B290A34FEDC0CFEE08FCA0F56700699CB73B9C99302AA17BD516D7F1FD755A2B32B3FBE7134D3BEC813195BD355020A7DBB541539CD2C06E45F46FC0EE08293E6C0E1972176D9B678340AA1A4823404EF79B1E2347E47C35D0A2260730E
310
0B513025DC0BD1C07E3366E9B9D17F767405FB531070700035618606F0B40C73C974CFD321B0C174A80C0F3AA54945FFEF348F5488895713E89B5C98DA501E06D8D24FF04FF0CD7ECD7BAA755A854EC6A180AD13BE094E8D5D63BFD6DFA5F5D3E4DB1BA18FD8473DC6E17FFC9832B71A2A94D96E808BB53F9192955D62C82E
310
282B05168AA0927D54AB20A20A74800B7CC9655C8B15F62377CA4C91641F9F4D0478F4FEFDCE273A002CC0A725EC165CE3A149F0333E8E9600B2C05A7D15FD831F0938DBE5D0FF13E3C0F0765965A0961C3FA86DEEB0E28304747BFBA5FCDEE44C23544F7BB7BF7A132DDE34F99E44EC3FEEAE92F667A10F7E90B0E8C6442D
310
F5A5318B0F816311DB2E6DC6F172C363FC800EE09186BB9EC82A24C0117700CD884AA42023B81EA6E0CF8B3056411110D78606EBC5AD5417B45BCC8E61EA01C4006AC233933E35D860BC1B6CB9C9CCCE7840D2E0C1C1FFC11CCE54D59300F2B47D66A10F09D8E24B71B9BDDF98FB62A3B897C53EC88D16D1FFE8C649B17BB8
310
E760EB20B784F52F992544753F2CBF642CD3C9C70D8722C197142C567E74FB431EE248A8F3FC00377F5142144A82FFC28AC2970A780C85A7EE9146FA4B2981F3C93BCB0F3FBCB6DD3DE69C72B6073B99140DE28B8E919D9D9E7C2F5FA99FC1FFD07E9AC0965CDAEA0A945FADE52C791EA989E8E7A21A355FB37E44405D171B
310
98A6E946DB26AE71DBD01FEF07FD378F5B4B518724481820890E7486E3FCE61A60E096D577701890EE07CA5D7F2B086040749FCEF3F81972E510A86359C9BB579883035887542090614E5C4461705D7CA1CF84DB564838606CF1597E8119790D021080C935A908324EDE9F60A04B7830A33F0670CB08605B8D01BF9A3D4356
310
93FAB4FD84EF6754930640C1F9D74B052A7ABBA9F502B39DA3BF6BC7514EA4BEC71D752BFDC198EDA8DFE8F32B3EF811E4576B0A2074B99B070A069F60173E7427BDF285024E35A4418B7A412914F2800F1965C4F1120A2D5D2C64400563D5942044807BE7C738EBF3034C4A6F4D70C04ED1F97673C039FABC4CFF18866E08
310
200BB66BDC9CCDCC3FFD1E43BEFC52C317F0F5E64900FBFCDA4DEE68768FFF46350E0EDADB7B34DBBEDE3776BC55599AF84E312229F931E700D04478D66A0D88D09B2276141AF0F8811C5F8067DC04C0F90929F7F1AC9CCD368488AFB965C97B855A3E2E93AE5B4866502E55991B82D4388614F2C36B8484A5FA06E3EFFA98
310
4A6AF17D5C2073299D9F12FD63826F67FC460E54030981684E9FBFC22009A3006962285FDF4FC84B699FB5BEF3736C6072F6844C15EDF25883037DE6BB7AFAD6AE164B367812FA8CFCA6FA25725D99AEC5C6EDEEC64ADDA2BE0056002032E1D7A20A54CF444E360D520A5B69816C0A953CE0434A8A898BF18E2B704588C01B
310
DB2133342F5404FEE698957C200EF54E31BE6DF4E888C9C67F5F3F1B41F922777E7FA6332677C20098C59F762F5DFE4A23F9801A3BB6F8A4F66E0D40EC867E92DEFCE84C714FC7CE8DD3DD3BDBF9C781B1C3B549FAD2C89D711808CAB100E09700BB85240374A7209212F320CA577222A7020E7824500179FC7096C714884B
310
DFD9499E027ABEB3CB0226CD293CAE6E0C41A6788F396606A073E28CBE5CC67D584D36CA39D37974FE1023253E3FFB007A26F657FFC901D851130DDC2BF54884F20D5D40A0B7E5C7BCC7CC87B84F2ED820192CCE1AABA1FF24ADBE1D03635B5B3B53D4A5F84120125FADC36A0E792D3AD7E255792CD5241A4C84171F110409
310
0017DA493D0A7790A7BDE6DF326180398E4B0DEADA5C2763825E43E05C388E184678C88CE6422606C017F030366981353DF03A753DBF6370879F79889DD0BF75408724DB53C5B0063AB6568D02DC47AE4627B58D7E367A6000267E7840C23A0940B992DB98ED1C4731B4FB4DCFB6D3EAFB6CAC7646F0335C5031888CD74E21
310
03380260AD47176D703960230370FBBF28813524C17FFFBD6288BB28E4F905ADB4A788B40B4A6201C1878BED224DE9906C4C79EF32EE679B9F5D3B5DFA137327320643909A823F62106CB8F9BFE4BFEAFF0FC7A6393EC7F64A698EFF8ACE31BA05ECE6DAB6DF124118D1D13F892F3D3530602E3F3ED3D59DFB821ECFA3D9AE
310
85B1ADAB9E328DE738BF55D5DFD039445AE76D0194180F57B15BEE5F09C07F952F9A10372BC894CF7DA12CF6507E2A8916E0DF430C519485C55D61EFE209912D8C32866214E121611E22A0B1238DB18E86636A3BFAFD5B4EE02FF1E505F902BDF424D0516907BFC95EF3A76B6B3872769D67E25B548F0DA46E2B93DFDFD5F2
310
B9E9EEE1EE1DCC7FBE6380DFBF38A165CAC73DF912AD76A4690D2B766A3EB4AFA2D05BE543EA20B095FB17AE3F1928D84482049B659E671A4763CFA567C08824913D37F2F92F841FC244085C1681225C04AD6DE1684831682CE0D6096B56101C0D4FB3A1BD3F11FC1105AECF5660BD3FEEDF162B0D9DEC6DB55AF27FC98050
310
BDDEDFF63ED14B01336053A19DE9AEF5F5D9E9D9F9E19ECDADCD497BCC57681922F327EB41FF681E17C1921B04FBAE371AC69E53F98183E91B84897A5DB164158BD1D12FF6F6BEF0E02847727BF2628F9FD48B6FB11DF6928C868B29590A0606F92140D0C08850DAA7DD8A5FE8A50389F61288AEB743E9C801BB67DBE0A7F6
310
4F63BC87770FDF57AA73FE1F5A84F8DD3AADDFC32087FBC0A7D645C327B97D65E7A8BBA76DFD9BCEE1B1CDE3F5F7CE4E6DF4013ECD7CB60BD1239E8A4E9A5722AD9C4FAC8F7FF17B214AF8801950430639A08E3ABD05A0D94E253BD5951C885B0CE750309070555FF21F2EF83FF53F4E15038B8D8A244740A5C9CBC120043D
310
A0B323FB1DA0A4EDA268C05A304619505000BE10415DE898809DB6B66896E60AE347ED3D6DC707CB7D5B5BC374A158EDC343D0EA61C217D4878CBBDC1D85686782C3CF4272E7DCFB5E9EF628F5A95AC1AC0C6848F5771329EF8DF2BB79EFEDEC8DBEC72EB7F245287FD4B31008AB38EA4D52F2BF57167159E3004CD8950E21
310
7DDD6F699FC763E9D1A0AECC701F7BD4430A3E030374066938F883C01DE40E7DAFD609345E33570F4CE6BE467FBD7F793B5AF2A9D331D86DBA7BF98067918F9FCDD609A0384B523F4413B574B818C6889FAEFC5E7B8F90CEFD62BC2C85B2478D54DD076635BE434FCADE68B3ECF1C8708E27863DBEC352D87BCC7A92A8E135
310
700CDE65BC114026DE5DB68275E656D2C0D4087293D43BB4C9C14EA83C0D806783B40DD7CD4F19EE9F33801F55A3F1FD600017A6CD5DE607783D5F74E34680E7DAB98D99F6E5B5ABC7F7DF19D8278322F6A97FDB2FADE1539BD945DDF868EE2B8B70D9EDAA45D1BB0A5801198CF1DA891540474745BF0317F8A3703E02510A
310
E94B084221F887FE950272D62D4232781054A87C58D015CD45EBF9B70E60820A2056E9D4D619E8494BBFA68B61EBDD8CF52CCBA124BACD4A4077E8420A7F36FCDAF661E577B792A7E1B7E337C7CF1FDEBB3B49F501F3C7366C1730E793F51FA20A9C3D2E9F18E63DC277449054CEADA36DA0807467D45F8A744E1BDED725A0
310
33868703F1392BBE221158220588F30574A0B0893D0515B0B7C404AD0E7F40C11D504C49BD7DA39A85A19CD7357DFC966E5D92272FF06D59CA5A6A1C8AE30E52F1247C1F1D78F81887F9F3E387075B170F9F5EEE4A7F5BFC69DF02FD8795FCFFAB472E7C88D563DA514861B85BD41594A75F5E866BE69471110A9F75C8609C
310
7E6BF6C7C727431EE3E9E3773D2378C25226E82C08104A57ED273FE0921D6990E02B006BD038263BA360355E8DC446A380F0BA35FA9945A80CF60DFD54054202F91897C241C147D59F8E0FC67CD0F2BF377A3463F8BBBABCFBD6833C57E214AC3F5AE9C2FDE88852968F20337972C7E04EE5658223008AE82D93BC37D8DDD9
310
00BD6B16EF221F0D4149045D740A8A215D4FC186C658E01994B8CCD317465828704BB630DA2243B3B4ADD3EA554A97408454148C04A1A0CAAC2E04033C04073851F54380E0BF2DFFA43FAD3D6B574F2E1E5EF6E5F4FEFBD1CA87C161FCBCF5C7AAE2F726F814027BAE10F79BC3D765D61D1803952210A9AA07F8C6BB2105B6
310
1145B324F96014EF223D4A9261080239F03FF6F4DD4975C183B887E081F7A467A25EAA0C94028FEB808637768B07400A8235D4EF33143253198900E079E3FACB0C59B00F827A5785A6FFE2FCF0C0E6F1714F11CDE5140D931D707950631F3DE877F300002000494441540ADFB08704E252AADE1BD4E8DF55796A32B9B6F177
310
37C67702E5C638682737286CB0E0A89B624D5BF28222432848C9AB8C07170C97B814FF492A61072407D638006F7C8400860444C01B1930A522788045633DFA9507267A3A42BA05925BAD705CDD3792FA23C1075C6EE768A673919EB6C3FCFE7629B7310AA794CC9C0D14A1FB88F95C845BF22543F57996E0B26C9E4C2ADF18
310
7F979F8A55F11B47BC26594C52588518D25E6C2B1CCED231EA1B748F093E5726A21A54C91EF95789041030C20FD5AD68613432E19A4D0DA2505B6BD843516E10BB00AF9AC315EE9FDB39CC1F9EA59CD88F9CD071D470C86C4647FDEDDBB1CDAB81DA94034747A779F4CED497CFF817348F69F52E55490840E48840BA72DB71
310
F3E84F6DA2F4717AA928F153DA6E4C7E8E00363CEC9A2E1C8E65F298FC4A52F087FCDEE5CBA38A80CBE11FF7BC2AFF249203FFAB77A128A001B1987BD334AD9B901890A8C2005B6B248196AD09C0025ED841325B31845032E327C531C839E66DBAB39566B631C2FF0A1DA5A3CC47E665AD8751B47CFE33899DF047C9F3C365
310
E3B11278D49DF939298E09002F6430F9958803309827A7C791048CA070061B7E9A64C557D235F83EE24822E5EAB805F9862F20FC58F483DC0EF02181F572930205107E00E523861895A2811309808F2B6C14B2AA579E893753C155D2F54302007E9FF36AC5FEDBCAD47E182D91A73920CFA5C18E01F8FFF4C3F1FF553BCAD0
310
E58DEF85DD63B91BE38ECE1A9FFC4AD4A1FBA30D462C328C5A0340DFD393D3D3D3C0659195C96990F391EFF4175213BC74C020922D4830FE215E76940962BC0713A3B82784C0CB6623DC40D6E1485BAD454F6892200B225096127FBD82D2B12006BAE2E329C771E25FEBC0DAB3B5395289D56D7A8A89081B34EE06F80F819E
310
FE75C67DEEE95D227E283FE98A7B9F1C97D2D05B4D07A469153C3DA3048EA68FA667A6D90E291C7D7E2D063E4D044964D055F2DBF3E31BB851AE9F78A0A7314F0AD24901F581D74A6929142039C65AF5830D1C809536CDC05E4BA51038F79D713DA930CF18BA3010E385351CF47F74D439BCBC793556A1F99814926AF12835
310
E251C59BEA3C083EC2B2760FEBDF4304C9EB87B35769E1EB24B648542CFA4EBA9EF93CD42F03C08F249A2C98897D8E2225E90077823F4A52171A61219998CED6FA050992B6B0A74A2220ED12123004FB977084208F8E2AFC80F456CB110BCA647A3A0F854085D84FE0052BE31FFE7F925610BAFEC06FC33F9931BF063F39DB
310
3D1BB20EE357F594045F4226131578582CB055A59A073AE0413989D215019B6EB8A21CF154D71164E0D8F4E730C2CD382D098DA5261456A425643686BC8301710F2C50665881399156AA2B4C3191BC555728384800CE10040F746A3D8A80A5F0E500A93456FEC52833BBB45203DACCA37FE1D3EE4B9BF0EC27ED47D89B8266
310
F11EA2DB8B5A8BB93EAEDF0C06B7AD0402B9EAC6E787365535AF19F15158308A9D9785C1BC1C01377F8C6B4D07B50DAD25649764A91DC9812C7B34CA98184084F7C01055466B48058CD44085AF26648520C85C41C67805462D8425680425559F4440F3ABBE1F3F81B1EC72708767DDC8FFB6465796C8FE310FEABE0C9B242A
310
74137EC3E0427091967023299BE5D6D4D0C6D15747DC2AEA4ECC57C72856E827D33CBD319D70FF854369EB841282F84B7CA4881447ACFCB257E252E00FBB3272120A75B99119840858486615636E0E0334031AAA8C08A62E080053A0AAA4158431EC727A084021D41CF5D630C94184F6FE7432E8F5F9A4FCDF3EA7CF136FC2
310
988093F98ED622E38E4976E1BF0CF49D2889E6DF3566719FE1F9B47A2D3BF89C69155DCF24F88C609EE551160F0415900B4C48FB013D8900A9192A700748002924771A3686A0A580FE4009E00ACC090253E280B90AC15048E047020483A038A60ED232831F2CC90498648690D960C48E439F18F4DDBEB0B6F5AC7B7B89F623
310
0243B4FA160A7B9327F3AD5D937C8BFFE5FF8B3A5E64283BEF8EAB9F71159514CFED62DBC880614AA1F7994CCFAE7D8C87057F451733699B8DF87056E1F0654B5021E38097E4E23221B810DE20559AD183A61C2C88A648DB096081E9801CA00BC1DA0124E08DAAC15FD2936905CA8DA1C40E42B13F1764E0C4015EAD7F8BFE
310
C99A310B1B7C0BCC7746D3C0702759C89EAD57122092122D1F857067684A578F1DAB7EAC400841F493A468113282FFE42316CC74C756B1C880FE78795C692813CF4644480EE9B02991BCA257A71861F00666D9410288487618D120D0E80D7773E2B7DD180E100EC98B221C94BFC4FF531A09B986230F1CD08378A8E4D0FDD7
310
D9B1BC75F5C12EAD7FF83F3ED19EB018620303C217A6A35D826E72ABF2D8E2BB1B783F6E48D2E3F360806E1D192085D022103473A10375B63853EC54F500B5B064DBC20945B88160DCF7E4F83A0200BF6FAEAC88E9F54D22D898E43F378D20B51B5D6B1457000922202800DD401A9266483029C0D6D57ED80D42A0E6E08835
310
F0F3AC73D7FAE6D56185F04FC44472B854EB7D9CBF7134DF3DDC35A9F6B38417DD6F508B37C1A718B0D054124176F7222F62DFB327F34D451799D56216880193254FF782D7DDE26C271BF38C6E422E271CE4AB8823C9510F021126A7A944E00DB4031D013C88EA0746C96D4574069BD5439C4110403B40020C30B07A604F1E
310
41D19C21A93FD9002DFC35F23B1E7B98E95E38387E3603FE7393680410D702FF9ED5A3C5E5CE68B5827D721FA78F3A9A0C08A79722D9C9B418F46C0057BB1640C70AA4A03D29CECF33987596D53CFB27B32C3BE304C540E14BF8464E080918268D254838C91A01F0FFB99154FD8A9C0495EAA6534A6C464440B4A71E16100E
310
7405088122A35F7A511DC003D002E6C8E7E15F6D1D2FD09014139EC11FDC89394621F77B9F88EB5A583C41E2FEDBC8F82334494C0BFA97FF3C3A34ADE60385B60E5A30CF036E5E75370BE3B83AE73B3B7DC0BB337DA0045299ED0C66681E4AE223D01B1BC3BD4C921E2005FEB5114739040758189BA8A320067B62A3995E47
310
20055065AC2B4A8006BF8CFCC907C0063EACE41813C5F017065AD46CFDC6FF1BFEE052932CA3478C8E5A6F25DC8503D40F61FC1B047E4DFFE8E84407C81F1AC7B5C79DA358551CD0D13785A9AEB38D6EB68A0A8087FC6543E7471082873CDCE5CBEA1EFC5CC0579469E225428E9A43D6A6000B4219DE52E8DF00A55F4BF503
310
5960661C2DB88AC1F67C2890A93FC420193C8326409E7B595FBBBA9AE1D1511B3F6D65B09AC10A71C2317201A603E88C56CC68C91279E83F5C147787EFE6C675F00941D23EF092920330982DF38C65EDFCA89DA98E8ADDECCD77CB86D85118F3DD9884820B1128010D02F1060F582871CC8FF42024C02239273A1CC3BF71E7
310
70DFB7E96081682803188118B50310BD620234F230B12711B063E0F0490FCDA9248B580D3D3DE944A30CFCF2A1E0F6E59E8FBEA289CCCC943785BB8880ADA9C2FD70F6A13F5418444E3A669273C006C4B4EEEC067827539FFBEA9CFF04D84E7F170480037005AAC8829084329899F90B5E013927F8E646514B4824B01D11F7
310
2C012CEACD163B6358A4454A4221D06E68A71062520649BF9E9127D0772D6E5EADED52FF216BC2FC513C7D3C5CC4C8AF009811826AE20203B076A2AA66D8D32E317DEE0EFC000FCE16D9E0BEB17C74AB009256C5D8AD1CBABBDA61402612C675FBD72D07E633B1A42F2421208CE01397560811204306617A5141706105C9F4
310
984C459F2D0F6C392FA05BED808512B0B9A8A9FC6CED89640EA347D31F0DF76D3D9E61E800FE9F7601BE4C9614A1C58E6C839F13A12D0EB426DE6386B82369A9E6A7F1F9146EB578A2EF4289AA109B4F6CEFEC0463E0072A05CC9DEDEDFE08407B173B8AA65399C80B2911252E6290C82CC1B8909140C11B7AE161B42B9390
310
5045D017E00CED6D27AAA15F2C2179F1E83D411A7020B9408D202381E7E5DEE5A9E7E5CDE3B186433F488AC81554BEC09BC579018ADD1DCB3D9D70F02B14BF9159A4DA376225FE43DA224FED327941705DA582B2FD1BB5DC0540667B650BECDD1D5DDFB0C7F36DEE2B94F6EE2EE4E426F20A1174C31DF153321A24114C4FFF
310
25E505475F6906D4149B21F1BD9D9DF7B059F8E0FD83323CB97991FE80EE131A9003B81C491B218B1D42C0C0D593D9D548003839DC29A740298B0C23F0CE14BB167BD61989AEF0B985C8FAC8F923A73F31953989F0F6C96CA6C4D0A9A88184BEDBBBDA3BBADE77CD8E2FFEDEEF46184A86671D7DDC51417477BE9F04804F30
310
5AC82C2D018A21EA903866A0F959FBD4139916D036635EE03DDB7408BCF0627A03027AD314C09B0A27F0A79490D53839D0DAF1416995CAB24101FA63F75029D57A4CBBA9FB4D120ADB17FB5A999FC9420DFE04FA670430B90FE7F589F7FE8D50A4B5F004CE5F07EB4EA007F8AEAE8E8EF7DB3BE2F81F42166C7246FA9E62D0
310
2C8209BA1024414C483498B50229FD923F2414040B2081390AAC353B5283EADA12A30B1080866D746B9ABF5BC107F33C2A015B275480759334B83AB02175EFD0DEC785DFC505E0064F4EBA5A97073A74C5C9FEC97BD25D819E28AEE661FD2732B8BBFB1BF13441B3C1F45E8AC1752BBF80C113DE960E0AC7D9D02C58C80505
310
A19BA0E84B14402601A590A4AE00A825E98C3212342302EE10FC5100681F86834A2804BC409D70270A2091DCE874B16BE0706C974EB3D26EFEDFFCA6C4579AA4DB781708469F055532A7046C6BEB0CF39F3ED2EC4FBCA3D00EA91CA68FD2B87B5C191E0EB2C300F00A1C9881F263571C6CFD83D079D09F176FAD839340CF03
310
0F70458F81F09AEE1329505150CA0A00576B56C06D58070B23086F685E44232D9D53DE3FC3731044F286D19F459351863F749F1104198D6E14BBC68E17CAE70D7AFD958E350BEBBC70C9C4DFBA075240DA27D40AD7DB063A097DD3F041EDB3E4B682A7A12A548F3393DB01945547175879989302521EEB1431B08759B632B1
310
74E0F700E774FCA1BB83F95029ED1A084288C8893520E49415E00DA080AE8027C34206D35491D050A4C6B080F6A20889A2FF82379AB6234F6710C05F9080ADF002B9C9F9C583AB220F45D618D7E7F7547FB27CED8A8B7A7D24EDA4988B0C1C2A1AFB53FDC61BF3DE50D63C560F0120B0372F0839DDDAF13E583B868717C1CB
310
8CC71D1D7F440CC82184803144196EFD58BBE00B7EE77DE8C015942357FB06FC906A5E2B8882CCF9FFE184B0035A5CF186A962A63F84B3AAEE3D5A2C830008807568B6A9F424086D2095A3E262DBF124350082C4B5DF4704A9D2C93553DE47BD6766B69349610716999FA25854F759CA9792599D3837ACF6247CE8597B0F96
310
0FA3EC45B61715050260C5844FCCFEC9666BC71F875B17E3BCB4CB151405D7D08F846B4CB952248B4603CC402B609E90F0044A007FA800EC46D07A51232B00E5683C55D5096E1374DA4FCBBDE2C25A5B8D26008227CA7758033D7D70DF12CAF7F247939F93F1CC63047D63ADA0B7CC8771B234D8095FCDB577B586D1834062
310
035670E204B245EC093FCBE15626C10D210CB38A13F50E10A0D5C0814B0C4B30AA9858516001669002229618F100767AA3D6D2528595FE7A398C2D2300ED0013A0AE60B91644A057327BD3C36BEBF48C91279B45F8BD145494674AFB211A91977CB838DF35DCB3D6D6AA2FB2784B591ED785DFD7DB77747DAC9D2F7674810E
310
FC2895F9ED8007EC7885101679C06F21E4B1C8A6120956F80518D1DAF1717BEBFB5803E20C6F2A11B2E48AFF4AD2810A70054623E341B3D1ACD92DA91150DE631EEB2C28882D092049C0DD38E262A7BD6F98549930C9D44B7C37028AEA9F8C5628A2BEF5704C0DCB2B428181B1BE766F43014498D2E57791E4C8DA6BD2ABF5
310
003F0C40202E2E32EDFB02852D16C30B7F646B98FDF86C7891690043128B0A0DE6B4EA27F08C30CA34C9D0AA0852A5997F8D11A6EE84E040B20472020256F4AFEBBB74E6705A12083B249089218E6452C8E5A69717E904A3F5EF3D5D08EC1F4D4E85086B238CFFC11AB9AE972CB775616C6D1DE04DDF073B4DE3747C41FBAE
310
6072901CAD0237100670C5A00C2C3CE063610ED824826C1F6650700E88C00B62468903A0D71D3A390255AD7040048348C56C4647413C2C2561216E0C469203EF06A5B101AD40D0E207F78B124747DB5B4BBB4E88B1C373C114E0470B345156EDDBCE1B4DBDF81DBC400746B0B54E05F693707B89A5E430982C2AC7D10DFF11
310
D5B102B9505034B35D07E8E5F585757F088B390F2D4C85CF7218E8418BB4F25B885053D07D5A908326809F31D6CC6B77CC948413B28664484439D118DBAC27DB5AC40C1AD166F25E6A2F0AE82100C0BF220405323E1FF80DFC518CACA8DE1003F3C9FAE9C7B2D60703A0004F8EAEAD2DE0F5485452D15B77B4B67F4C2403B8
310
D8F9C533558ADE058A9E177A1698F75DC0EB4C800F74C0270178C8579C1FACD025F0560844502D2BBC01E620030CB93636C1041636A693949CD80139FD15BE107F905590A292840F8860706D07E2970A2F15E5B13B87C3143CB2930374CC46A6F9B9D7A5CCCC14E11B9E879A49FBE27ADBD6DA82410FBB94FAA8487D61B51F
310
4BE0A03FD08743C31020D6628ED20305A22C2C2FAFA7ED1E7881C438AA5B9035F20759E243C51F34D0D5F02F11403B9E204CC1686C0B6C9000470561519CBE1B0E4FBEAB37A39EE4B84C05F023858779341991F36D9D9F351E7BB3B5ADF00148D9D05784F9AD8B037D48C01BFA83D4247F03BB768BEEF973A14E610090D4B9
310
6B1EEC5C5E66928F28EBEB6CF578B067DD83086081579848E60DFC7684044D8174993C39F886043481F6A2B743B18749E52447CD4D230513032D20D20206E536E15BCF7B7D211634F98FF9986287F33F9A94615A5A0A7CACF8DF5DCC1AC6EF9AF1945EB78E0A2FED1DA2ACC00EF983F9A012260BD722EF61C9DBCDD8719703
310
ECF839029010CA0B9F100B1D2842153E01A1A3837AB579516A31982FD2908A09100DAE591016CBCD4B011A2F4DE299E1338CE065DC4841BF9895D8C81714800CD08F5AD39601BC929B55D291F6CDCEF2AB40DD5D98F4E6F107C47AEE4A09A079C05316F479DAF4C2BAB83221BCC0CE23FE3D3D4C7BC9AB673D89A3677D6020
310
F6E182332028012FA0FBE0B2668FB85485902A8E7FA0BA2105C213E20BC2169211A4BABA7D693C3F1DA961F203694853137073AD5CD25F1C017DE0477626D7BA55B88F83B5EE513C41D814639FD1BF759171F4577D3CAB0C3DFF68B2D3B1F8478C18F67BEBB2598FA76A4545E9E961BACF657E0791D2373030E0EC9FAEDD17
310
BEA7703A738185D08236C407448A4CB504CBF01FF43859D3115488EA01B55078000DF085911805790DE1B41B6F8CB2889C3834FE02AFE07D85143C6C008438A944EA63E047023A7EF37E13B0903AFEA7BBAB9579330FAFDAACD540022980B65A75FBA17D388F1E6576405CCE7032D95BDA420E7DC0EFA320879E5F8B3B04C1
310
D2D9C1114210C19FCC49DC6A855E12010184DB8968109ED016E4683CD552A36B3AFA13BFC2114068935A7E774CD2C7225642B73325938052D8634ABC18DC9442BF9E0402E85B42F9F3273672DA8E8F1070405D1DC3248487574CD98092B8B956E6AFE1566530B78FAE05B4A0DE51FBAF85DD075C7E11939F80E015A58D1F87
310
E400CFFD2306C4D1D3C634380A201545A92BE01F445800BE12302AB477BD6F62600D211232EB061448A0D2B877BB940D63D059C37E0569A83DE93E214F4BD86209FF6F479C640AFF8AF6D1BFD987D029A94DB7C329B4184D4BB013BF912FB88FEEF913071A8D82B651BC10DB067A7EC52FE1B421883144C00F64FA23A11CF7
310
08BF16CA59F18D4C04B8085964B2D8DA4A855187000BE440BC816FFB13374640B0EB1D0998AF38A1AEF503F14302E2811081FC12EA6CD38A63B33035125F40F170C0B0AA45E9FCA38FC6D688D48563B5C4B4B7C359D3C7AE0EFB16ACD5E2FAA47EF8307044B4EBE1C71E84E742D81431FB06B90B600B9C239E277A57C94C42
310
7EE10E7826980C0136600D916A06058CBE8604DB4D314FBC014EDAACD0820F14BF75449B70339490FE5A0491221BF95F949DF1235380E969AABDBE2D32EB4403D3FDF17F42F9A0A7C28ED75BE86BDB7C7EC80C76F86B8800F77B305EB88F00A4352E0F8089EF811EA02A3DF08F7DA008F803BE4B4EF5F41E56087099E92070
310
8C3D720916444440FDFA013D4E1201414123A09290F5BD7AB729298209C4306D007BB0829FD4EC3A6D7E4F00B67DF38CA0764F832F0448E58439B952CB4F70DF964AFA74CCFDBABBDF273E2FF4F56D3DBFF2A78D42FFF2755DF307066497F44062AADFC0CC546F6DCCFECECFA232E14F408F05477D311B683A35BC245FCF8A
310
5CD2AF20022C21022266905A5BCC8B20235D6FF04019CC04058AC80023662E25F342063165956320BE50370F2A657BACC817DDA3DDD3EFE04028645780A768FE38DBA88BF2EF3ADADFC7FEACA952E5A77568ECF0C971DF32BF1D24F8486B22A649EC81B1B60315CBEFC026091CA45F858D7D04C1B437079431E63E38F88075
310
8842E780A9E03791C0FAAFE10012588C3C592FE35461A6047802BA18686887023A422A49599399893103942CF6DA53A8E387825FA0678B261F139F801E2B17C901D0F5217E07AC2401A87D0480F753FBED44FE949C93A1D042B879FCE499B3D861AEB23F9C1F372F0C24D0B7D6E70FE1AAF60F84BAE642D82F0A9F53E22783
310
915518494FDBC0AFAE7DA282E5050B703570E06319A015E00D693A6BEFFAE493941C3B08C13B96BD20D0115A9565701DC58568A3009DA13E965765C03091F0FF339F7309D44F6E61F837F1B1FF920450EB8FC48F9B40158BE89C81A597CFB0DAF5F5755D3886DC13D4479599B583758CBF35663AA234F133F91D3BCCFCE0A7
310
94367F385C59B19431780F1C099131384056616E15A1563B50021D369C593FB292685A68A8B2A50A0A2085CF05434617E05FC24A6B077B990014421A68401AC4D65788EE25F737EB780D08A6E38F060F2ABD889E1B889C44852C2FF368C1E3E710D73B6589EA83F7417B341ADA1F639A23D15298F087AD0326410E116C3A1B
310
325218433C71AE62C07C1480F1C045629724A076A4BB8D622D24690486727F56108D07046DAB065000678E04C4F8C342DE27F4AC102D854F2D08D59B4ED0E4F697B0FF62F113646BC5B7F3131D4EA8BF8B265EA3F2026E7061B96F6DF3D993276B2180B8E57067587428579460551049049B074CF8B1066C7E14C705F0B392
310
98C0997C17F701097023BAC31081390196801FB0C2A12380042927503D5A01CA127F9841B460310639C674BC8CDF1A320501448E0068905B07F6E5602F8C1F07786253438CEC51AE61FDB25FF71B09893AC026A9EAE3F30F369F5D5EAEA5801FBAD3C98B38C13EE017B054F81A56F05259DBDA64FE270B1FC4C77200FE276F
310
E814B916E222575ED717A62A92956504605268408CFE13FD61F84252228376060206802B9550F00B9D47E6AF1022538A752CF4FFF1F5931384A9FF8700EDD4FFA2B93FCBFABB3EA6C607FF714B0B8B04EBBE83B52B246092AB018C0D0002FC490849F1E214AE6FC42009D6D86616C835B65DB9862EFC4480C14137603C3089
310
D0A5588FA27E693DD184131BA4E88C35045ACEF1CDE1A82323C20B842F2419604821196EE8185BC834AD44F8E9B7549A32900196E9ECBBE20FFB4706861AACADBBFD9B56A23FFD3AB8BFACC18B1B5AC0ECD7B6AE2E2E9CCD2BE8AF1B1BC3A813B94107E82DE67A42E7CC7D4A6116700B5B2EE3C338A09B840F07C40A64800D
310
7C605AC42B72227C4C7020AB1F20056E26F542717F56534261DE3766AC10A6ED2D006DD03BA9DBA507AE0510A8B385C92363B9154167F1230C40D76AF6F3BE0CA08F8BA2FFBBCEFB09D0986550E0F0EAE2F2780CDF850CB0F88CFC2815FE87BD83909F474F45DD47F1C821DB2107A8817FD45384F57891B65F2543D0C1E20A
310
89B4A8DF806862AC27C60F6A054627FD344250718AC0FA21CDC4E28DBF2650D1B39D8B8A420C348A4F846E2BE824BF8C45E1DB8EEB52F576F47A75FF95F90FCE0FD3A7A08D48D5B9AFBE3EA658E1676FE3372FB57F0AD8D70ED4AEBA3D4C2BE0AAF1C3AD63A6004D12900CFC481A47430C9EACB390038642C8C41B13303166
310
614210592736B8603AD4FAB17189DBB32F3915F0C380795A089A15228460BDE8E52203527D41B5470901B088D84FF8B3FE2BA7F4FD30ACAB3DE0B7E2FF95807AB0010FFDE3A048F7360F9F3FB9380EE537F16F8673131325D3351A3F664022020811A0FE8C019CA17370725CBFF64132025DA1BE2555102212E80A907FB43E
310
D80A991A8AAC183932C19AE17524B06590B6AD286EB99BAD18FF4BD64BAB519202F992A963648ED30E7521F909F090C0213E367A77D8836BEB6F34D92EDA624183070248351F1A079E5D3E7A9EE81F2CE6678F92E299EE312B6C0572C0A7B5EEE07853612403813152C7125E2022A20C18F855DBAFA399817FC97FB6E1CDCA
310
31D348434ACD0012F0D32A5456B4007E6E92D72B1A4E9971223A42C1042819E4049C0C5801300C0013FA48F8944FBAE71DAFC27F1826FA2304ECDF3F6C10FF47D5C7E49748DDD687DE8E91C09394EE0682A4F84CFD6067EEDF43E67EA46CB2F4070160439245F00343D03BF25D7E2F26FC400A896DBF19FB8D4D0A66DA669C
310
3D608F9CD048A0533621B25690EE19D5D15248E390F042B12C682511B02BFE3E5700E4C9A9B2107A8F45248FA48234FD23005ED1F4EFE80D1320836F04003BF42856D478D1DCA3ABEEE3C68F9F30C3A16E5C238EA5DE3FF37DACC2F8B7980033F47FAC34421EF0418A045394802CE032D61C70023D788136788613887C0011
310
A4EA316E005718AE191F8D0D841B9C679CD2FC478442D005429166F5A24403B1E6ACF3298F388B6D0BA933D92339D48969A5C11F09B4FF017A9900A4F887010C474717E10F36468032FF33F4AD610517777104CD920C3CD15FC5F3B3A0C75BBCA3B00F2724863C10BCD4A0E00736C7981F2F72E4B001438B99714FCFAF713A
310
2603BC710376A1715FC602022202E06FDEBBC680A3DF1C4C095A12C50B554FE7623B50374FB2129DDEA4C392C9188077658C87F55FF92FFA507FF03FC8DFD3F31BDAB46DD51AEB03F7E1B38B8B87CFF47EA1479C3EBAD5C6B382C221C0F1B358B39D76D9D3142C4A20935F541E492E0EF081BA41B3620A8E172B584EA14856
310
32E22A8221CEDAC6110AFA4B6D43E2B76A18AB240BB24337721C9321D2C033B2D3E2641A55A400A28403C12D1DADE39AD23FC5FC08C47A64DC3FF6DFF76B5235124022D7E6D6D5F3CB870F9F31C96FE477FAFE54100068A3A87FA5908A2C08011CF31309C10025B089FEF9C510522B8DC07C30AA469841723A10C08E27F00F
310
7FBC181C083F2809EC3B2B328E294AEAD5A071B3A95C81D2DE3F930372D022C9C793535B92FDAD5426E90490C3C81D000017C6494441544698C416520C1C40C71FC204B22448FD9303782FBA67089A1A7D4CE38E89050FEF5F1E078A4DCCFADA058032C34C1CBC2E1202B1F8962B1A8024F0EB7A11F209E96FB369D4B64202
310
FE7BA230AD24C46413536EAE955B341B726C593B5D4630C0BE822480908522B0D85430230352618DCD4F7BA6D568BF4343801480006658EA3EDCBFFA9702B4FDE9022163C43F9B72B58001A23FCE6F0B3FF0E4E1DDFB9801A6FC42FD0132CC1F2224F89933107AD30B6C9131A53818AE944BE25A70810821C38F098411980E
310
46D108F483DC63F49B91B852351604091D60546702F58A3872A1716411B642C7629C267E64E77719F46B0548FD6BFFFC86A38DBFADFCDF700228C124C8664FAA02BFB1F92B09800876FCE4F2D1C3FB4FD0A44E0106A8DB8079751CBF0BD9340066C3D52BC64706467C05B5A54401BE4A1B0132A55EAC1CCCB10D378A3DFEB9
310
812022327745EF2102886A9142C812A1A2C9708027BB55B7006357459F9C2080E0BC34489FC629510F3017B62D5073E2A2C64048A0A42580E413BA9E08274091A398EA80B5BF31C87BF5ECF8F1C5DDFB4F22AAC181F070AAFDDAE5650C4000516440D8806786D874215149E69ABEC43FF0EFC820FEA112B0522003C84BE03F
310
B76623513B6D840820358B084119B0CEC8C00AE888826339A54091F5FCA513AFE147975BB1A86FC50618D9D74502F0C7C8815AA306602FEE3A5E79E0D7DED1B221001118B73182CD439A092FF801105D1AA14E1918EC282F6260869D55108065988BD67F68E5581720A708051F7C8070F582389C682BE53F2AFD85853F2A01
310
3D21564028E06E79B7A71E43212180A81541EBC88F451E02385100491AB0C4A3BC5309A95911E66D04C0B448366988ECD204C2FC930F8CEE8FA410EE4C25B58DD1B6EBAD83F6196670F7DE635282C0A56A851AB035831725F0471A10FE52097089C80495804100318405F0DFC2136004B4C40705EC9154315129205EC35793
310
0035688F61AC02188250CFA9A980233925F16A117A48CA54DAB6400221976B75D863330942E20EE3B00B08FBB71AA813B0E502FD2B023DF70114E0D7DF2E2EEEDE7B789504200112075478F2FBD6897835C91F0C20782401E801A2F9142700B74805703426023A81CC0BE88B537D0003E0C5181D29EB8D83050964DD258091
310
0A1E7A8138F76253DC01DC2F3824391AD748276C0B0CDF12366625D038603D0003E0266CB42704C8CE7FA7F11B4D59C0BF454A78F8FCF1E50513715D469607031272358F04E0003C90107223A581218F10008B10247CD20D860FF0BF48801040B361808148714764028EAC137E871501EFDD97C89B52107FF1235B0928C562
310
530082573CE137840EFEF82A0BDC602736C595912FBEC69E6A3A26903B3A300C5A098A9E3F1810CDFFBA019D97B4E7A7A075850F2E92569BD960CA7B8304995FD006FC4213BB1448A6F4BFBB3A9F9FC4962D0A1369129B10073771FEDA38B1737B663A71C088D8848027FC3008DAC4E4397A6F76271DFFFCF77D6BD7F1F67D
310
A51E0E08875A6BAFBD6BD7AE52CC04A0B4A2206F650EC412841A48258258E8662C3838FBE21E25172C2A15A4F78D82DCF68A005DCF07047C183E1CE47731BBCCB5469D9169E0D588945BEB637E87802A03D88FB82486210D28FB3B858D13DC7CE75F5E6F3B03C1744D30CC58C7C7A256146853A05243060B850072A7010CA4
310
7CFBF9A1E24F414037B8781E8E9F219A774B36481CB43E48A79819D638C8760D672FAC19FB9D3FC5EA9158DBD0159C27860409682E8FF2595652FE189D2CC2D7C023E944158355806FC320087CC74116030CC376C559C098B93A041C5DDA48AF33827D2327DC761D19C17CC62780D82A170E6CE7415A5E7FE825E053048F88
310
D2AC2A561CA4D4C60098DA28EF1A01382772484698F60C8DD24BF396EA76260542810A625978C03580A9CAB91D10249BE579B0377A3DD15749A45F24C4D81FF3D7D7996F6A1690288008C0FF6CC186DA9D5FC95BB09B1301004B016E707FDFED306A1BE8FA208828F00BF342186839839F1F6FA338DC5A0200FF383DE92614
310
C03A4508DA18F4D85F9354F7E867AA77A42FF49BBE6757A1A7454448D0BFC3C220714FE43A3D8F1547BE10F0BC5A05985AC3C28829A06FE24CD062700601F4AF12AF99099B08E7071DC4626A97C920C3FF96E190C9D1FD7CB6163E800D79E5F3F10A9306C02B799E80F1AB380E0571A584C0370A220C3125000B500900D96F
310
EA40409F980E2083E4EDF4D8D2480AE5667222E020BCDAD4EF19682120818FE18EC7FD6AAD67C03F7DF1955E697456F517AC4F24700C30171C67E9168B109A4F60AFA60F98BE30941BF776DBC7C70792A2FBE98AAA97224F8BEA39B47BFD14A8CD03320DA2B676E3AA397E652E30A42CE2987B7DA1EF7F75242413800A04C0
310
270C62A13372400B435ACD84B8B5009208F5AC73EB149FFF3508E21C2201E0338BE07E50EB47E7FF6D97724A601028C5519073E7978EC88834410450E074DD58AD13A4900103A6444A9CB99103229F0EF8C0C78161EBC68137240734CDCFC349807851E0EB46CE864D2E405ED341B71A390CF2DE20CF5193189E1901E866D0
310
230409684B193D17E2928534D04240937D3C84477494FC5E0FE0B448E35AFC19007926C1C6A6E622FDB8A12E30993C6710E070397C4B26304C0AE38218D19F01FFB15BAE1C0E7E74DF75F2406E373C414E848FF8E500EFAF3C1029C9C0ADAB2313A7426CA9B2C1B9E30032C84EF31A09A88A386F136E8C2F1D582EA0459207
310
015F10F1F001F0B1B7DF7222011EA2001F00BFD36BAEE0850928B08C077030FE3806C880EAA74BCE0863A952812E6008B3A89199C1EE918AF96AF583F1A073B0A355B9D861AF1460DCFB3BFC6B7EFDC834B09700CBED3510E48DC7129041C991F06BA5006CA6B5B34EE21501374E8DFC910042036111EC9C7CFA1C05D48A72
310
70F7F835BF04A4194DA4CF76CEC66718C84CD020D04C412AC848F03E3C61A1C8D50D0EA6838A00376054D3DF61A0E393E1F8B058A6C994093476D601A4A06F0CFD3C0A6BFA910E75CC10400A80FDA93AC9B5EA4303F6C0D188B559086091CC5910137772E14F2376D03181B5CFE74C0EA38440D0AC256D6C4D104CE05302FC
310
C00B60B9CD4D71E08BD40C144A025E60D4C1F45FE846A2105D717EEA84808A5DD90A168E133640311CF05DD870768683F5D2F1800F485AEBE5CABD8FFA3C0BEB33702493AEB551B1EB035EF5C8E5757FA7832141F88E8578A363802B560007AF93D7D470B478C4D00B412D634C9140C4F9275C00DCE8DFE3C7F8C0AFBC5B2C
310
E82E3C3BDF393D4375D50C43CD1C17E3777CD2C170725B7B42B41DF15BFC344DAD089C1E9118522B4A2C60B794E4E8F33081BB7C8CFCEEA0B2015E49D586429C6C78646180B7710E06018A3082243C275F077FBE412C17DE80D3E6B9462C5204C5D980D1DF84A864401C483CD01B143F4A4868087A0F780F37230200A4FBF6
310
AED325114C367C22512750A5C7C3E32D545CE20A0904183BA10015DCAD89864B3E1EE97EBAE8B204266A48E010511838E2FE413FB116E60880C2D8440AC3880DDA6DF6618C138CF1CB2A09637E18D00F80CB0DC05322E31EADB8081C29410903F06BFCDF5AB46024E4A75828056440503C707856EF0C037623DD4922A400E8
310
A6BD75E4D2800905F18450A00CEE88860C8964C7B3F90F56528BA18F71CFBBBCD2D05797E168FC37DB26DBE0DD2EAEF39686C18440820013C1444055402A541400DD362A0A402F1FE51246404E098249FEE30708C10CA0B54601053159480C00BAA9B1223A773234FE72FD5C3BD81804D8D196FE3D5315A0C981D88D04FA01
310
DFC185CA93F9120E1F480B08063364A0A318F08DF95056E4C91F1150D31B011200383502E079EE43CC18603AE2F88FD139C802A739F208E88D06DC78267C448C27C4113C19B0F51B0E9C1C021CF8F9167C6B1F2E10E461002910105D1042792D1CA303F469714C018C23D72179E165049C40E801CB96CF334562E5807291D1
310
E0C70FE6CAD91656715F0E5C5E70F8D7F83290549B1BAA6F781D25180EBCA93EC84E72A74081CE3020789B3790E1A9E478E658C099BECFF01E530E80EC5FE31204ACFF70AF8177A03059240CD074978A002A878BF883FEEC81DD684E406CA630ACFDE87292822A11953710F000885D6F68A67ED40CD772B0828359B753F7CE
310
23D9479AB9845771B389D6A77130F8C134EFC83947392029B10E4425440A84AF0E54825228FC1634D369874739C837A9DDC83C20D320C36042610ECDFA750303710224D01202488012CA847424F8D53F78AB6BECE9B3B35A7F32396AC6B7444566327DBB4DF06FD9616744F4D3A397EB3B0A3FBA8D763702883ED742FE5CD2
310
4146D8E353ACCF811C806AE09914D8446E93840FF4D6C963FF32BFB6AB015D1D3B0C9A0968776F021F21404B6260CF84A14F35180CE20B5E85BDA2EC91FD5A7DBA7E5705F4F0F97AF26CE18E3BA078138202400A62930FA6CC7882F911A92F33E547E64990B0F27323D73B6222863F86425153FA8009361C675554C25382CE
310
148420C8DCC47A20122806CA178A0918C14CBD33440289078A00EC6070184CA9907FD0A1270478E0B325B67C2193694EDB7DD0F3C238447C8A11485562FB4902134E6AC952FD5320A4F7C780882DA9684285CD81D278C0E8FF8DEC9F45D22DC3C2CA99C2728110888799575B6834BF22B0F01EDE72D7F21B672C40F0A97299
310
9E2200B7C91403F9BB3D09C01990819238CBAE5E7510D7D57450507E3DB04AAA0A3C280064E0775380C8C16EEA4834346A04BF0CE847B4B3AF760D06D24BBB267C32E2C9257DE5EB748AD101AF1FD33265E2B674EED8C01A0AC901392211011AC810560F77778E85B13BAFE3E25C95B70919A4862C15928BD8989664AD8638
310
101D009A80F00BDC41AF27602A4BDA0C077E550048E7F1011410F01405045E1C140B4D0E70E0F6E034171C3D6FD12004FCC1FA304312518910356628A4A326EC9ADF5DFFD1B2C0399503F14B4F8E3E0E4E39A06ABCB56A8014687E86E462BDDE5124615ECDB412B7314F62E6E0C76ADEC0F717B360E741960104CF1706CFA1
310
8E0605004B01AE007869B095ED92144A807841EFF2811C047889A04901C809062057192688C92346F97F279449F89B113500BAD282D1DA80A55C27EFFE02C8D4F395003F285B617BBF0831F49B055342DDDD414378E8888E92C16789F269A27C9A221FAA4A0DFDDB9F935B2ECC04DC51481558A69301E0460B02665AC4DD30
310
C03D480866C3409400051811876014C0F294C542821AB045011A3E3F09001FF304E3A0BED05CC11A811B865001769507FC01ADC611F400CF68C7B093606E30F3C7E0F00C1D10C31951C1E2D7252181DA00345842A19130715C736EC9ECE686A712FDB31E4D3E50AB336E5666D7B212C0113C4A4406029709B43D0228F3FBAF
310
49921B19CA0C82A2D5BC4A2079809240F37D3E10F9637607C3983F0458508A98B8B4EFC92AC13530180CF55359500080061DF59B98BB3FEACEE881DC8127F182A885A86FB12B43C590A4380504E32305E3148BBEEB2D2782029765428092545BA5C2C681FC5F8E869C0EE1034A822FF09A12C94084505AA868080303473F81
310
61F7AA0A6610745E280BE4427FB770106F8800EADABA19F453210435BDB2348471B13B65F2FCB554827632C4C44467333E4127095D22092ED492009930413251B5408345065065E415266E20279A40B3F520370BE2050C8360E6BB4601C1673B9BFE007EF5200B6483CD195400A783E6DEA0653515B0FCE8E86D1618FC1EFC
310
15C2E727F24F2A2DAB57326D8D0877D4E298894E7A0C3C7D9CE8A0E2D17AA2020FA1097D6372F2A9F955060FDD467AD0426368C24A8340FD0D6687A76316DEF5179ED9042005A2BF02A5DD810A4DEFA4A8F700EFC50FF4FB8C06410F0303C106ADF8852ACC6A2CA9046E9ED070739339857222CC009E206479886EA26227BF
310
7A341A15C351A8404A6C10080A2140FA4B4E8D9B9A11645899332363FD69887F436A660566964250FD752E787B64BCF8E6C8190DF8EA0C854C062D8A5A1346F810414313E606ECA0AC3A01D6928544029D5F42E202C0CB386F880F7842A31287061F32F3CBE09F2950783394F2F2B23D85386C6F51943E99DD10C8A0000BA9
310
569A14805693274BD0E4F4DC3F28E331EEA91C4F33ABE057889BFB92819187840A08E57A276A8BFCB75B0342668C70C565C8059996D209C2800941A21FB82B2F520BC2E6FE6F1A8827043DE17000DACC8193E78BBB8DF1467978C06F6AFE986123E3A95272CAC122046F4C65C4B88FED2F1CD1D918F7CDBF8903BF1A90057D
310
42F4DC133AF804ACBB58446A0DB78806FC053FA1E45D0AF1112613CC0DD976C5E70AD3282F42725C0D02AC8588DE451B1C01ABF063E7748A3882F0DD484BB78D037F9812240EB88B6034C0AD53E5116D4C6D920C6A89F084E6D0598AD7EB6930CC7B293E27A666E5CDFE9A3FA52FEB3C97976FDAAE9A60008FCA6B33099CF9
310
880D35D419FC687D424378E3099441E110C5B3C6DC311E6653514A67A530D863326C4D8430E0C28024803B5B069B0E60C10EDB6DF087034171DF01F1F3404B27B1056D8C0E56E7CA6056E7798147BE4C2F01CED5987E413AC6A724876DE3F599E0601CE7B9CEF3BEB3671E12DCE8AF9631B8031D3F360B6955DC2342B2A0E4
310
632A00264C0DA002220CFEC3E10D9BADC8904D88DC51928593AA16C91DF6FFF82B3234404C7214D0F8608E0052283EFB2B0563F1D072936C4017706010BCF1B16CDE0C1FA9C777E44E1F5259B0C9BBC8794A82A6C182A3AF56B16921405351FDDC91B5BAAA617860E8D76C97C377FE701A4EB4378FA97C2C8E3CC8950886C6
310
FD93AF70A1F5F676B7ED16CBC56AF5D09110EEB8607CC08A795882358280DDB98AFFE7087C6EB593D62F041CDB4018935238E73F1098100D0C8769818F777057F64C703C6530E142FDF5C837AE1CF66C94C4887D3A3726AB990DEA248F73B5D32C8E04F6714B1E67C53FC52040252E605B322407CBF8C7F05453462A295ABF
310
4D95592DDD76AC23512E9A2DF964715C80DD752CA8E263AC36F02C3C28A133EB22AC8D099BDEFDE28C3E8FFEE3815D5D00C17C00511058354D62443C1A546280E43572A9C661A34FA5891F8E7570608C8DF21DF51DF9D2A84D4501F41B8CD4F4C9DEB2F901E810C0E4CEB6EC08DFB06341C864CF8D0EEE779A606545E1E64A
310
AF30A4324C20FDD3BD558BD966BA994FA915CD162B1978642AD01694E533EC190368A68234657085B5F88E27A0805E04B8BB6A00A51646EE3C10A50FF007FF410F1963CA69BE2002F0F902E701AEC995FD41F83A3F0C3809A3288A083003A6CC2A20E6D703EE48E3777AC07ADD51EB6101603A9FCF17B3D5928F6D742EE7E4
310
CF38AE2B03C5FB39C81D7B2978FAFE85AF3D2710B0582C970F0FEB0E4D1103B8BE2B4D560CA10002FC8F334C891C07B44FE06B2E3ACE5E1E2D1FC32203110ABF9CA0E8381F68EC3C06701328E5A38278A5FCD944CEA5283DA933DF2A2448BD23F1C5D8BE04CC2DC3B43B3EEC29F8B5FF926D11D3E97EBF7FA1BD1E5E5F5FE6
310
D3D972F548547783146ECD84873F377C5820F7F9FCE5E07378D6CBCB7E036DF7F7104079A05B77C6942D1BA95D47424BFC3DB6411009A42E207871B7EE9B06614BBD20F22F7523FB985F3F7068E37600273A3ED0C1CCC380F6EC4AF01CC1CF95E4848B7BF950AD14C44F10460221E02D21D01DAE800F323704C00035DFE97C
310
B37F797D3D1C0E4FBF35EE1E5E9E0E879FBF3DF6F474780A01FB3DAF01FE0C0798218007C2090A3008BA7682A338F4A8804A06CBFE6A80CEC766F49853F15B2F45FCEA3F8250012841315016E75E797EFEEC4ACA6C79F515CF1738F7C36E2406071051043817C9E8C5888D49D0332E800062FF54FA562BF7446CC0BFDFBF86
310
03D1FEFCC9F7FFB5A7F000430755C2D3F72F2D02A022820897ABDD44594475BDCCA4A10AF34C06B08B4AB58BBFAE30999DC66C7CE903A83CF8EB006EEEAA063430F84B05F0ECF644825F5E95073870E72A0771AB89B080022A0C5A9FAF34C89286257FB7BEA000EC65B59750C68E0815B0D9834B15606328F80709DE09018A
310
C2A7817F83F96DB3D562C10A0A31300230CD4200B87F85808BAF64D04600254047F9C14DE93464009E7F5AABB4FDD6D55142A2C0BF1541FCE19C20C899BF4F76AB54B84CB97F88F48ECC029FD253F0C70DF4816B9AC94BCBD653B1A283C4001A0337955E4AFED3FB790B6B1F5EA0B5514074103A38D84280EE0F5F9BE974EA
310
B2D16AB1EA969684B6E4166CA28264B300474C7308D20013B204A65F82970718D05678B3315D442E1C0A327E2F56556040C005D2FAB1326A68A07507C9E46A3648555A7080F5F50219A00E6222E3E0862CE95B5680930530742F1D041805E69B788161F015944D041182B861A2C17F3AF01CF5BFDF6C343F9171F5B004BF59
310
C016719164B888EA206A02AD05E8464D06B48E4381A0E9345FD171625AC22198F57C003BEA5510F81FF78D31C9B033D0030000000049454E44AE426082504B0304140006080800F1489A5951464CB48900000043010000360000006662782F32413146414335332D383437372D344533362D414230442D4643394246373439
310
343937342F6469726563746F72792E786D6C9D8F310EC2300C45AF127987122606C71DD918B841D4B851A43646695A717C52A85029031293A5A76FBF6FACEF7DA7264E43906840EF0FA03836E242F406C6DCEE4EA06AC22492573150D1F66C60C640E8938CB705396EEDD86DE9B5042FE27813D640EA63BB001C722AF6E55C
310
B61E4863F58284D5D3F53DD715CE1C3985E63FD7F1B7EBDD617E9F1E504B0304140006080800F1489A5954B06D2C45070000541C0000340000006662782F32413146414335332D383437372D344533362D414230442D4643394246373439343937342F6F626A656374732E786D6CDD59596FDB3810FE2B84F665F74192E52B
310
76E1B8F051074691B6A8D1C5BE09B44C3BDC5007282971F6D7EF90226551916DA507B0D804881D8A1CCE7C738F26EF8F21434F84A7348E6E2DCFE958884441BCA3D1E1D6CAB3BD3DB2D0FB299AF038CE2AFB2C14E190DC5A62D99A4E0E3CCE13B5B4237B9CB3FAEA6AFE174A0312110B050CA7E9AD95060F24C40ECEB37847
310
D247678733EC1CF647C7738A8D26D903C7C943EDAA04731265C02AAC47404571E099FF8248EE74E28A0DC6B65EBB6DDD0BDB5C29B8C9288DD20C47C12BAE6AD775CF7055BBAEE7F5971FBA83B13DE8F77B767FD8F5ECF96ABEB4BD9B5E67315C2CC6B30F630B4D27DB3866A5021212ED408B2FD6D49BB8E24929BE42A189EF
310
208E221228349B36EC88A24B495AC7C400D693A2551452C85A59E8B514FECCB656A0182C19686BE1F467D57AE3EDDF0042DAC64A794A8495A719075D2BEC0B7FE84CDC62D5D00B4D518833C2296688D12DC71C14045B0B05196484B70852486026B5A8E9557905C3BEEE4B4D5CEE73C684FF5A53E9693EF823C952C919FD87
310
F013F7D5DB80279036A7513652C2662F0990184F5CB9583CEB75D5C30248B467F800D602628A4DBD6E0DAF858805EBA535FDB8DA1E37223E345F9EF038213C1396279D59F99DD660C5B4C0F85A8052E06AEAEE84CA5780FE13205FF28226A0394E8FFD635FCBCE7194EE631E82765007D91DF8D341E2EBAB6F13B73C3C45C8
310
8895E73005B7FD49981A62187757209D4E9EC0E863DE53C26D02CCC0A6EF6924FC1C0C05B1189620DEEFB7476BBA86600A8B700A33901E7E27AEF88AE0A3A003F1A6A6A1A6F0DB4251DA61EA7E76D2D51DD80CA741A92A43C673F80E7E0ABEB3E5E6E326E77B1C907BE5D84BB2A711CD2099363364806EB8FCB7F527E99177
310
2CDE62763A6D6C0AE09A432CE246835A364A2D48EA05381169B8D08C5CB9A7E0ED8CE188C479AAD69BE25410B398FBDB17BF70E1C6BBFED436505CA60CA0319641720F384D0426D65469AB0C844E4550B030CC95051E0AADFADB3C4C7C1CC6792442ED6B53ACF301714658225095D4B4616BAFD5647774BFCF53085E8D2417
310
0690CA9F35E1C2C2FB10C79AF8E564CF3124D138F229E4607096C61B8C0B4AF02EF39C12B6F7296379E8EF29833CE287383943BFA504D5CCF5485E9E63BE6B24685A96F6496D43027005AC064967AB22E62B9D72F244459929F399CE06C60E55875AD3FE997421324503A0DA18A599775783F97C365FD8A3D16261F7E73733
310
7BBE1C2EEDA5375A2C57CBE568DE39598944E014ADAAF90E5429CA1CC3FFB2873CDC4698327820C4C6BBE4DD7B993D6F5D088D6E77E6AD668B41CF1EF56F6EECFE87DED09ECD3B4B7BB518CF5737FD717F7CD3773949E39C072475BB6EC7D7269944873A7AD763289435D7939DD6575D98FF710CADE7044389FFD5205A5A65
310
4341D836888AA3F5108A834791A2FC00AABE46F7A905D13A1F4D71EE8D71B9E3F43AF2C7F3C6DDCEB83B1A0F062DC39EBCE987235D930C01749E79E6C7090E68D69C526BC8B464F94DD9C5E97983021BFDB7DB458057EBD592A9CB994931E5D3101F88BFC7A2AF6808A5D7246ECC7A0716A7298D482AFBC257F5628D66C781
310
F2CBCCD20D664B533F2419FE1E8B958D46CD0B209A331F3AD84CCC10AED611A50BA89EE51C45D12F43AA97F2BFF8290E1356F4C6D730F0BA1A02DD153559A8605A5CF104F6E9E3CCEFEC881C755CA35EB2AF2B8A46ADD5A98FBF9BFC19787425F40BE1D157B42FB69C8137163F230843C381D71BDE94AAB88696BE2C13BD1F
310
CBA15B0D5EFC67420F0FAD8AD3765AA9947945219E91105A5F9CE5BC95C70E219A68DBD202A9C8507389CA4D6F2C2865CFA7BB3EB84C367DE74AE2CA3550BBD2086663AD04792545A3114B5DC839A01877BDC1B3353657A9FE70C4FCE55576D5FD423930BA8E0354D8450856F1C7A8C31B2B75A3864A9F71164028DDC84F7B
310
0E1EB123BB533367906B2AEB756D7BADE25E8B901AC294178B487B2FBEB0AF18540D1D77EADE15859E5BACAF456A7360A07DE2C360DAA4F5F96E53A3022BAD4F7F111891E71A05B5BA101DF40552DFD6A739418D8292E8DBFAC2F1FF4417A2155819BDC104398D1985413ED9A10389217FC3A8A24587C24392CABC0CC6AB82
310
947E8BD0E2F4533187CDF096E9D3C10386613653FD5B1EC0201572E6ADA5D6D16F303A15D34B39D0721EA1755331CC4239A7B716586C46A14373B6300293034749BD36E204C7C6D14164FCE254F9FFE9984007A2D249AE724F1B5C9464863341299CC8770B50F7150FA693EF175DB38370065FB779560A735A3849A340D02F
310
110AE16052F8A8E03D424971592ECF917B0C485A4DF32FDA4141D5CE303FC8917C05EFD9F28B2BA6E9EBCF2861F941A8F352C76C50B245A7CEF262723501C35062265854918B77EE171EC36BA910AD281801FAFD381AFEE12EE2308CA362C99DA9975B68F300AFAA76AE1E1342EBDFE97AAE9C1CA85701FE16A7C4C1BBF411
310
1640B59C8A796A01B161006534AD1880D688D0051C33F6AF9748554795A94A35EC0A78E47B00048E24DEFF08B7A96EA80C2DC117802BF9F0F4452F4C5C0E83F3E9BF504B0304140006080800F1489A59E17F3257E1000000550100003C0000006662782F32413146414335332D383437372D344533362D414230442D464339
310
4246373439343937342F7265736F75726365732F322F636E782E786D6C4D904B6E03211044AF8290B21C60267F8BC197C82A1B8B401B2333F4884F94DC3EE01029AB6E553DB5AA4B1EBFB6403E21658F71A53313944034687D742BADE53CBD5072543221967F1825516FB0D22E53255DC2BA0FC9C259D7D0D5E0E37588E2E4
310
2042F2E6B4474789093AE7956673814D335D0B5AC8576675D16C660932D664A09D287E8371C224D0052C558B581EA6799996A737F17A10CF87FBC777C93BA9E4076218BC8F0512EE778B30D8D6D81209C93BA0644D7E50FD8D66FCC5632D9EE4CD563297D43A1858F9DE1BE637ED80DF905F5749DE9F6CE3D6409BBD10F503
310
504B0304140006080800F1489A59FF15A4A45D000000800000003A0000006662782F32413146414335332D383437372D344533362D414230442D4643394246373439343937342F7265736F75726365732F636E782E786D6C4D8B3B0E80201005AF42B6F75B59F0390B113044D83508C6E30BC6C26AF226F3B8BA6360974DA7
310
271430F523308B2B198F9B80925DB700539227A2FCCB80A18E5640D320F996A81C9F32D6E9129A0D1EF74FCE750E6D57BC7165FBCA07504B0304140006080800F1489A59E951F7E14301000056050000300000006662782F32413146414335332D383437372D344533362D414230442D4643394246373439343937342F636E
310
782E786D6CCD94CB6EC32010457FC542EAD2F8D1778489D445BFA08BAA3B8C272E0D060B86AAF9FB42EA24ADAAA85D584A76683848F7CE5C862D3F069DBD83F3CA9A8654B4241918693B65FA86045CE577245B72E6ACC56F18C98C18A021A94C38EB9D0DE354EA6025824E55ADCC7A2A0A44A7DA80E04926B5F0BE215EBEC2
310
20A808683BF06BDA0914B4A20EBC0D4E427C8F6A80E9BD7420103AC2EBB2BECAAB3AAF6F9ECAFB4579BBB8BC7E614522396BADD513AF0C82B3E3455D4A1B8F26CA29599100CE825313953C107ED0465B655811EF39F351AFE9270E3763E2C6512B293036AAB01201F308811858F105735624C73F7C3F3E3C1F34C453A71C48
310
B46E73B23654C7DAB097466322FED7852DF89779DBBE45CBA79BFB51C393B0D9ECEE92EB63747F2721E649985E9FE307D84B9B3FFF71B1A092E7687AA76C26CFC57605C6C1A78DC83F01504B0304140006080800F1489A599E9F86567F000000A30000000B0000006662782F636E782E786D6C4D8CD10E822018465F85FDF7
310
9426856C80438BF770898E85D0485A8F1F342FBAFAB6B3EF1CDE7D5687DE26BE6CF002EA4305C8F87B98AC5F04A46DC62DA04EF218C2F67703E4C7D5082818245F6248CF1D4D661E932BD459FFD8E149D55A0DE706B784524C6ECD05ABBEBA623DB05E53C208A3241BC7A2E4F9F5F296BCFC02504B0304140006080800F148
310
9A59A6D797065F0000008200000007000000636E782E786D6C4DCB3B0E80201045D1AD90E9FD7516806B51190811670C8A61F982B1B0BAC9C97B72CA7B1037C6D3332918DA1E04D2CAC69353902EDB8C20262D23F3F59B81A079470595414B17391D1F19B4730A5583A7ED43BBE4025D9592775E5ADFFA01504B0304140006
310
080800F1489A59ECFD112DA800000026010000130000005B436F6E74656E745F54797065735D2E786D6C7D4F4B0EC22010BD0A61DF525D18634ABB506FE00510A79458060253536F2FD89D5197F3FED3F68B9BD80362B21E25DFD40D6780DADF2C1AC9671AAA3D677DD75E9E0112CB5A4C928F44E12044D22338956A1F0033
310
33F8E814E5331A1194BE2B0362DB343BA13D122055543278D79E6050F344ECBC6478EDCD76CE8EABAE5449AE4298AC56946789C28AAFBEABC53F3EAF09A84A1441B91F0101CD4780756578C173A578FFDDBD00504B0304140006080800F1489A593DEE336E64000000790000001B0000006175746F6465736B2D6465736967
310
6E2D7061636B6167652E786D6C35CBC10E83200C00D05F21DCA56CA76D41FC96062B120735B69A7DBE268BB7777961F8D5AF396893C2ADB70FE7ADA196782C2DF776D7A97B5933C430F15651E5469C55D70F80A4992A3ADC954792C525AE70A1E4D6AD9816CC044FEFDF01FE3FDE907802504B0304140006080800F1489A59
310
9D45160AF40000008E0100003D0000006662782F32413146414335332D383437372D344533362D414230442D4643394246373439343937342F7265736F75726365732F322F636F72652E786D6C8550CB6E833010FC15B47783712090C8386A40FD829E7AB36C875A0936F2A3EAE7D70E546A4F3DED6A76667677E8E56B7914
310
9FCA796DCD007589A1504658A9CD3C400C37D4437161D4591B7ED1A0307C51036418189D9D8DEB0E096B8232193556AA1DE4DEAB008578A466002F3ED4C24B1E4362F87BB97271E7B32AEB72E3311AA396BB54CBE4A66F5A3960F8DAB5E465BA2242BA093563D3A2BE19475477C7D36BDFB7DD34625A6531A3412F3FDB8553
310
3C28098C60D2A09A20727CC3A733EECE87F69D5699C9A80F2EFDBC2FCDDF253AAD36F48F5B5CE5FF6E519B7020BBDBA6F0C0EA74DC73C06895D349E5195DAA3949F60D504B0304140006080800F1489A592F921636F9000000960100003B0000006662782F32413146414335332D383437372D344533362D414230442D4643
310
394246373439343937342F7265736F75726365732F636F72652E786D6C8550CB6E833010FC15B477F3702090C8386A40FD829E7AB3CC865A0936F2A3EAE7D70E546A4F3DED6A76667677D8E56B79649F689D32BA872A2F21432DCDA4F4DC43F037D24176E1CC1AE37FD120D362C11E120C9CCDD6847587A4D11E7542B59970
310
078573E821938FD8F4E0E4072E2217C14786BBE7AB907731635EE51B8FB310D4B44BD514DDD44DA1055E5EDB86BE8C5742693B927AA81BD2D5C340AAF6787AEDBAA61D87921549CC9957CBCF766951789C80D392D6A4A2841EDFCAD3B96CCF87E69D1589C999F336FEBC2F4DDF01B7E84CB0121D2BB6E91FD7B04EFFBB06A5
310
FD81EEAE9BC201AFE291CF0167454A29966784B1A644F937504B0304140006080800F1489A59EE1A5AF9F2000000B1010000310000006662782F32413146414335332D383437372D344533362D414230442D4643394246373439343937342F636F72652E786D6C8D50CB6EC32010FC158B3B7E92388E309193D65FD0536F08
310
360E4A0C168FAA9F5F885DA9BDE5B4687686991D7AFA9E1FD91758A78CEE51959728032D8C547AEA51F0577C40D989516B8CFF434399E633F428C188D1C99AB06C9030DA834EA8361236903B071E65E2111F3D72E20633CF79F091E1EEF9C2C59D4F9057F9CA63D4ABF9572A2C700F12B1BAAC09AE6A5CEF3FCAEE58B6C766
310
F7498BC464340425372B25A3BBBA2AB0513254E370D935F840DA1693F7668F8773F986C74B771E5BD291AE25B44862469DB7F1E6ED9374DDABF255F82F7358E40B9995F64DBD19AE0A875815F33C178C16A9C0389EEDC699CA663F504B0304140006080800F1489A59F36C2B1E54010000DD0200000C0000006662782F636F
310
72652E786D6C8D52DB8E832014FC15C33B5EA8D6B6419AADCD7EC13EED1B45EA922A1804D3CF5FF012D787ED6E4C90CC3967E6CC047C7EB64D3070DD0B250B90843108B864AA12B22E8035777800C19960AD94F9D10602495B5E000F03826BAD6C37434C49C3A547A5AAF80CD2BEE70604AC719702F4EC8BB734A4D6B88EFE
310
1176943D68CDC3249CFA08B65654F3A8A81C9BB80BAE01892F7986DEAE1788507E85699966F09096254CF2FDF1FD70C8F26B19E3C80F136C44BBA833CDA9E115202846294C1044FB8FF8788AF3D32EFBC491EF24B837DA799E45BD3B40EEB7278E267CC367BBEA6F3E2BA4D9A1996F9AE80149DC7A6381E0C8E7E37E6378DB
310
0C9DB0CBCFD05BB358783868E0CC289DBA4AA5EC5A1A6863B9A38E83F1C3D15475CC23C16F3CE805CF6B0E171495B55B8D1A77BD59E3D5B73B755CC3C13C03A9744B9B75B969C5F55C8536969671A61AA5FF33BD585DC28CFCC324DF504B0304140006080800F1489A59D83CE53A07010000B201000008000000636F72652E
310
786D6C8D50416EC32010FC0AE28E8D891D3B11266A6CF5053DF546813828365806A2F6F785844AEDADA74533B33BC3D0D3E73283BBDA9CB6A687558121504658A9CDD4C3E02FA883E0C4E866ADFF2583C0F045F530C190D169B361CD90B0C62B935063A5CA20774E7908C41C1F3D74E2AA165EF0E0A3C2DD8A958B1B9F5451
310
154F1DA35E2F3FAB6253DC2B0919C1A446154164FF860F47DC1E77CD3B2D9392D110B4CC565A46777DD16A830C9FDB86BC8C6744483BA27AA81BD4D5C380AA767F78EDBAA61D074CCBB4CCA8F35BFC733E12737AE0F83DF9D2F24931FA61ED9C05319404D6CC5FD1849689F8133AACF21FA1B5F13B920F3E371C64550CF420
310
A2716A308E47BD71A6B6D937504B01021400140006080800F1489A590000000000000000000000003700000000000000000000000000000000006662782F32413146414335332D383437372D344533362D414230442D4643394246373439343937342F617474726962757465732E62696E504B01021400140006080800F148
310
9A590000000000000000000000003500000000000000000000000000550000006662782F32413146414335332D383437372D344533362D414230442D4643394246373439343937342F76657274696365732E62696E504B01021400140006080800F1489A59F270F13306000000040000003600000000000000000000000000
310
A80000006662782F32413146414335332D383437372D344533362D414230442D4643394246373439343937342F747269616E676C65732E62696E504B01021400140006080800F1489A59B5A795FFE3790000DE7900004200000000000000000000000000020100006662782F32413146414335332D383437372D344533362D
310
414230442D4643394246373439343937342F7265736F75726365732F322F305F67656E657269632E706E67504B01021400140006080800F1489A5951464CB489000000430100003600000000000000000000000000457B00006662782F32413146414335332D383437372D344533362D414230442D46433942463734393439
310
37342F6469726563746F72792E786D6C504B01021400140006080800F1489A5954B06D2C45070000541C00003400000000000000000000000000227C00006662782F32413146414335332D383437372D344533362D414230442D4643394246373439343937342F6F626A656374732E786D6C504B01021400140006080800F1
310
489A59E17F3257E1000000550100003C00000000000000000000000000B98300006662782F32413146414335332D383437372D344533362D414230442D4643394246373439343937342F7265736F75726365732F322F636E782E786D6C504B01021400140006080800F1489A59FF15A4A45D000000800000003A0000000000
310
0000000000000000F48400006662782F32413146414335332D383437372D344533362D414230442D4643394246373439343937342F7265736F75726365732F636E782E786D6C504B01021400140006080800F1489A59E951F7E143010000560500003000000000000000000000000000A98500006662782F32413146414335
310
332D383437372D344533362D414230442D4643394246373439343937342F636E782E786D6C504B01021400140006080800F1489A599E9F86567F000000A30000000B000000000000000000000000003A8700006662782F636E782E786D6C504B01021400140006080800F1489A59A6D797065F000000820000000700000000
310
000000000000000000E2870000636E782E786D6C504B01021400140006080800F1489A59ECFD112DA8000000260100001300000000000000000000000000668800005B436F6E74656E745F54797065735D2E786D6C504B01021400140006080800F1489A593DEE336E64000000790000001B00000000000000000000000000
310
3F8900006175746F6465736B2D64657369676E2D7061636B6167652E786D6C504B01021400140006080800F1489A599D45160AF40000008E0100003D00000000000000000000000000DC8900006662782F32413146414335332D383437372D344533362D414230442D4643394246373439343937342F7265736F7572636573
310
2F322F636F72652E786D6C504B01021400140006080800F1489A592F921636F9000000960100003B000000000000000000000000002B8B00006662782F32413146414335332D383437372D344533362D414230442D4643394246373439343937342F7265736F75726365732F636F72652E786D6C504B010214001400060808
310
00F1489A59EE1A5AF9F2000000B101000031000000000000000000000000007D8C00006662782F32413146414335332D383437372D344533362D414230442D4643394246373439343937342F636F72652E786D6C504B01021400140006080800F1489A59F36C2B1E54010000DD0200000C00000000000000000000000000BE
310
8D00006662782F636F72652E786D6C504B01021400140006080800F1489A59D83CE53A07010000B201000008000000000000000000000000003C8F0000636F72652E786D6C504B050600000000120012002D060000699000000000
  0
XRECORD
  5
27
102
{ACAD_REACTORS
330
22
102
}
330
22
100
AcDbXrecord
280
     1
270
     1
271
     1
  0
XRECORD
  5
26
102
{ACAD_REACTORS
330
22
102
}
330
22
100
AcDbXrecord
280
     1
270
     1
271
     1
  0
XRECORD
  5
28
102
{ACAD_REACTORS
330
22
102
}
330
22
100
AcDbXrecord
280
     1
270
     1
271
     1
  0
XRECORD
  5
25
102
{ACAD_REACTORS
330
22
102
}
330
22
100
AcDbXrecord
280
     1
270
     1
271
     1
  0
CELLSTYLEMAP
  5
D016
102
{ACAD_REACTORS
330
D015
102
}
330
D015
100
AcDbCellStyleMap
 90
        3
300
CELLSTYLE
  1
TABLEFORMAT_BEGIN
 90
        5
170
     1
 91
        0
 92
    32768
 62
   257
 93
        1
300
CONTENTFORMAT
  1
CONTENTFORMAT_BEGIN
 90
        0
 91
        0
 92
      512
 93
        0
300

 40
0.0
140
1.0
 94
        5
 62
     0
340
55
144
6.0
309
CONTENTFORMAT_END
171
     1
301
MARGIN
  1
CELLMARGIN_BEGIN
 40
1.5
 40
1.5
 40
1.5
 40
1.5
 40
4.5
 40
4.5
309
CELLMARGIN_END
 94
        6
 95
        1
302
GRIDFORMAT
  1
GRIDFORMAT_BEGIN
 90
        0
 91
        1
 62
     0
 92
       -2
340
0
 93
        0
 40
1.125
309
GRIDFORMAT_END
 95
        2
302
GRIDFORMAT
  1
GRIDFORMAT_BEGIN
 90
        0
 91
        1
 62
     0
 92
       -2
340
0
 93
        0
 40
1.125
309
GRIDFORMAT_END
 95
        4
302
GRIDFORMAT
  1
GRIDFORMAT_BEGIN
 90
        0
 91
        1
 62
     0
 92
       -2
340
0
 93
        0
 40
1.125
309
GRIDFORMAT_END
 95
        8
302
GRIDFORMAT
  1
GRIDFORMAT_BEGIN
 90
        0
 91
        1
 62
     0
 92
       -2
340
0
 93
        0
 40
1.125
309
GRIDFORMAT_END
 95
       16
302
GRIDFORMAT
  1
GRIDFORMAT_BEGIN
 90
        0
 91
        1
 62
     0
 92
       -2
340
0
 93
        0
 40
1.125
309
GRIDFORMAT_END
 95
       32
302
GRIDFORMAT
  1
GRIDFORMAT_BEGIN
 90
        0
 91
        1
 62
     0
 92
       -2
340
0
 93
        0
 40
1.125
309
GRIDFORMAT_END
309
TABLEFORMAT_END
  1
CELLSTYLE_BEGIN
 90
        1
 91
        1
300
_TITLE
309
CELLSTYLE_END
300
CELLSTYLE
  1
TABLEFORMAT_BEGIN
 90
        5
170
     1
 91
        0
 92
        0
 62
   257
 93
        1
300
CONTENTFORMAT
  1
CONTENTFORMAT_BEGIN
 90
        0
 91
        0
 92
      512
 93
        0
300

 40
0.0
140
1.0
 94
        5
 62
     0
340
55
144
4.5
309
CONTENTFORMAT_END
171
     1
301
MARGIN
  1
CELLMARGIN_BEGIN
 40
1.5
 40
1.5
 40
1.5
 40
1.5
 40
4.5
 40
4.5
309
CELLMARGIN_END
 94
        6
 95
        1
302
GRIDFORMAT
  1
GRIDFORMAT_BEGIN
 90
        0
 91
        1
 62
     0
 92
       -2
340
0
 93
        0
 40
1.125
309
GRIDFORMAT_END
 95
        2
302
GRIDFORMAT
  1
GRIDFORMAT_BEGIN
 90
        0
 91
        1
 62
     0
 92
       -2
340
0
 93
        0
 40
1.125
309
GRIDFORMAT_END
 95
        4
302
GRIDFORMAT
  1
GRIDFORMAT_BEGIN
 90
        0
 91
        1
 62
     0
 92
       -2
340
0
 93
        0
 40
1.125
309
GRIDFORMAT_END
 95
        8
302
GRIDFORMAT
  1
GRIDFORMAT_BEGIN
 90
        0
 91
        1
 62
     0
 92
       -2
340
0
 93
        0
 40
1.125
309
GRIDFORMAT_END
 95
       16
302
GRIDFORMAT
  1
GRIDFORMAT_BEGIN
 90
        0
 91
        1
 62
     0
 92
       -2
340
0
 93
        0
 40
1.125
309
GRIDFORMAT_END
 95
       32
302
GRIDFORMAT
  1
GRIDFORMAT_BEGIN
 90
        0
 91
        1
 62
     0
 92
       -2
340
0
 93
        0
 40
1.125
309
GRIDFORMAT_END
309
TABLEFORMAT_END
  1
CELLSTYLE_BEGIN
 90
        2
 91
        1
300
_HEADER
309
CELLSTYLE_END
300
CELLSTYLE
  1
TABLEFORMAT_BEGIN
 90
        5
170
     1
 91
        0
 92
        0
 62
   257
 93
        1
300
CONTENTFORMAT
  1
CONTENTFORMAT_BEGIN
 90
        0
 91
        0
 92
      512
 93
        0
300

 40
0.0
140
1.0
 94
        2
 62
     0
340
55
144
4.5
309
CONTENTFORMAT_END
171
     1
301
MARGIN
  1
CELLMARGIN_BEGIN
 40
1.5
 40
1.5
 40
1.5
 40
1.5
 40
4.5
 40
4.5
309
CELLMARGIN_END
 94
        6
 95
        1
302
GRIDFORMAT
  1
GRIDFORMAT_BEGIN
 90
        0
 91
        1
 62
     0
 92
       -2
340
0
 93
        0
 40
1.125
309
GRIDFORMAT_END
 95
        2
302
GRIDFORMAT
  1
GRIDFORMAT_BEGIN
 90
        0
 91
        1
 62
     0
 92
       -2
340
0
 93
        0
 40
1.125
309
GRIDFORMAT_END
 95
        4
302
GRIDFORMAT
  1
GRIDFORMAT_BEGIN
 90
        0
 91
        1
 62
     0
 92
       -2
340
0
 93
        0
 40
1.125
309
GRIDFORMAT_END
 95
        8
302
GRIDFORMAT
  1
GRIDFORMAT_BEGIN
 90
        0
 91
        1
 62
     0
 92
       -2
340
0
 93
        0
 40
1.125
309
GRIDFORMAT_END
 95
       16
302
GRIDFORMAT
  1
GRIDFORMAT_BEGIN
 90
        0
 91
        1
 62
     0
 92
       -2
340
0
 93
        0
 40
1.125
309
GRIDFORMAT_END
 95
       32
302
GRIDFORMAT
  1
GRIDFORMAT_BEGIN
 90
        0
 91
        1
 62
     0
 92
       -2
340
0
 93
        0
 40
1.125
309
GRIDFORMAT_END
309
TABLEFORMAT_END
  1
CELLSTYLE_BEGIN
 90
        3
 91
        2
300
_DATA
309
CELLSTYLE_END
  0
ENDSEC
  0
SECTION
  2
ACDSDATA
 70
     2
 71
     8
  0
ACDSSCHEMA
 90
        0
  1
AcDb_Thumbnail_Schema
  2
AcDbDs::ID
280
    10
 91
        8
  2
Thumbnail_Data
280
    15
 91
        0
101
ACDSRECORD
 95
        0
 90
        1
  2
AcDbDs::TreatedAsObjectData
280
     1
291
     1
101
ACDSRECORD
 95
        0
 90
        2
  2
AcDbDs::Legacy
280
     1
291
     1
101
ACDSRECORD
  1
AcDbDs::ID
 90
        3
  2
AcDs:Indexable
280
     1
291
     1
101
ACDSRECORD
  1
AcDbDs::ID
 90
        4
  2
AcDbDs::HandleAttribute
280
     7
282
     1
  0
ACDSSCHEMA
 90
        1
  1
AcDbDs::TreatedAsObjectDataSchema
  2
AcDbDs::TreatedAsObjectData
280
     1
 91
        0
  0
ACDSSCHEMA
 90
        2
  1
AcDbDs::LegacySchema
  2
AcDbDs::Legacy
280
     1
 91
        0
  0
ACDSSCHEMA
 90
        3
  1
AcDbDs::IndexedPropertySchema
  2
AcDs:Indexable
280
     1
 91
        0
  0
ACDSSCHEMA
 90
        4
  1
AcDbDs::HandleAttributeSchema
  2
AcDbDs::HandleAttribute
280
     7
 91
        1
284
     1
  0
ACDSRECORD
 90
        0
  2
AcDbDs::ID
280
    10
320
CE3A
  2
Thumbnail_Data
280
    15
 94
     2653
310
89504E470D0A1A0A0000000D4948445200000100000000B408030000004C80028300000300504C5445FFFFFFFFFFFFFFFFFF0000000000000000000000000000000000000000000000000000330000660000990000CC0000FF0033000033330033660033990033CC0033FF0066000066330066660066990066CC0066FF0099
310
000099330099660099990099CC0099FF00CC0000CC3300CC6600CC9900CCCC00CCFF00FF0000FF3300FF6600FF9900FFCC00FFFF3300003300333300663300993300CC3300FF3333003333333333663333993333CC3333FF3366003366333366663366993366CC3366FF3399003399333399663399993399CC3399FF33CC00
310
33CC3333CC6633CC9933CCCC33CCFF33FF0033FF3333FF6633FF9933FFCC33FFFF6600006600336600666600996600CC6600FF6633006633336633666633996633CC6633FF6666006666336666666666996666CC6666FF6699006699336699666699996699CC6699FF66CC0066CC3366CC6666CC9966CCCC66CCFF66FF0066
310
FF3366FF6666FF9966FFCC66FFFF9900009900339900669900999900CC9900FF9933009933339933669933999933CC9933FF9966009966339966669966999966CC9966FF9999009999339999669999999999CC9999FF99CC0099CC3399CC6699CC9999CCCC99CCFF99FF0099FF3399FF6699FF9999FFCC99FFFFCC0000CC00
310
33CC0066CC0099CC00CCCC00FFCC3300CC3333CC3366CC3399CC33CCCC33FFCC6600CC6633CC6666CC6699CC66CCCC66FFCC9900CC9933CC9966CC9999CC99CCCC99FFCCCC00CCCC33CCCC66CCCC99CCCCCCCCCCFFCCFF00CCFF33CCFF66CCFF99CCFFCCCCFFFFFF0000FF0033FF0066FF0099FF00CCFF00FFFF3300FF3333
310
FF3366FF3399FF33CCFF33FFFF6600FF6633FF6666FF6699FF66CCFF66FFFF9900FF9933FF9966FF9999FF99CCFF99FFFFCC00FFCC33FFCC66FFCC99FFCCCCFFCCFFFFFF00FFFF33FFFF66FFFF99FFFFCCFFFFFF0000000D0D0D1A1A1A2828283535354343435050505D5D5D6B6B6B787878868686939393A1A1A1AEAEAEBB
310
BBBBC9C9C9D6D6D6E4E4E4F1F1F1FFFFFF000000000000000000000000000000000000000000000000000000000000AD4AB4E4000004C34944415478DAED9D4B96AB201086D958CFEEBA5D806BC8A8867D32757E93B48F020B040485D44F9F4E7C11ADCFA21E4888A15FC5859E4F43AACB1B802959E8D6EAC9A7030007802E
310
F59700B88022F725EE352975DD83837B43AB42CD2300A61200AA0620284010C0AC127A5A8157032E364337583E2629003000AB564003541400F07B01680000E804802630478B6A00C8C9109156004B7AA80680371D86178017800600007201680000C00B40039426436A4361780134017801340100402E000D000000000000
310
000064831AB341000080381B6011DAAD2C43F09C136D63F3D6C3D6BADB666BFBFA31CB334B9F0C6C85E40B2B6B046300500B000800940368AF0998E200CC1D1AE00CA18F07B01E7C0060E5649D4396E71E00BE95F9E2F75E601192B6736C380CE7C00E63007667954E4F8E36D60B8583004C3A00C315C13E0C0000A04700F2
310
D7761CC9F861FC3D1F806B906F00606E0610FCF21300A03FA05436882E310000000068D5AAA90740D0806E01089D39E4E4CB47F16DEF4D60937798014C6900F89593A9D72556AAB9EECAB0963A5F966F5C0386E1EF95ECBEC04C0DE8AE09FC891FB0E551EDDBE920A46E006CE29F8E6D38C63C0035B341E1B6BCD66DF1CF9C
310
DF318294950D463C5148EB7E3EF870F7EE170210D104C89C00C07C75FC150BF638A8FC346503A8D31FB008FD599C28CBF05A9805F179B7DE442700948C032A78E57AFEBE761CB07C18117BE6971AEB0D0349B7C979AA946E0DAE8803B24DD4FA6C7413BFD867570710D2A4749F5FD1CD760060AC287FF3A130D138E622F4C4
310
C7148C038237AE16808084E398DFD67D2344AE05E01BA4C0D2B5797991955DE5BA89AC0AC900485CB400C4664E55E2803158FE2280ACB0A1DDFE8003D338DFF9CF516F41929BC05C47BAED07D356B6600457F11759865DC315EE8FB561E0BD248CB9905A36076067F50575A498216D243AE7FD549C940720A2C5E4DE7DA263
310
D37D387713C559E49CC474D1006E3FD3A4B7C6BAF02B608E2078E5E580E76BC092E246022012937C4B77BCE257ED6B36D7019824CBB56EBB43FC54EF920040F4ABD31488016A5995C289030740DB6056F2D660593C1BFBBBB3417D8CB2490760AB9A35D2CF75713D103801E03B0A0000000000000000C01E80D2B1C24C03B4
310
038006C00802000024B7A5935DF49D0308D998840AD00000E8B809ECFEE70522CF01D0806FD700030D80118411ECB40924DFA16E3500D920922100000000000000000000000000000000C0B3C10D80C1D361DD00600401000000000000E07E0F75C5940AED0228744CBF1AF07EF9B716B6F85E0B02887F0ED33E000300CA01
310
FC2CC5BCFEE685CFAB161BB088FD79373F1B8FBA005AC806370D30ECCE97D68086B3C1D906287683578C3268DB061C0B0F0000F0ED6ED0670A6004F56483711A703828DFF7E357BDA7C307C6201B40339160B966221959432D3F198A0610D704FC5E462D8065425078014D46507023FD468274464BBE0A409E0DE825142ED5
310
04100AF7670423AE7E9EECE061ECE6600BC72679DB4F7DD61200F1F7F9C256ECF5FEA0C7AB2806401F08FC377A5964B4C5F53DD800716ED0B01B9BDF1EA62480B31EB6AFE29D54D5364791FB12F79A94BAEEC114A13EE2AA50F30880A90480AA01080A1003405511005C13C6D5AB9E1E72BC01FC962C746BF5E4D379265656
310
549ECFFFE59E711FBA348BA00000000049454E44AE426082B5DD51E267999F52CEBEDE3CDC04F55157953DF700502300DC0C4054801400533505C067D2B896777C72538E1780DF9A8D4FDD3DFB7481072B4FD4EEF7FF8EE1171E47590F890000000049454E44AE426082000049454E44AE426082AE4260821F3436438D0BBE
310
40760000000049454E44AE426082061E6CD60020BD9AC6D3111EC4B7220580ACE50E80DFA00DDEBDF8700AE0234DF6DEF21FC047F8F20F29E95FFF8A3A351D0000000049454E44AE426082B3023A0298BAA06B014F70EA26BBF8EFD757A81EA1272851C0E0125700F869292F70402459BCC1D767024853B820BDBEB72400A8
310
B601F301B8B47DFDBDD2D79DB7BBC1DD56DC1502003867E92CB0375545AD913D889B55FAA1124B1C259E62DD0020BD9BC6D3119EE38F8204C0595B0C40DFA00D3EBDF8E70CC0D769B247DB7F005F876FFF008AEF5D7FEC3BF1A70000000049454E44AE426082814E94A81F55755A239909EFD545F4993BC9F5DF1C5003207E
310
18C7D3119EA273C1013057F201B43768834FCFBE9D00F8994DF64EFA03F03379FA0F38D9C4AF2C87FF6F0000000049454E44AE4260826EDC199B004AFBB3D6D1E3FB1C0CE00FA6A226BB468FB71780BFC1ED3F8EB3913D4E59C6040000000049454E44AE426082880000000049454E44AE4260820049454E44AE4260828804
310
40A882B3DED1732B4A16100C007DA554D779B91D0ED5EFF601902C34346001100A80130DD00350F6DA61C9F74CA1874AF45489CC9B215A447305707FF4450F817200800A80DCCB15C09F82CB1540D1E5FBFB2F139EC5F796F51D860000000049454E44AE426082000049454E44AE426082
  0
ACDSRECORD
 90
        0
  2
AcDbDs::ID
280
    10
320
CE73
  2
Thumbnail_Data
280
    15
 94
     2653
310
89504E470D0A1A0A0000000D4948445200000100000000B408030000004C80028300000300504C5445FFFFFFFFFFFFFFFFFF0000000000000000000000000000000000000000000000000000330000660000990000CC0000FF0033000033330033660033990033CC0033FF0066000066330066660066990066CC0066FF0099
310
000099330099660099990099CC0099FF00CC0000CC3300CC6600CC9900CCCC00CCFF00FF0000FF3300FF6600FF9900FFCC00FFFF3300003300333300663300993300CC3300FF3333003333333333663333993333CC3333FF3366003366333366663366993366CC3366FF3399003399333399663399993399CC3399FF33CC00
310
33CC3333CC6633CC9933CCCC33CCFF33FF0033FF3333FF6633FF9933FFCC33FFFF6600006600336600666600996600CC6600FF6633006633336633666633996633CC6633FF6666006666336666666666996666CC6666FF6699006699336699666699996699CC6699FF66CC0066CC3366CC6666CC9966CCCC66CCFF66FF0066
310
FF3366FF6666FF9966FFCC66FFFF9900009900339900669900999900CC9900FF9933009933339933669933999933CC9933FF9966009966339966669966999966CC9966FF9999009999339999669999999999CC9999FF99CC0099CC3399CC6699CC9999CCCC99CCFF99FF0099FF3399FF6699FF9999FFCC99FFFFCC0000CC00
310
33CC0066CC0099CC00CCCC00FFCC3300CC3333CC3366CC3399CC33CCCC33FFCC6600CC6633CC6666CC6699CC66CCCC66FFCC9900CC9933CC9966CC9999CC99CCCC99FFCCCC00CCCC33CCCC66CCCC99CCCCCCCCCCFFCCFF00CCFF33CCFF66CCFF99CCFFCCCCFFFFFF0000FF0033FF0066FF0099FF00CCFF00FFFF3300FF3333
310
FF3366FF3399FF33CCFF33FFFF6600FF6633FF6666FF6699FF66CCFF66FFFF9900FF9933FF9966FF9999FF99CCFF99FFFFCC00FFCC33FFCC66FFCC99FFCCCCFFCCFFFFFF00FFFF33FFFF66FFFF99FFFFCCFFFFFF0000000D0D0D1A1A1A2828283535354343435050505D5D5D6B6B6B787878868686939393A1A1A1AEAEAEBB
310
BBBBC9C9C9D6D6D6E4E4E4F1F1F1FFFFFF000000000000000000000000000000000000000000000000000000000000AD4AB4E4000004CB4944415478DAED9D4D9AA3201086399217E85D9F3B27C9AA96FD64EB7E120714B0C00241217CCC339D9848B45EEB170951F43770A3D74BD1D0ED0340956C746BF7E4C3018007602C
310
F5E700F88084EF25BEAB52FAFA3B47DF8D6D323D8F00A84A00A81A80A80051005A25C6B182A0065CEC866EF07C96A400600158B5021A304403807014800600C0980060023A5B1C06005F0C118D0AC09487C3000896C388028802D00000402D000D0000440168C0A0C5D0B0A930A2004C005100260000A805A0010000000000
310
0000806A70C46A10000040E6031C42BB0D3305CF3BD036376FDD6DEDBBBDECBCBE7E8CB9671992C1DA20FEC4CA3A4109006A010001C0E000DA3301551C80BA4303BC29F47200EBCE0700564ECE317879EE0110DAD027BF8F024648DA8EB1E15036076B370BC0EEA8DCE1C9D3C67AA97014804A07A06C457077030000E81100
310
FFB51D4F327B37FB311F80EF906F00A06E0610FDF21300603CA054358821310000000068D5AB0D0F80A001DD02600673C8AB978FF2DBDE4D609377D200E63400F69993AA372456CA5C776D5A5B9D2FCB37AE01D3E4BBB25413483CF3B6007CC49F1606015F2EB26F6F8090BA0160AE7E81DCC60E8979006A5683CC65796FBB
310
E29F39BEE70429AB1A14DC51481B7E3EF870FFEA170220300152270058B15A7EC68C3F8E2A3FCDD900EA8C0718A197A7F3B6F178B7B413D41C18F1ED61BD994E00289907C4C2EB4337512C5E769C9876C9A23965A280F93022EB9E9F5CE9FE2BCB34117799BCBB4AE9DEE08A3C20DB45ADF74637F18B7D767500314D4A8FF9
310
15C36C0700A69A83CEADA7C21F17902B7F203FA6681E10BD70B500442434C13207426886C8B500429314AC726D7F2CF3CA9A2B90D3211900B14F1D00D2CAA9441E200DFFC24CA1FD3C207D284A5F79F2A6BC641F84C29FD4A2135CC50F161BBCD9C4ABA8C07A2FED01D8797D461D4932A58DD8E0BC5F8A93F200082C26F7EA
310
131DBBEEC3B59B48E691730A53A301B6FF4C93DE99EBA2CF60C9F88315A2C004CE0E2CA79B809989270240C416F98EEE080BE4C28996BA0EC0CC067CF3DA1DE2A7469704006C5C9DE7F0E0C0A39657295C38D800689BCC4AC11E56156FCDFDDDF9A03E66D9A4037055CD99E9E787B81E089C00F01D0D000000000000000060
310
0F60D0B9C296068C0E001A0027080000906C4B2787E83B0710F331091DA00100D0B109ECFEEB2744811DA001DFAE010A1A00270827D8A909245FA16E3500D5208A2100000000000000000000000000000000C0BDC10D80C2DDE1B101C00902000000000000C0FD11EA8AAF52B60BA0D03EFD6AC0E7CFEFDAACA79FAD2800F9
310
7D98F6012800181CC08F69EAFD4F3F59FE8EE2038CD8CBA3FAD978D405D04235B86980B2AE7C690D68B81AD43E60E03078C52C83B67DC0B1F0000000DF1E0643AE004E709C6A50A6018793F2433F7ED57B397CE00CB201349309963313CEC92A6AF9CE901880CC04C2516658006641504481919C201346FACD04E98C967C15
310
803C1FD04B2A5CCA04900AF7E7040567AF173B782AD71C5CE1AC45DEF64B9FB50480FD7DBEB8177B3F3EE9F96E0303A00582FD1BBD5666B4E5F53DF800766DD07818D30F4F5512C0D908DB570B2EAAEABA23E17B89EFAA94BEFECE24501F7693E9790440550240D5004405900018AA3100AE49E3EA754F4F393E00FE4A36BA
310
B57BF2E1020B2B0FD45EAF7F57E24F596888DEB10000000049454E44AE42608254D5354799FB847B4972EE6E1E6E86F8043703671E01A04A00B81A80640372000C550200AE09E36A3EF191861C6F00BF9A856F3D5D5C5D6461E581CAE3F11FAD8AF49592EEE2F00000000049454E44AE42608282AE4260821F3436438D0BBE
310
40760000000049454E44AE426082061E6CD60020BD9AC6D3111EC4B7220580ACE50E80DFA00DDEBDF8700AE0234DF6DEF21FC047F8F20F29E95FFF8A3A351D0000000049454E44AE426082B3023A0298BAA06B014F70EA26BBF8EFD757A81EA1272851C0E0125700F869292F70402459BCC1D767024853B820BDBEB72400A8
310
B601F301B8B47DFDBDD2D79DB7BBC1DD56DC1502003867E92CB0375545AD913D889B55FAA1124B1C259E62DD0020BD9BC6D3119EE38F8204C0595B0C40DFA00D3EBDF8E70CC0D769B247DB7F005F876FFF008AEF5D7FEC3BF1A70000000049454E44AE426082814E94A81F55755A239909EFD545F4993BC9F5DF1C5003207E
310
18C7D3119EA273C1013057F201B43768834FCFBE9D00F8994DF64EFA03F03379FA0F38D9C4AF2C87FF6F0000000049454E44AE4260826EDC199B004AFBB3D6D1E3FB1C0CE00FA6A226BB468FB71780BFC1ED3F8EB3913D4E59C6040000000049454E44AE426082880000000049454E44AE4260820049454E44AE4260828804
310
40A882B3DED1732B4A16100C007DA554D779B91D0ED5EFF601902C34346001100A80130DD00350F6DA61C9F74CA1874AF45489CC9B215A447305707FF4450F817200800A80DCCB15C09F82CB1540D1E5FBFB2F139EC5F796F51D860000000049454E44AE426082000049454E44AE426082
  0
ACDSRECORD
 90
        0
  2
AcDbDs::ID
280
    10
320
B9BB
  2
Thumbnail_Data
280
    15
 94
     2727
310
89504E470D0A1A0A0000000D4948445200000100000000B5080300000087DCD12600000300504C5445FFFFFFFFFFFFFFFFFF0000000000000000000000000000000000000000000000000000330000660000990000CC0000FF0033000033330033660033990033CC0033FF0066000066330066660066990066CC0066FF0099
310
000099330099660099990099CC0099FF00CC0000CC3300CC6600CC9900CCCC00CCFF00FF0000FF3300FF6600FF9900FFCC00FFFF3300003300333300663300993300CC3300FF3333003333333333663333993333CC3333FF3366003366333366663366993366CC3366FF3399003399333399663399993399CC3399FF33CC00
310
33CC3333CC6633CC9933CCCC33CCFF33FF0033FF3333FF6633FF9933FFCC33FFFF6600006600336600666600996600CC6600FF6633006633336633666633996633CC6633FF6666006666336666666666996666CC6666FF6699006699336699666699996699CC6699FF66CC0066CC3366CC6666CC9966CCCC66CCFF66FF0066
310
FF3366FF6666FF9966FFCC66FFFF9900009900339900669900999900CC9900FF9933009933339933669933999933CC9933FF9966009966339966669966999966CC9966FF9999009999339999669999999999CC9999FF99CC0099CC3399CC6699CC9999CCCC99CCFF99FF0099FF3399FF6699FF9999FFCC99FFFFCC0000CC00
310
33CC0066CC0099CC00CCCC00FFCC3300CC3333CC3366CC3399CC33CCCC33FFCC6600CC6633CC6666CC6699CC66CCCC66FFCC9900CC9933CC9966CC9999CC99CCCC99FFCCCC00CCCC33CCCC66CCCC99CCCCCCCCCCFFCCFF00CCFF33CCFF66CCFF99CCFFCCCCFFFFFF0000FF0033FF0066FF0099FF00CCFF00FFFF3300FF3333
310
FF3366FF3399FF33CCFF33FFFF6600FF6633FF6666FF6699FF66CCFF66FFFF9900FF9933FF9966FF9999FF99CCFF99FFFFCC00FFCC33FFCC66FFCC99FFCCCCFFCCFFFFFF00FFFF33FFFF66FFFF99FFFFCCFFFFFF0000000D0D0D1A1A1A2828283535354343435050505D5D5D6B6B6B787878868686939393A1A1A1AEAEAEBB
310
BBBBC9C9C9D6D6D6E4E4E4F1F1F1FFFFFF000000000000000000000000000000000000000000000000000000000000AD4AB4E4000002FE4944415478DAEDDD4D5283401086E1BE5876B9FF09B2FAD61E42AD8A40808181F9B7DFD152230AE1A1A79B21014CCE9BFD7CE66C6AFAEFD79707C00780BBF0DF001C6D0F6DECE2A7
310
DA95873A997AB8603B98BA33E32D80ABCDBF0058FCC651FEDF8F00ABDF9A2C138015C0DC298800170D0085AA0011E01DC0CF20B09F2AD0A2EE0422408E0004C0B60AC87D04B8CF018E01A8027401D700DEC602440000540122600F40DEC702740100A8024400008C058800000000000000180DBA1A0D020000390000000000
310
000000000000000000E07800A341BA00000000E01560B853809D030800D73900000000709B04CB00CC33D4E92C4EB78D6ECF2162B5D2010E5F1C4D7AFA914F4D097835001223C052E6D00C607ADAE91190F2077522C08E012CB90B240044F3F9AC02EE010440F91CD0FFCE1F0000000000000000900320D3A1F69100D65795
310
5D9E3BE9B20BC8E61F0100C023C0FBFA7A00000000000000000000DD03A814C008EF15CE06A0710134BD7207805300CBF10E118D5C0532BF45863208000000000080C9ED3D463611902B0CD4732001000000008446832E0044040000C0300085EF3A5B0E20D7A9A07214010000000000000000401B801E4683D500040000E4
310
000000000080EE00EABD3C0840AF0065663C5017F8F9FAB4E7BBD9F4D3FBE1C18C2F5C6D6E208027003E011E53B3E5373F39E0F1F820F87B5C16A08BD1E00C60F3E62F1001EA3C023C97C16257D31D26079CAE3D0000FCF73218CA0524C181478371095C172340274BDE596AABF70A5F04880993EC0045F7040B00DCDB6398
310
56B63A80650688EA02FB005A03A84A04445CACD52A00280C50B40A48AB4B77352D02AB1CA04A49D0AA7781501DA90F60D149F03CAFA5DF91A2EB088806B897039A0144057827003E4E1C0B03346DF1CFDD5E1F5555917B821111507B95AF03BC7E3F7E9BE6BB0268511DA653EC870438549877E6FE22200CA03B3960A4F6CA
310
9A03E4E9D45985AE2A7B5CC5D6811A3BD5AE3CD4C9D42B0BD6C98C5300EC3E40CA2A9E00581A80B3B60168741430EB2B3ED70F8D3A6F007C396FDFFF6543152AAA86470000000049454E44AE426082F288CF9B5F07C0DD5AD8AFCA2FC0DD78F901CB4A1CD29BE8FB930000000049454E44AE42608226D8B7FB80A173F3A630
310
97CBAE0340240E78963BE7678AFB6EDA17F00EC969E3326AE73F277CD714E0DCAE2F80F079EBB7B1511E007BA8731E005EDF97D5F105CBDE8E01A0432ED5D00A581080A77CFCFD256F637CB0D67DDC002E0D402931460156630030EA935CB80AF81858015C4C944564780085A54F1368137DFB15C0F9B1B40D349F2A0B391B
310
504535D59BC01ED8770240112D5C1E8098B198120065D44B1E00FADD393A445FA014C0C3F85FFFE8F9C2FCFE115897B2C3C879DC002E038006049079BE793B7964AD6AA600F6493DECC2DB7EBA26C02BA40298C606B00F6C72886199D906E416091B901F0764F6051FFC73B2AF7D2EE4C226A0F706DB01B0B6CA92C668000A
310
754F5A35B95E806A0090B301BC26906F2AF86DA78911942DC5D4BBB9C1D6A418080703C06222B0CFA900F4D8FDD80A6860508604406F2FD85D012BBE624305F0262434F436F0A8E00D20024022337D6E000257FE820078998CF30238521FAF0FC0DB1BBC6D80A500AC6A03F66CEE75019CAF3E494CE8BE1510309979E9F195
310
DF3A5BCD06F89EF4A23E0485153D4E0B404E015CDF0666BA37AB09445EA0C6528046FCBCADF7F4C5BAD31D49010246505601B0F01D2F1CD256C516D05401CA9D35CA82EFA20F05602C1B30B11710530019C315FA77602D28DF4D1607B401A0F5061946B0A102AA3C5020024040016100FADBB4184D000105509A021800AE6D
310
04E3E3010D8CA0A802E48DE080A1301B00C7643223C15114D02D148E3C51681C05D0904D606A050C65037A0D8A4ADB00B367621E603405141BC1AC89DB46CF956A02C0B442EEBEA9AE80BFC5AFBDFC7E3C97BE9207CECA9A80C70BC40E50A8000D805AFBB600E077837C00011BE0ED0C1900BE7A01103182F90AF8DC0B1DFF
310
BC163B3481321B0065EC33410147C58FBF3800F1D961A0AB02E8BCEE9F9FD20018BD41A141517B5492A500DE11C6981BEC1107349D1B2C0060CC7F3015103F5E1300BDFA0297029017098E01A0A0BD097801CFC64D8D60D2C46C666FD0DB171803802B125EAA37580E804C691B8355D6AB61987147CC18C08C8EAD140D0E00
310
DF83A9DBD8004E2A44DE63A503005C13236536A0A60288A3006F924E7466A8B717A80AC03B35663581E238404F9121332A74798186F74CC4FB028EEB389702FC59BC3C23D843019C4850208DF91A7D810C1B901E0AE763AEAC808A00BADED0354024D8B5F04EFEF7DF6FEF0B0643912047018D6B9C01E0AFA57C83E0186451
310
265FE70410A67040FAFE2D4100C8B601FD0150D8BEBECEF4FB1CB73BC19D569C120130A6812E547C0F5575E565B8569ACD0A812D0759EB7877450180F062184F4578E45F0B0E80B58A0D40DEA035DE3CF97037809FD5646F94FF007E162FFF0073D69A8CD69568AD0000000049454E44AE426082AE620390376895378F3EDC
310
09E03E9BEC8DF21FC07DF2F20FC7C87966C6CE143A0000000049454E44AE42608282000049454E44AE4260824260820000000049454E44AE42608282
  0
ACDSRECORD
 90
        0
  2
AcDbDs::ID
280
    10
320
BDAA
  2
Thumbnail_Data
280
    15
 94
     2727
310
89504E470D0A1A0A0000000D4948445200000100000000B5080300000087DCD12600000300504C5445FFFFFFFFFFFFFFFFFF0000000000000000000000000000000000000000000000000000330000660000990000CC0000FF0033000033330033660033990033CC0033FF0066000066330066660066990066CC0066FF0099
310
000099330099660099990099CC0099FF00CC0000CC3300CC6600CC9900CCCC00CCFF00FF0000FF3300FF6600FF9900FFCC00FFFF3300003300333300663300993300CC3300FF3333003333333333663333993333CC3333FF3366003366333366663366993366CC3366FF3399003399333399663399993399CC3399FF33CC00
310
33CC3333CC6633CC9933CCCC33CCFF33FF0033FF3333FF6633FF9933FFCC33FFFF6600006600336600666600996600CC6600FF6633006633336633666633996633CC6633FF6666006666336666666666996666CC6666FF6699006699336699666699996699CC6699FF66CC0066CC3366CC6666CC9966CCCC66CCFF66FF0066
310
FF3366FF6666FF9966FFCC66FFFF9900009900339900669900999900CC9900FF9933009933339933669933999933CC9933FF9966009966339966669966999966CC9966FF9999009999339999669999999999CC9999FF99CC0099CC3399CC6699CC9999CCCC99CCFF99FF0099FF3399FF6699FF9999FFCC99FFFFCC0000CC00
310
33CC0066CC0099CC00CCCC00FFCC3300CC3333CC3366CC3399CC33CCCC33FFCC6600CC6633CC6666CC6699CC66CCCC66FFCC9900CC9933CC9966CC9999CC99CCCC99FFCCCC00CCCC33CCCC66CCCC99CCCCCCCCCCFFCCFF00CCFF33CCFF66CCFF99CCFFCCCCFFFFFF0000FF0033FF0066FF0099FF00CCFF00FFFF3300FF3333
310
FF3366FF3399FF33CCFF33FFFF6600FF6633FF6666FF6699FF66CCFF66FFFF9900FF9933FF9966FF9999FF99CCFF99FFFFCC00FFCC33FFCC66FFCC99FFCCCCFFCCFFFFFF00FFFF33FFFF66FFFF99FFFFCCFFFFFF0000000D0D0D1A1A1A2828283535354343435050505D5D5D6B6B6B787878868686939393A1A1A1AEAEAEBB
310
BBBBC9C9C9D6D6D6E4E4E4F1F1F1FFFFFF000000000000000000000000000000000000000000000000000000000000AD4AB4E40000058F4944415478DAED9D4992AB300C8675A51CA077EF643E67AFFE750EF1D20910636479C618CBA94A9130FA43A307A027E62EF404D52CE8BC7FFAF914807DCAE9E4FF00C0C103FFCD01
310
C45B57F4535C8DA49D21EC494100940D00C27584D6160190D68259B901580582E6927F4602CEB6423D2C9F555705B001F8CA844AC01C4501F8BC804AC0EC00668902AEE405BADC7F5E02301100B000301100305E8001B0FC65AF00D69FD6F69B6679CEB8AE73CEF1F9B5EAE5215DB1B6DE16977B87DD91B60A6CEA6CFD1101
310
C0EF055800F000800000F500A006805837380B00AF171804003100A8BD04500E003A5102A81CC066EF586FB1BB04D187426CFF59CE7C6884DBCC2D597896AA712D56DBD1ACADA20008B9404700D8F99BA600B225203A9180D822BA02200900BBCBFD01D039007255E0C200A4D6A67209A01300BC2F13F6253707C0F931302D
310
EC5C73DE6800D85C809580A100507D1598AA3D606200DA22A42A303700A80AA80A280005A0001480768D4DDB33A4001480DA0005A00014800250000A606800FBE10A730030C6DC1B8009173E9295090C03C0F8BBAA3E755C01C0EA1473362B05F078957EF73F3876D724CC91C907F020EBF3C0EB43870FF357F06F7AC8F997
310
E1BBABED41256677C3ED112BDF5E4DD46D0FF08D853139C59262B6FEC7996CDFC1399C0AD8A30884CA9465833CA74F6D246C9E43C14780DB05CECAFDBE8E1544332308AA0CC0271DC18338F02A03402200F642C240DCBBC879006BBCD4FEF42646655301E4CD4130D9B3174CC1F1DA7B018E2738BE26DFDB85FFF58A54DE59
310
6BDA00B0E6283B9C65BC8A64CF33CF1A014014216E9C4F75007E25F685C25E337BA8416500EF4B6C0520604E0D350220BA017634619213385602C75007119199F18539DF2B05C6F402B8A617F04B860906CB6962EC4E88E0D5A3B51780347A94AF467AEF928950FD0437B81FC35F0AC0934C794D5946E71A630463A260AF01
310
2D00001402C8EA5B3C5402A8956CFAFC4B7CE768940ABCB70824432100807CD74CED40A83A0032D9CD69669FE773A732F98176FDF680659AB9CB29F112ED7450D2FD16F51F2A0E6851FF844810D191A027AB4F3282E025A07AFD9302A14CEB8BF243C4E63B3DD26140B2C7EE5A53900CB5E9A82804809C64E752A58504E4E7
310
FB0302A8DBE0A100EE0EE0824501280005B001901BCF6E5A7FE7A9B256263AA70A2CD9AD025000D302589FC2A30014800250000A4001280005302D80591FAB0BEB218DF300800250155023A80014800250000A4001EC004CF98E91CA12803164C00FA0C25BDC0607507EE05B0240543FAA02181A80FDBE87BBDB00361D7625
310
00B3DB8079012C037415C05500347EEBAC1F40FAE02179F669EAFCBE76C1E5291280CC2BBB00803A465001280005302A80E393A92605903E7C56010C0DC07D3FD79D5540E81C9D04804A80BA4105E00580EF5B5053A793DC0900CD0B406D407EDBCE7D00A01780B3BA47C300D00940AE98DC4602FEBEFF6DC55AFCFB651FB9
310
A4C931D20BF403405D016C1290D57E7B2700FD24E0672DF4FA2C0BEFEFD36C40B7386001403F5F06BBE596002E910D7E2580AC3B5F5D02AE9B0D2E36A0AB1B343D7B86B2FBCF6A02581E5FD54902C2956F0FE0D0393A29806925A0AB0D906CC189B900D1E4D9200D2101C1675FB38FD50E8C152EF23627A5C321639009601D
310
27B8F48D5D1D405EC4F07952B0D8338475407D46F0713909E000C03B73941C09B82580DD94010F80B55BE0C65E0092114CB919831841578C2FED05225C7881FB1FA0412416409E0D489280B2E1F24302A813659E6CCF2A87C29D4BAC017F7DFF92EFDD374224185681D36B9C0100F8C5EFABECD501CEF2A000640A2BA40F04
310
1900F28CE01500906C5FF62AB052D92D27032875B0C34D9EE59F2AEB8FC920C66B296B433F0B0EED2A3BA4103308407CFB62F67584D616B29500200860B2720050DD9E9DBE7FFAF91400E62EF49CBCFC079D076258ED28298F0000000049454E44AE42608249454E44AE4260820090192CF8D4F11178D623D72E07D01A61AF
310
EC04233103B9DB083B4E0E6337EC9BDB1A7F5054F8F4C22C00F636E14AD45631664EF49EB1A7CC2C544200D2FE6CF4EEE5E753007FABC9DE2B4F007F8B97FFADBB05E779065FAD0000000049454E44AE4260827C3A03F0BB9AECA3F200F0BB78F90F5CE182608D32D6890000000049454E44AE4260828B3756404300436FE8
310
1A120906566946156E3701F889BECB0A033E2F47019D5B5C00E0C5E00D20942F78FAB05B02A0299C907EFE0A0980F0A9EA01006D5FDFBFF4E79AB7BBC05D561C3201E042B7CE62F4A1AAF14B137F915AB01FABD84BBE14AD0E00BD49E369080F2A01AC557C00F206AD73F5ECD33D007E5793BD53FE07F0BB78F907F4C098DB
310
599DAE290000000049454E44AE42608200000049454E44AE426082D747BE9B00E0880CB9E39192B9D407C0A8213DBB79A5BAE2FDDF7F64DF4355F581166299551C2E8582BAB152E12DB5E2401C000862197323729B689F960CD4F4FDCD51ADB70D75C4E16E3ADC8BD7AA9B76C63600EE78D6BA7A7ACE7103F88307ABC9AED5
310
D3ED05E06F72FB1F4D6CBDABE6834AB00000000049454E44AE4260824E44AE426082000049454E44AE4260824260820000000049454E44AE42608282
  0
ACDSRECORD
 90
        0
  2
AcDbDs::ID
280
    10
320
6F
  2
Thumbnail_Data
280
    15
 94
     2653
310
89504E470D0A1A0A0000000D4948445200000100000000B408030000004C80028300000300504C5445FFFFFFFFFFFFFFFFFF0000000000000000000000000000000000000000000000000000330000660000990000CC0000FF0033000033330033660033990033CC0033FF0066000066330066660066990066CC0066FF0099
310
000099330099660099990099CC0099FF00CC0000CC3300CC6600CC9900CCCC00CCFF00FF0000FF3300FF6600FF9900FFCC00FFFF3300003300333300663300993300CC3300FF3333003333333333663333993333CC3333FF3366003366333366663366993366CC3366FF3399003399333399663399993399CC3399FF33CC00
310
33CC3333CC6633CC9933CCCC33CCFF33FF0033FF3333FF6633FF9933FFCC33FFFF6600006600336600666600996600CC6600FF6633006633336633666633996633CC6633FF6666006666336666666666996666CC6666FF6699006699336699666699996699CC6699FF66CC0066CC3366CC6666CC9966CCCC66CCFF66FF0066
310
FF3366FF6666FF9966FFCC66FFFF9900009900339900669900999900CC9900FF9933009933339933669933999933CC9933FF9966009966339966669966999966CC9966FF9999009999339999669999999999CC9999FF99CC0099CC3399CC6699CC9999CCCC99CCFF99FF0099FF3399FF6699FF9999FFCC99FFFFCC0000CC00
310
33CC0066CC0099CC00CCCC00FFCC3300CC3333CC3366CC3399CC33CCCC33FFCC6600CC6633CC6666CC6699CC66CCCC66FFCC9900CC9933CC9966CC9999CC99CCCC99FFCCCC00CCCC33CCCC66CCCC99CCCCCCCCCCFFCCFF00CCFF33CCFF66CCFF99CCFFCCCCFFFFFF0000FF0033FF0066FF0099FF00CCFF00FFFF3300FF3333
310
FF3366FF3399FF33CCFF33FFFF6600FF6633FF6666FF6699FF66CCFF66FFFF9900FF9933FF9966FF9999FF99CCFF99FFFFCC00FFCC33FFCC66FFCC99FFCCCCFFCCFFFFFF00FFFF33FFFF66FFFF99FFFFCCFFFFFF0000000D0D0D1A1A1A2828283535354343435050505D5D5D6B6B6B787878868686939393A1A1A1AEAEAEBB
310
BBBBC9C9C9D6D6D6E4E4E4F1F1F1FFFFFF000000000000000000000000000000000000000000000000000000000000AD4AB4E4000004CE4944415478DAED9D4D96E22010C7EB121E632ED0EFF56E96BDF2FCAE6AD9CFADFB314E48801484226040FE356F5AA389A47EA90F8A2012FF0E2C7CBF130F2D13002A297CEAE1EAE6
310
00C0033096F94B007C4089EF29DF25CDB1FECED177639BC2917B00A81200AE0620AA4014C06C12E37841D002DE1C864E887C96A600600158AC021630840040380BC00200604C007081B9B7380C00B918621E1580290F8701102C8791059005600100805A00160000C802B080418BA161BBC2C80270016401B80000A0168005
310
0000000000000000AAC111AB41000080B418E010DA6C9829785E43EBDCBC65B7E5D8F565E7F5E563CC3DCB900ED606CB27563608A600E0160030000C0EA03D17A0E200E80C0BF0A6D0A7035876DE01B07072DA90F539074068633EF96D16304AF2DAC68A836C0ED66E16804DAB52F3EC5963BDAE701400E901906D08EE6E00
310
00003D0290BFB6E36966EF663FE603F003F20900E86400D12F3F0100C6034A55831812030000008056A3DAF0001816D02D00613087BD7A79AF7FDBBB0BB82340D3E34307C03E73A67A436225E41A973A5F966FDC02AE573F94695D4079E66D0130EA076379927F7B0384DC0D8055FDC37D1B1B631E809AD5A070599EBABBEA
310
1F69DF0B829C550D26DC51D00D3FEF7CB87FF50B01487001A60300AC5C9D7EC6423C8E1A3F3FB201D4190F304ABF9E3E382BF03A9805F5ED61BD071F0050B21FE065D4AFA798C7AFAF3F1AB9EE4BBD4573CA6401F361FF0190C60356F77EAA295D26EFAE923E1ABCA31F901DA2967BA3ABFAC53EBB3A809825E9737EC534DB
310
01806BCD41E7D6BBC2CC974BAEFE81FE3147FB01D10B570B4044C3CB25DFD7433344DE0B203449C12AD7B66D99578CFACE4E9A4E94DC9C0420B572CAEC07C4E5B22FFC9323B759A6466EF6C6E9E3013BA171BEF2EC4D79C96E84C39FD462105CD40F161BD2F5F9F9895751CF6B2F952DED01980C5EF026EF4452EA2F31396F
310
97E2E43C00091E937BF53D0062E8DE5DBB89D322724E616A2CC08E9F3AED9DB92EF6196C550F386EB931986C0B30256E220066B1C8776C27A87E45D12D037610C0434CF8E6B533D4D76617050031AF3E1EBA3E00B5261E005E27B372F008AB8AB7E6FE6E62501FB36CF4005C537366FAF929AE070207007C86000000000000
310
0000006C010C3A57D8B280D101C0021004010000D4BE74F0567DE70062314671002C00003A7681CDFFF90973600758C0A75B00C102100411043B7501F515EAD602500DA2180200000000000000000000000000000000DC1B5C0110EE0E8F0D00411000000000000000CECF50F5A5650085F6E9D702A63F7F17B19E4E5B5100
310
E9F761DA0740003038806F23F4FC373F79FD1D250618B55F8FF4BDF2A80BA0856A70B500B2AE7C690B68B81A9C63C0C069F01DB30CDA8E01FBCA0300007C7A1A0C850204C171AAC1340BD89D941FFAF1ABDECBE19D60900DA0999E60393791822C71CB77869201A4B94038CB0C0B6056175960A82028A4917E7B827CC44A3E
310
0A405E0CE8A52B5CCA05D015EE2F08269CFDBCD8C18D5C777095B31679DB2E7DD61200F1F7F9E2516C5A59F4B5B6E8C0005ECBAB3ABFD16BF58CD67E7D0F31405C1B349EC6E6871B95047034C3F625C14555DD7094F89EF25DD21CEBEFCC09E6236E0A47EE01A04A00B81A80A8022900861201C07BBA71F50ED777392600BF
310
25854F3D5CDD5C6061E581E47EFF079A42AFD0CC776F330000000049454E44AE42608204175575DD51E23EE55ED29CBB99879BA03EE2A670E61E00AA0480AB01880A900260A82200784F37AEE6131F6D976302F053B2F0A9A7ABAB0B2CAC3C50B9DFFF034DEC5610FA190A3B0000000049454E44AE426082044048033D6889
310
4DAAEAD5C6E846BF5A6162CF45B6061E6CD60020BD9AC6D3111EC4B7220580ACE50E80DFA00DDEBDF8700AE0234DF6DEF21FC047F8F20F29E95FFF8A3A351D0000000049454E44AE426082B3023A0298BAA06B014F70EA26BBF8EFD757A81EA1272851C0E0125700F869292F70402459BCC1D767024853B820BDBEB72400A8
310
B601F301B8B47DFDBDD2D79DB7BBC1DD56DC1502003867E92CB0375545AD913D889B55FAA1124B1C259E62DD0020BD9BC6D3119EE38F8204C0595B0C40DFA00D3EBDF8E70CC0D769B247DB7F005F876FFF008AEF5D7FEC3BF1A70000000049454E44AE426082814E94A81F55755A239909EFD545F4993BC9F5DF1C5003207E
310
18C7D3119EA273C1013057F201B43768834FCFBE9D00F8994DF64EFA03F03379FA0F38D9C4AF2C87FF6F0000000049454E44AE4260826EDC199B004AFBB3D6D1E3FB1C0CE00FA6A226BB468FB71780BFC1ED3F8EB3913D4E59C6040000000049454E44AE426082880000000049454E44AE4260820049454E44AE4260828804
310
40A882B3DED1732B4A16100C007DA554D779B91D0ED5EFF601902C34346001100A80130DD00350F6DA61C9F74CA1874AF45489CC9B215A447305707FF4450F817200800A80DCCB15C09F82CB1540D1E5FBFB2F139EC5F796F51D860000000049454E44AE426082000049454E44AE426082
  0
ACDSRECORD
 90
        0
  2
AcDbDs::ID
280
    10
320
73
  2
Thumbnail_Data
280
    15
 94
     2119
310
89504E470D0A1A0A0000000D49484452000001000000006A080300000064B47FDC00000300504C5445212830FFFFFF2128300000000000000000000000000000000000000000000000000000330000660000990000CC0000FF0033000033330033660033990033CC0033FF0066000066330066660066990066CC0066FF0099
310
000099330099660099990099CC0099FF00CC0000CC3300CC6600CC9900CCCC00CCFF00FF0000FF3300FF6600FF9900FFCC00FFFF3300003300333300663300993300CC3300FF3333003333333333663333993333CC3333FF3366003366333366663366993366CC3366FF3399003399333399663399993399CC3399FF33CC00
310
33CC3333CC6633CC9933CCCC33CCFF33FF0033FF3333FF6633FF9933FFCC33FFFF6600006600336600666600996600CC6600FF6633006633336633666633996633CC6633FF6666006666336666666666996666CC6666FF6699006699336699666699996699CC6699FF66CC0066CC3366CC6666CC9966CCCC66CCFF66FF0066
310
FF3366FF6666FF9966FFCC66FFFF9900009900339900669900999900CC9900FF9933009933339933669933999933CC9933FF9966009966339966669966999966CC9966FF9999009999339999669999999999CC9999FF99CC0099CC3399CC6699CC9999CCCC99CCFF99FF0099FF3399FF6699FF9999FFCC99FFFFCC0000CC00
310
33CC0066CC0099CC00CCCC00FFCC3300CC3333CC3366CC3399CC33CCCC33FFCC6600CC6633CC6666CC6699CC66CCCC66FFCC9900CC9933CC9966CC9999CC99CCCC99FFCCCC00CCCC33CCCC66CCCC99CCCCCCCCCCFFCCFF00CCFF33CCFF66CCFF99CCFFCCCCFFFFFF0000FF0033FF0066FF0099FF00CCFF00FFFF3300FF3333
310
FF3366FF3399FF33CCFF33FFFF6600FF6633FF6666FF6699FF66CCFF66FFFF9900FF9933FF9966FF9999FF99CCFF99FFFFCC00FFCC33FFCC66FFCC99FFCCCCFFCCFFFFFF00FFFF33FFFF66FFFF99FFFFCCFFFFFF0000000D0D0D1A1A1A2828283535354343435050505D5D5D6B6B6B787878868686939393A1A1A1AEAEAEBB
310
BBBBC9C9C9D6D6D6E4E4E4F1F1F1FFFFFF0000000000000000000000000000000000000000000000000000000000002E4550F1000001ED4944415478DAED9CD17183300C40B544C6C802CCC1BC1E8031D841FF4D6A486CE2828F1A82ADF7EE7A8D7D6A737A112051AE2227A18784C6C1BAF79720000000000000000000E09B
310
F47D6F3BFFE9CBB400CB06FADF63A0A7022C9F03C5F859508CA70F0074C274C2A605F4A63BC1A913B63D0BD009D309030000C300C380E561C07401705B9C6180610000A025F4897F35AF545762E515DB9A007DBCCC17A0E1AA7E014B72629B12F0FA580D56C0FFD4B555012B5BABFBB51B104D1FE99BA12E64C73BDF3D5713
310
A039025C9D02D205FC4701A462E3842B1420A9BCBA9847C8388E4F03DD9228E3FB7DB12C4DC1CBFA2ADD4E0107A45C4240C10AE8B62AA04201E98B5BBCFF1210A88943D7BBA5AA1AE0E435EFBD150B887AE066047C5640D0F058A880D37FB8050100D79F6F7C954773BBCE5BD27CE9FB9945FDF770E137B4F9FF65347DE23A
310
09986B4183A2A0025A3F03CC9987B520734970F90300000028D171678626BAAF61A2DEF4B76EA92CEE216A5302B61E25881D692AD1EF0828350768868177C0B087838EDA7202C6F9CF079B02861305E8794C0232188C56C0C7D1FE750165CF015E4056F4850414BF0C1CF6064E6A30705CFAEEF2020EC5D916B0FBA19B96D2
310
372BE05F8F5DB594BEBBD94EDFC9CD74FE8FD54D468FCDF40301A3C9F49FD49E7FCE2D8395F4E5070AD5B88BDE18840C0000000049454E44AE42608200000000801C6E8612F7710100000000000000A00E000000000000009C0CC09FAF8100000000000080B2019CEB4B55EF0670B66F950500007601F89C0A005703F031D1
310
0501B431803FAA037E016F07746F071FC6F80000000049454E44AE426082426082FC71672F0DE7DC054A2C9E9C0086C0DD3D20850061083004B80BC4F64A86C03021F003BE255289309932600000000049454E44AE426082C48C685939C7D8DFDF1D7B400B793D80AE6340CBD2B17880001000024000481E2000640A080001
310
2000048000E81540B9EF31DC15C01E9B534DC5036EE501CBAF21A55CD1F2E3412D1E028A07348B01D11784AEC403DEEC01B20ABCC803486280C400F180077B806C870580001000024000080001200004C0BB01DC63175013004784420A433C40003C720A583F09BFD43C569D4F7E47B484FC0292A565FCAE087DF300000000
310
49454E44AE4260820148AF68020000000049454E44AE42608221E068E5A8ADF8AA03FC3BAFB0A906C4E1EB51498DE30D2BD7B55BCC83C2C1D625EB0B5816DF6B4978A6C70000000049454E44AE426082F40F0014D559AFAB09FAF5004D40CAB6621F19C065BF81A806C0CEF469B1AF63FD7E452800201DFB9AD54F5D8F0200
310
48BBDE0800D18E03B8FA9D875023C9D0F2F8EE1372E4EF0034A43F0E2052128309A79C853F04A025FDF17C350AC032B5F01FDBF5FAAB95C49C820351BE4340B4B500243C205C113A90BF3DE0D08FFE44C9C602606DC064413C9A7C859FF0C0763700E99AD5FEA73A7EA12117406BFF0C637B0AF0BC24ACF6BFA5B98C9EF200
310
662D0BA16F336357EF766BA7F6F600860D1B36EC9DEC41FC8C78FA630018000680CE0084ECBD3C406AB6F5D32930013C9A05001D0378F0AC6E0869D603A456DFCF8BBBD22100B0FD9CED373107EA310640491084BB0541F91A7A04C0F6617B2E9837702F0F382B08C21D8260D566FA8B0195ADD720E8CF0E6E1FFB0600370E
310
828D75E58C56FF0369C962DB6F86A4170000000049454E44AE42608239111A8100D207F04E7960023C8D7CC78B4A9BD40BEF9AF73FCF73D4D1C20F30D90000000049454E44AE42608224D70000000049454E44AE426082
  0
ACDSRECORD
 90
        0
  2
AcDbDs::ID
280
    10
320
CC9B
  2
Thumbnail_Data
280
    15
 94
     2653
310
89504E470D0A1A0A0000000D4948445200000100000000B408030000004C80028300000300504C5445FFFFFFFFFFFFFFFFFF0000000000000000000000000000000000000000000000000000330000660000990000CC0000FF0033000033330033660033990033CC0033FF0066000066330066660066990066CC0066FF0099
310
000099330099660099990099CC0099FF00CC0000CC3300CC6600CC9900CCCC00CCFF00FF0000FF3300FF6600FF9900FFCC00FFFF3300003300333300663300993300CC3300FF3333003333333333663333993333CC3333FF3366003366333366663366993366CC3366FF3399003399333399663399993399CC3399FF33CC00
310
33CC3333CC6633CC9933CCCC33CCFF33FF0033FF3333FF6633FF9933FFCC33FFFF6600006600336600666600996600CC6600FF6633006633336633666633996633CC6633FF6666006666336666666666996666CC6666FF6699006699336699666699996699CC6699FF66CC0066CC3366CC6666CC9966CCCC66CCFF66FF0066
310
FF3366FF6666FF9966FFCC66FFFF9900009900339900669900999900CC9900FF9933009933339933669933999933CC9933FF9966009966339966669966999966CC9966FF9999009999339999669999999999CC9999FF99CC0099CC3399CC6699CC9999CCCC99CCFF99FF0099FF3399FF6699FF9999FFCC99FFFFCC0000CC00
310
33CC0066CC0099CC00CCCC00FFCC3300CC3333CC3366CC3399CC33CCCC33FFCC6600CC6633CC6666CC6699CC66CCCC66FFCC9900CC9933CC9966CC9999CC99CCCC99FFCCCC00CCCC33CCCC66CCCC99CCCCCCCCCCFFCCFF00CCFF33CCFF66CCFF99CCFFCCCCFFFFFF0000FF0033FF0066FF0099FF00CCFF00FFFF3300FF3333
310
FF3366FF3399FF33CCFF33FFFF6600FF6633FF6666FF6699FF66CCFF66FFFF9900FF9933FF9966FF9999FF99CCFF99FFFFCC00FFCC33FFCC66FFCC99FFCCCCFFCCFFFFFF00FFFF33FFFF66FFFF99FFFFCCFFFFFF0000000D0D0D1A1A1A2828283535354343435050505D5D5D6B6B6B787878868686939393A1A1A1AEAEAEBB
310
BBBBC9C9C9D6D6D6E4E4E4F1F1F1FFFFFF000000000000000000000000000000000000000000000000000000000000AD4AB4E4000004844944415478DAED9D4B96AB2010866B633DBBFB5F414635EC93A9F3DBC9F151608180A060FDF4E918238A7CD6130D21FE355CF8FD26365D3E00A866E15B77CF6E0E003C00B6C45F03
310
E0034ADC96B99572F6F52B47B7C656953D8F00502300DC0C40B4035100B348D8D182A0045C6C866EB07CA2A7002000AC52010930510020EC0520010060130054608E16CD00D0932166AB0096F4D00C80603A0C2F002F00090000E40290000080178004184D86CC86C2F00250017801A80000201780040000000000000000B2
310
418BD9200000409A0D7008ED569647F0BC86B667F3D66AEBBEDBC7CEE7EB61967B96A13E8815D64FACAE114C01C03D006000300EA03F15A0EA00E80E09F01EA14F07B0563E00B07272DAD0FB730F80D0CA7CF27B2FB07492B736361C2439886A02C0AE55AD79F6A4B15D281C0540F900480A825B0D0000604400FAD776BC9E
310
C96A72590EC037C83700A09B0144BFFC0400180FA8950D62480C000000007AB56AE6013024605800CA600E7BF9F2517C3BBA0AB823409FE59407409E3953BB21B15AEA7AF997E53B970071FD998A5420F3CCFB02200700D56E26E9B73740C8C300A8957F7963A265005A6683CA6561DF5C9D69DF33825C940D26DC51C81B7E
310
3E38F89E085792802315603A0140F8EAF43366EDCE69ACFE540CA0CD78C0D2E9EFDB898B0CAF8359774E5BFFF904809A71C04326CDA9E30578BD78E29E5F76B0BEF3F09B41E413D6E08A38A0D84409731F3AC669FFD30C404C926E73FA8302683AE8DC7B287C0661203EE6681C10BD70AD00447A786403B225E77200A18714
310
8475DFB7B5C54C4AA59C204A6F4E03909A39210EA8A302CC298E93BD475E8A1BE1F0917A3482CC47F9BEAE36F12C2A30DF4B7F00F4DEFA972D25FF529D339DC9242580048D29BDFA5AFEBB034025435DEA91B313D34502A4FDCCEB3D7BF6FDD81F26A8C0155196AB022C2E1827EAB59FE473917FAB6B6FAE0330A90EFF4CA8
310
737596910140F5ABD374D20FDF5D3C00BC3DCC1AD45D6269DCB4E14C6E9FF0DC08C015B5BD8977860A1F0DE019050000000000000000600FC0E8B3C24202AC038004C00802000064EBD2884303F500C46C4CC60E90000018580576FFF31BE6400548C0D3258020013082308283AA40F6151A5602900D221902000000000000
310
00000000000000000000DC1BDC0010EE0EDB0600230800000000000000F77BA82BBE4AD92F804A75C69580CFCBBFB588B79FB52880F4FB30FD032000300EE06729F4F737BFF9BE5AB1014BB7BF4BFAD978B405D04336B84900892B5F5B023ACE06671B60D80D5EF19441DF36E0B8F30000004F77832153002368271B4C9380
310
C387F2433F7E357A3A7C600C8A01741309D65313CDC812F77C672819409A0A84BD8C5900CB84A0F002968CA0E246C68D04F98C943C0A40990D182514AEA5020885C7338209673F4F76F022571DDCCE8949DEF6539FF50440FD7DBEB815FB5BBEF8F5570C03E02F04F91BBD2232DAE2FA116C803A3768DC8DCD8B17D50470D6
310
C38E36D16E605255D71C256ECBDC4A39FBFA9539417CD45565CF2300D40800370310ED400A00534501704D18D76EF7FC90E303E0B766E15B77CF6E2E30B1B2A1F27EFF07ABA86DFF08BEC3F90000000049454E44AE42608254756B8E12F765EEA59C63BD75B809E2A36E2A47EE01A04A00B81A80680752000C551400E78471
310
35EFF8E4861C1F00BF96852F3D3CBBB9C08395072ACFE71F5F52143F5089CABC0000000049454E44AE426082820F37417DC44DE1CC3D00540900570310152005C0504500F09E6E5CCD273EDA2EC704E0B764E1534F575717585879A072BFFF07CFD5745C24C4630D0000000049454E44AE426082AE4260821F3436438D0BBE
310
40760000000049454E44AE426082061E6CD60020BD9AC6D3111EC4B7220580ACE50E80DFA00DDEBDF8700AE0234DF6DEF21FC047F8F20F29E95FFF8A3A351D0000000049454E44AE426082B3023A0298BAA06B014F70EA26BBF8EFD757A81EA1272851C0E0125700F869292F70402459BCC1D767024853B820BDBEB72400A8
310
B601F301B8B47DFDBDD2D79DB7BBC1DD56DC1502003867E92CB0375545AD913D889B55FAA1124B1C259E62DD0020BD9BC6D3119EE38F8204C0595B0C40DFA00D3EBDF8E70CC0D769B247DB7F005F876FFF008AEF5D7FEC3BF1A70000000049454E44AE426082814E94A81F55755A239909EFD545F4993BC9F5DF1C5003207E
310
18C7D3119EA273C1013057F201B43768834FCFBE9D00F8994DF64EFA03F03379FA0F38D9C4AF2C87FF6F0000000049454E44AE4260826EDC199B004AFBB3D6D1E3FB1C0CE00FA6A226BB468FB71780BFC1ED3F8EB3913D4E59C6040000000049454E44AE426082880000000049454E44AE4260820049454E44AE4260828804
310
40A882B3DED1732B4A16100C007DA554D779B91D0ED5EFF601902C34346001100A80130DD00350F6DA61C9F74CA1874AF45489CC9B215A447305707FF4450F817200800A80DCCB15C09F82CB1540D1E5FBFB2F139EC5F796F51D860000000049454E44AE426082000049454E44AE426082
  0
ENDSEC
  0
EOF
